[2026-04-20T13:04:10.527+0000] {manager.py:470} INFO - Processing files using up to 1 processes at a time 
[2026-04-20T13:04:10.529+0000] {manager.py:471} INFO - Process each file at most once every 30 seconds
[2026-04-20T13:04:10.530+0000] {manager.py:472} INFO - Checking for new files in /opt/airflow/dags every 300 seconds
[2026-04-20T13:04:10.531+0000] {manager.py:737} INFO - Searching for files in /opt/airflow/dags
[2026-04-20T13:04:10.567+0000] {manager.py:740} INFO - There are 1 files in /opt/airflow/dags
[2026-04-20T13:04:11.781+0000] {manager.py:878} INFO - 
================================================================================
DAG File Processing Stats

File Path                                 PID    Runtime      # DAGs    # Errors  Last Runtime    Last Run
----------------------------------------  -----  ---------  --------  ----------  --------------  -------------------
/opt/airflow/dags/mlops_orchestration.py                           1           0  0.61s           2026-04-20T13:04:11
================================================================================
[2026-04-20T13:04:42.850+0000] {manager.py:878} INFO - 
================================================================================
DAG File Processing Stats

File Path                                 PID    Runtime      # DAGs    # Errors  Last Runtime    Last Run
----------------------------------------  -----  ---------  --------  ----------  --------------  -------------------
/opt/airflow/dags/mlops_orchestration.py                           1           0  0.21s           2026-04-20T13:04:42
================================================================================
[2026-04-20T13:05:13.427+0000] {manager.py:878} INFO - 
================================================================================
DAG File Processing Stats

File Path                                 PID    Runtime      # DAGs    # Errors  Last Runtime    Last Run
----------------------------------------  -----  ---------  --------  ----------  --------------  -------------------
/opt/airflow/dags/mlops_orchestration.py                           1           0  0.21s           2026-04-20T13:05:13
================================================================================
[2026-04-20T13:05:43.734+0000] {manager.py:878} INFO - 
================================================================================
DAG File Processing Stats

File Path                                 PID    Runtime      # DAGs    # Errors  Last Runtime    Last Run
----------------------------------------  -----  ---------  --------  ----------  --------------  -------------------
/opt/airflow/dags/mlops_orchestration.py                           1           0  0.21s           2026-04-20T13:05:43
================================================================================
[2026-04-20T13:06:14.037+0000] {manager.py:878} INFO - 
================================================================================
DAG File Processing Stats

File Path                                 PID    Runtime      # DAGs    # Errors  Last Runtime    Last Run
----------------------------------------  -----  ---------  --------  ----------  --------------  -------------------
/opt/airflow/dags/mlops_orchestration.py                           1           0  0.21s           2026-04-20T13:06:14
================================================================================
[2026-04-20T13:06:44.359+0000] {manager.py:878} INFO - 
================================================================================
DAG File Processing Stats

File Path                                 PID    Runtime      # DAGs    # Errors  Last Runtime    Last Run
----------------------------------------  -----  ---------  --------  ----------  --------------  -------------------
/opt/airflow/dags/mlops_orchestration.py                           1           0  0.21s           2026-04-20T13:06:44
================================================================================
[2026-04-20T13:07:14.726+0000] {manager.py:878} INFO - 
================================================================================
DAG File Processing Stats

File Path                                 PID    Runtime      # DAGs    # Errors  Last Runtime    Last Run
----------------------------------------  -----  ---------  --------  ----------  --------------  -------------------
/opt/airflow/dags/mlops_orchestration.py                           1           0  0.21s           2026-04-20T13:07:14
================================================================================
[2026-04-20T13:07:45.066+0000] {manager.py:878} INFO - 
================================================================================
DAG File Processing Stats

File Path                                 PID    Runtime      # DAGs    # Errors  Last Runtime    Last Run
----------------------------------------  -----  ---------  --------  ----------  --------------  -------------------
/opt/airflow/dags/mlops_orchestration.py                           1           0  0.21s           2026-04-20T13:07:45
================================================================================
[2026-04-20T13:08:15.255+0000] {manager.py:878} INFO - 
================================================================================
DAG File Processing Stats

File Path                                 PID    Runtime      # DAGs    # Errors  Last Runtime    Last Run
----------------------------------------  -----  ---------  --------  ----------  --------------  -------------------
/opt/airflow/dags/mlops_orchestration.py                           1           0  0.11s           2026-04-20T13:08:15
================================================================================
[2026-04-20T13:08:33.043+0000] {manager.py:452} INFO - Exiting gracefully upon receiving signal 15
[2026-04-20T13:09:04.525+0000] {manager.py:470} INFO - Processing files using up to 1 processes at a time 
[2026-04-20T13:09:04.526+0000] {manager.py:471} INFO - Process each file at most once every 30 seconds
[2026-04-20T13:09:04.527+0000] {manager.py:472} INFO - Checking for new files in /opt/airflow/dags every 300 seconds
[2026-04-20T13:09:04.528+0000] {manager.py:737} INFO - Searching for files in /opt/airflow/dags
[2026-04-20T13:09:04.562+0000] {manager.py:740} INFO - There are 1 files in /opt/airflow/dags
[2026-04-20T13:09:05.377+0000] {manager.py:878} INFO - 
================================================================================
DAG File Processing Stats

File Path                                 PID    Runtime      # DAGs    # Errors  Last Runtime    Last Run
----------------------------------------  -----  ---------  --------  ----------  --------------  -------------------
/opt/airflow/dags/mlops_orchestration.py                           1           0  0.34s           2026-04-20T13:09:05
================================================================================
[2026-04-20T13:09:35.980+0000] {manager.py:878} INFO - 
================================================================================
DAG File Processing Stats

File Path                                 PID    Runtime      # DAGs    # Errors  Last Runtime    Last Run
----------------------------------------  -----  ---------  --------  ----------  --------------  -------------------
/opt/airflow/dags/mlops_orchestration.py                           1           0  0.21s           2026-04-20T13:09:35
================================================================================
[2026-04-20T13:10:06.222+0000] {manager.py:878} INFO - 
================================================================================
DAG File Processing Stats

File Path                                 PID    Runtime      # DAGs    # Errors  Last Runtime    Last Run
----------------------------------------  -----  ---------  --------  ----------  --------------  -------------------
/opt/airflow/dags/mlops_orchestration.py                           1           0  0.21s           2026-04-20T13:10:06
================================================================================
[2026-04-20T13:10:36.477+0000] {manager.py:878} INFO - 
================================================================================
DAG File Processing Stats

File Path                                 PID    Runtime      # DAGs    # Errors  Last Runtime    Last Run
----------------------------------------  -----  ---------  --------  ----------  --------------  -------------------
/opt/airflow/dags/mlops_orchestration.py                           1           0  0.21s           2026-04-20T13:10:36
================================================================================
[2026-04-20T13:11:06.714+0000] {manager.py:878} INFO - 
================================================================================
DAG File Processing Stats

File Path                                 PID    Runtime      # DAGs    # Errors  Last Runtime    Last Run
----------------------------------------  -----  ---------  --------  ----------  --------------  -------------------
/opt/airflow/dags/mlops_orchestration.py                           1           0  0.21s           2026-04-20T13:11:06
================================================================================
[2026-04-20T13:11:36.945+0000] {manager.py:878} INFO - 
================================================================================
DAG File Processing Stats

File Path                                 PID    Runtime      # DAGs    # Errors  Last Runtime    Last Run
----------------------------------------  -----  ---------  --------  ----------  --------------  -------------------
/opt/airflow/dags/mlops_orchestration.py                           1           0  0.21s           2026-04-20T13:11:36
================================================================================
[2026-04-20T13:12:07.185+0000] {manager.py:878} INFO - 
================================================================================
DAG File Processing Stats

File Path                                 PID    Runtime      # DAGs    # Errors  Last Runtime    Last Run
----------------------------------------  -----  ---------  --------  ----------  --------------  -------------------
/opt/airflow/dags/mlops_orchestration.py                           1           0  0.21s           2026-04-20T13:12:07
================================================================================
[2026-04-20T13:12:38.418+0000] {manager.py:878} INFO - 
================================================================================
DAG File Processing Stats

File Path                                 PID    Runtime      # DAGs    # Errors  Last Runtime    Last Run
----------------------------------------  -----  ---------  --------  ----------  --------------  -------------------
/opt/airflow/dags/mlops_orchestration.py                           1           0  0.21s           2026-04-20T13:12:38
================================================================================
[2026-04-20T13:13:08.645+0000] {manager.py:878} INFO - 
================================================================================
DAG File Processing Stats

File Path                                 PID    Runtime      # DAGs    # Errors  Last Runtime    Last Run
----------------------------------------  -----  ---------  --------  ----------  --------------  -------------------
/opt/airflow/dags/mlops_orchestration.py                           1           0  0.21s           2026-04-20T13:13:08
================================================================================
[2026-04-20T13:13:38.877+0000] {manager.py:878} INFO - 
================================================================================
DAG File Processing Stats

File Path                                 PID    Runtime      # DAGs    # Errors  Last Runtime    Last Run
----------------------------------------  -----  ---------  --------  ----------  --------------  -------------------
/opt/airflow/dags/mlops_orchestration.py                           1           0  0.21s           2026-04-20T13:13:38
================================================================================
[2026-04-20T13:14:04.606+0000] {manager.py:737} INFO - Searching for files in /opt/airflow/dags
[2026-04-20T13:14:04.626+0000] {manager.py:740} INFO - There are 1 files in /opt/airflow/dags
[2026-04-20T13:14:09.096+0000] {manager.py:878} INFO - 
================================================================================
DAG File Processing Stats

File Path                                 PID    Runtime      # DAGs    # Errors  Last Runtime    Last Run
----------------------------------------  -----  ---------  --------  ----------  --------------  -------------------
/opt/airflow/dags/mlops_orchestration.py                           1           0  0.21s           2026-04-20T13:14:09
================================================================================
[2026-04-20T13:14:39.381+0000] {manager.py:878} INFO - 
================================================================================
DAG File Processing Stats

File Path                                 PID    Runtime      # DAGs    # Errors  Last Runtime    Last Run
----------------------------------------  -----  ---------  --------  ----------  --------------  -------------------
/opt/airflow/dags/mlops_orchestration.py                           1           0  0.21s           2026-04-20T13:14:39
================================================================================
[2026-04-20T13:15:09.621+0000] {manager.py:878} INFO - 
================================================================================
DAG File Processing Stats

File Path                                 PID    Runtime      # DAGs    # Errors  Last Runtime    Last Run
----------------------------------------  -----  ---------  --------  ----------  --------------  -------------------
/opt/airflow/dags/mlops_orchestration.py                           1           0  0.21s           2026-04-20T13:15:09
================================================================================
[2026-04-20T13:15:40.865+0000] {manager.py:878} INFO - 
================================================================================
DAG File Processing Stats

File Path                                 PID    Runtime      # DAGs    # Errors  Last Runtime    Last Run
----------------------------------------  -----  ---------  --------  ----------  --------------  -------------------
/opt/airflow/dags/mlops_orchestration.py                           1           0  0.21s           2026-04-20T13:15:40
================================================================================
[2026-04-20T13:16:11.081+0000] {manager.py:878} INFO - 
================================================================================
DAG File Processing Stats

File Path                                 PID    Runtime      # DAGs    # Errors  Last Runtime    Last Run
----------------------------------------  -----  ---------  --------  ----------  --------------  -------------------
/opt/airflow/dags/mlops_orchestration.py                           1           0  0.21s           2026-04-20T13:16:11
================================================================================
[2026-04-20T13:16:42.354+0000] {manager.py:878} INFO - 
================================================================================
DAG File Processing Stats

File Path                                 PID    Runtime      # DAGs    # Errors  Last Runtime    Last Run
----------------------------------------  -----  ---------  --------  ----------  --------------  -------------------
/opt/airflow/dags/mlops_orchestration.py                           1           0  0.21s           2026-04-20T13:16:42
================================================================================
[2026-04-20T13:17:13.447+0000] {manager.py:878} INFO - 
================================================================================
DAG File Processing Stats

File Path                                 PID    Runtime      # DAGs    # Errors  Last Runtime    Last Run
----------------------------------------  -----  ---------  --------  ----------  --------------  -------------------
/opt/airflow/dags/mlops_orchestration.py                           1           0  0.21s           2026-04-20T13:17:13
================================================================================
[2026-04-20T13:17:43.980+0000] {manager.py:878} INFO - 
================================================================================
DAG File Processing Stats

File Path                                 PID    Runtime      # DAGs    # Errors  Last Runtime    Last Run
----------------------------------------  -----  ---------  --------  ----------  --------------  -------------------
/opt/airflow/dags/mlops_orchestration.py                           1           0  0.31s           2026-04-20T13:17:43
================================================================================
[2026-04-20T13:18:14.455+0000] {manager.py:878} INFO - 
================================================================================
DAG File Processing Stats

File Path                                 PID    Runtime      # DAGs    # Errors  Last Runtime    Last Run
----------------------------------------  -----  ---------  --------  ----------  --------------  -------------------
/opt/airflow/dags/mlops_orchestration.py                           1           0  0.21s           2026-04-20T13:18:14
================================================================================
[2026-04-20T13:18:45.012+0000] {manager.py:878} INFO - 
================================================================================
DAG File Processing Stats

File Path                                 PID    Runtime      # DAGs    # Errors  Last Runtime    Last Run
----------------------------------------  -----  ---------  --------  ----------  --------------  -------------------
/opt/airflow/dags/mlops_orchestration.py                           1           0  0.31s           2026-04-20T13:18:45
================================================================================
[2026-04-20T13:19:04.766+0000] {manager.py:737} INFO - Searching for files in /opt/airflow/dags
[2026-04-20T13:19:04.791+0000] {manager.py:740} INFO - There are 1 files in /opt/airflow/dags
[2026-04-20T13:19:15.462+0000] {manager.py:878} INFO - 
================================================================================
DAG File Processing Stats

File Path                                 PID    Runtime      # DAGs    # Errors  Last Runtime    Last Run
----------------------------------------  -----  ---------  --------  ----------  --------------  -------------------
/opt/airflow/dags/mlops_orchestration.py                           1           0  0.21s           2026-04-20T13:19:15
================================================================================
[2026-04-20T13:19:45.905+0000] {manager.py:878} INFO - 
================================================================================
DAG File Processing Stats

File Path                                 PID    Runtime      # DAGs    # Errors  Last Runtime    Last Run
----------------------------------------  -----  ---------  --------  ----------  --------------  -------------------
/opt/airflow/dags/mlops_orchestration.py                           1           0  0.21s           2026-04-20T13:19:45
================================================================================
[2026-04-20T13:20:16.492+0000] {manager.py:878} INFO - 
================================================================================
DAG File Processing Stats

File Path                                 PID    Runtime      # DAGs    # Errors  Last Runtime    Last Run
----------------------------------------  -----  ---------  --------  ----------  --------------  -------------------
/opt/airflow/dags/mlops_orchestration.py                           1           0  0.31s           2026-04-20T13:20:16
================================================================================
[2026-04-20T13:20:46.850+0000] {manager.py:878} INFO - 
================================================================================
DAG File Processing Stats

File Path                                 PID    Runtime      # DAGs    # Errors  Last Runtime    Last Run
----------------------------------------  -----  ---------  --------  ----------  --------------  -------------------
/opt/airflow/dags/mlops_orchestration.py                           1           0  0.21s           2026-04-20T13:20:46
================================================================================
[2026-04-20T13:21:17.174+0000] {manager.py:878} INFO - 
================================================================================
DAG File Processing Stats

File Path                                 PID    Runtime      # DAGs    # Errors  Last Runtime    Last Run
----------------------------------------  -----  ---------  --------  ----------  --------------  -------------------
/opt/airflow/dags/mlops_orchestration.py                           1           0  0.21s           2026-04-20T13:21:17
================================================================================
[2026-04-20T13:21:47.486+0000] {manager.py:878} INFO - 
================================================================================
DAG File Processing Stats

File Path                                 PID    Runtime      # DAGs    # Errors  Last Runtime    Last Run
----------------------------------------  -----  ---------  --------  ----------  --------------  -------------------
/opt/airflow/dags/mlops_orchestration.py                           1           0  0.21s           2026-04-20T13:21:47
================================================================================
[2026-04-20T13:22:17.808+0000] {manager.py:878} INFO - 
================================================================================
DAG File Processing Stats

File Path                                 PID    Runtime      # DAGs    # Errors  Last Runtime    Last Run
----------------------------------------  -----  ---------  --------  ----------  --------------  -------------------
/opt/airflow/dags/mlops_orchestration.py                           1           0  0.21s           2026-04-20T13:22:17
================================================================================
[2026-04-20T13:22:48.134+0000] {manager.py:878} INFO - 
================================================================================
DAG File Processing Stats

File Path                                 PID    Runtime      # DAGs    # Errors  Last Runtime    Last Run
----------------------------------------  -----  ---------  --------  ----------  --------------  -------------------
/opt/airflow/dags/mlops_orchestration.py                           1           0  0.21s           2026-04-20T13:22:48
================================================================================
[2026-04-20T13:23:18.450+0000] {manager.py:878} INFO - 
================================================================================
DAG File Processing Stats

File Path                                 PID    Runtime      # DAGs    # Errors  Last Runtime    Last Run
----------------------------------------  -----  ---------  --------  ----------  --------------  -------------------
/opt/airflow/dags/mlops_orchestration.py                           1           0  0.21s           2026-04-20T13:23:18
================================================================================
[2026-04-20T13:23:48.767+0000] {manager.py:878} INFO - 
================================================================================
DAG File Processing Stats

File Path                                 PID    Runtime      # DAGs    # Errors  Last Runtime    Last Run
----------------------------------------  -----  ---------  --------  ----------  --------------  -------------------
/opt/airflow/dags/mlops_orchestration.py                           1           0  0.21s           2026-04-20T13:23:48
================================================================================
[2026-04-20T13:24:04.948+0000] {manager.py:737} INFO - Searching for files in /opt/airflow/dags
[2026-04-20T13:24:04.983+0000] {manager.py:740} INFO - There are 1 files in /opt/airflow/dags
[2026-04-20T13:24:18.980+0000] {manager.py:878} INFO - 
================================================================================
DAG File Processing Stats

File Path                                 PID    Runtime      # DAGs    # Errors  Last Runtime    Last Run
----------------------------------------  -----  ---------  --------  ----------  --------------  -------------------
/opt/airflow/dags/mlops_orchestration.py                           1           0  0.11s           2026-04-20T13:24:18
================================================================================
[2026-04-20T13:24:49.392+0000] {manager.py:878} INFO - 
================================================================================
DAG File Processing Stats

File Path                                 PID    Runtime      # DAGs    # Errors  Last Runtime    Last Run
----------------------------------------  -----  ---------  --------  ----------  --------------  -------------------
/opt/airflow/dags/mlops_orchestration.py                           1           0  0.31s           2026-04-20T13:24:49
================================================================================
[2026-04-20T13:25:19.715+0000] {manager.py:878} INFO - 
================================================================================
DAG File Processing Stats

File Path                                 PID    Runtime      # DAGs    # Errors  Last Runtime    Last Run
----------------------------------------  -----  ---------  --------  ----------  --------------  -------------------
/opt/airflow/dags/mlops_orchestration.py                           1           0  0.21s           2026-04-20T13:25:19
================================================================================
[2026-04-20T13:25:50.052+0000] {manager.py:878} INFO - 
================================================================================
DAG File Processing Stats

File Path                                 PID    Runtime      # DAGs    # Errors  Last Runtime    Last Run
----------------------------------------  -----  ---------  --------  ----------  --------------  -------------------
/opt/airflow/dags/mlops_orchestration.py                           1           0  0.21s           2026-04-20T13:25:50
================================================================================
[2026-04-20T13:26:20.373+0000] {manager.py:878} INFO - 
================================================================================
DAG File Processing Stats

File Path                                 PID    Runtime      # DAGs    # Errors  Last Runtime    Last Run
----------------------------------------  -----  ---------  --------  ----------  --------------  -------------------
/opt/airflow/dags/mlops_orchestration.py                           1           0  0.21s           2026-04-20T13:26:20
================================================================================
[2026-04-20T13:26:51.136+0000] {manager.py:878} INFO - 
================================================================================
DAG File Processing Stats

File Path                                 PID    Runtime      # DAGs    # Errors  Last Runtime    Last Run
----------------------------------------  -----  ---------  --------  ----------  --------------  -------------------
/opt/airflow/dags/mlops_orchestration.py                           1           0  0.64s           2026-04-20T13:26:51
================================================================================
[2026-04-20T13:27:22.342+0000] {manager.py:878} INFO - 
================================================================================
DAG File Processing Stats

File Path                                 PID    Runtime      # DAGs    # Errors  Last Runtime    Last Run
----------------------------------------  -----  ---------  --------  ----------  --------------  -------------------
/opt/airflow/dags/mlops_orchestration.py                           1           0  1.03s           2026-04-20T13:27:22
================================================================================
[2026-04-20T13:27:53.034+0000] {manager.py:878} INFO - 
================================================================================
DAG File Processing Stats

File Path                                 PID    Runtime      # DAGs    # Errors  Last Runtime    Last Run
----------------------------------------  -----  ---------  --------  ----------  --------------  -------------------
/opt/airflow/dags/mlops_orchestration.py                           1           0  0.61s           2026-04-20T13:27:53
================================================================================
[2026-04-20T13:28:23.813+0000] {manager.py:878} INFO - 
================================================================================
DAG File Processing Stats

File Path                                 PID    Runtime      # DAGs    # Errors  Last Runtime    Last Run
----------------------------------------  -----  ---------  --------  ----------  --------------  -------------------
/opt/airflow/dags/mlops_orchestration.py                           1           0  0.72s           2026-04-20T13:28:23
================================================================================
[2026-04-20T13:28:54.089+0000] {manager.py:878} INFO - 
================================================================================
DAG File Processing Stats

File Path                                 PID    Runtime      # DAGs    # Errors  Last Runtime    Last Run
----------------------------------------  -----  ---------  --------  ----------  --------------  -------------------
/opt/airflow/dags/mlops_orchestration.py                           1           0  0.21s           2026-04-20T13:28:54
================================================================================
[2026-04-20T13:29:05.129+0000] {manager.py:737} INFO - Searching for files in /opt/airflow/dags
[2026-04-20T13:29:05.175+0000] {manager.py:740} INFO - There are 1 files in /opt/airflow/dags
[2026-04-20T13:29:24.460+0000] {manager.py:878} INFO - 
================================================================================
DAG File Processing Stats

File Path                                 PID    Runtime      # DAGs    # Errors  Last Runtime    Last Run
----------------------------------------  -----  ---------  --------  ----------  --------------  -------------------
/opt/airflow/dags/mlops_orchestration.py                           1           0  0.31s           2026-04-20T13:29:24
================================================================================
[2026-04-20T13:29:54.740+0000] {manager.py:878} INFO - 
================================================================================
DAG File Processing Stats

File Path                                 PID    Runtime      # DAGs    # Errors  Last Runtime    Last Run
----------------------------------------  -----  ---------  --------  ----------  --------------  -------------------
/opt/airflow/dags/mlops_orchestration.py                           1           0  0.21s           2026-04-20T13:29:54
================================================================================
[2026-04-20T13:30:25.007+0000] {manager.py:878} INFO - 
================================================================================
DAG File Processing Stats

File Path                                 PID    Runtime      # DAGs    # Errors  Last Runtime    Last Run
----------------------------------------  -----  ---------  --------  ----------  --------------  -------------------
/opt/airflow/dags/mlops_orchestration.py                           1           0  0.21s           2026-04-20T13:30:25
================================================================================
[2026-04-20T13:30:55.588+0000] {manager.py:878} INFO - 
================================================================================
DAG File Processing Stats

File Path                                 PID    Runtime      # DAGs    # Errors  Last Runtime    Last Run
----------------------------------------  -----  ---------  --------  ----------  --------------  -------------------
/opt/airflow/dags/mlops_orchestration.py                           1           0  0.51s           2026-04-20T13:30:55
================================================================================
[2026-04-20T13:31:25.899+0000] {manager.py:878} INFO - 
================================================================================
DAG File Processing Stats

File Path                                 PID    Runtime      # DAGs    # Errors  Last Runtime    Last Run
----------------------------------------  -----  ---------  --------  ----------  --------------  -------------------
/opt/airflow/dags/mlops_orchestration.py                           1           0  0.21s           2026-04-20T13:31:25
================================================================================
[2026-04-20T13:31:56.813+0000] {manager.py:878} INFO - 
================================================================================
DAG File Processing Stats

File Path                                 PID    Runtime      # DAGs    # Errors  Last Runtime    Last Run
----------------------------------------  -----  ---------  --------  ----------  --------------  -------------------
/opt/airflow/dags/mlops_orchestration.py                           1           0  0.73s           2026-04-20T13:31:56
================================================================================
[2026-04-20T13:32:27.410+0000] {manager.py:878} INFO - 
================================================================================
DAG File Processing Stats

File Path                                 PID    Runtime      # DAGs    # Errors  Last Runtime    Last Run
----------------------------------------  -----  ---------  --------  ----------  --------------  -------------------
/opt/airflow/dags/mlops_orchestration.py                           1           0  0.42s           2026-04-20T13:32:27
================================================================================
[2026-04-20T13:32:58.260+0000] {manager.py:878} INFO - 
================================================================================
DAG File Processing Stats

File Path                                 PID    Runtime      # DAGs    # Errors  Last Runtime    Last Run
----------------------------------------  -----  ---------  --------  ----------  --------------  -------------------
/opt/airflow/dags/mlops_orchestration.py                           1           0  0.71s           2026-04-20T13:32:58
================================================================================
[2026-04-20T13:33:29.030+0000] {manager.py:878} INFO - 
================================================================================
DAG File Processing Stats

File Path                                 PID    Runtime      # DAGs    # Errors  Last Runtime    Last Run
----------------------------------------  -----  ---------  --------  ----------  --------------  -------------------
/opt/airflow/dags/mlops_orchestration.py                           1           0  0.61s           2026-04-20T13:33:29
================================================================================
[2026-04-20T13:33:59.690+0000] {manager.py:878} INFO - 
================================================================================
DAG File Processing Stats

File Path                                 PID    Runtime      # DAGs    # Errors  Last Runtime    Last Run
----------------------------------------  -----  ---------  --------  ----------  --------------  -------------------
/opt/airflow/dags/mlops_orchestration.py                           1           0  0.51s           2026-04-20T13:33:59
================================================================================
[2026-04-20T13:34:05.355+0000] {manager.py:737} INFO - Searching for files in /opt/airflow/dags
[2026-04-20T13:34:05.433+0000] {manager.py:740} INFO - There are 1 files in /opt/airflow/dags
[2026-04-20T13:34:30.357+0000] {manager.py:878} INFO - 
================================================================================
DAG File Processing Stats

File Path                                 PID    Runtime      # DAGs    # Errors  Last Runtime    Last Run
----------------------------------------  -----  ---------  --------  ----------  --------------  -------------------
/opt/airflow/dags/mlops_orchestration.py                           1           0  0.51s           2026-04-20T13:34:30
================================================================================
[2026-04-20T13:35:01.219+0000] {manager.py:878} INFO - 
================================================================================
DAG File Processing Stats

File Path                                 PID    Runtime      # DAGs    # Errors  Last Runtime    Last Run
----------------------------------------  -----  ---------  --------  ----------  --------------  -------------------
/opt/airflow/dags/mlops_orchestration.py                           1           0  0.71s           2026-04-20T13:35:01
================================================================================
[2026-04-20T13:35:32.033+0000] {manager.py:878} INFO - 
================================================================================
DAG File Processing Stats

File Path                                 PID    Runtime      # DAGs    # Errors  Last Runtime    Last Run
----------------------------------------  -----  ---------  --------  ----------  --------------  -------------------
/opt/airflow/dags/mlops_orchestration.py                           1           0  0.62s           2026-04-20T13:35:32
================================================================================
[2026-04-20T13:36:02.794+0000] {manager.py:878} INFO - 
================================================================================
DAG File Processing Stats

File Path                                 PID    Runtime      # DAGs    # Errors  Last Runtime    Last Run
----------------------------------------  -----  ---------  --------  ----------  --------------  -------------------
/opt/airflow/dags/mlops_orchestration.py                           1           0  0.62s           2026-04-20T13:36:02
================================================================================
[2026-04-20T13:36:33.667+0000] {manager.py:878} INFO - 
================================================================================
DAG File Processing Stats

File Path                                 PID    Runtime      # DAGs    # Errors  Last Runtime    Last Run
----------------------------------------  -----  ---------  --------  ----------  --------------  -------------------
/opt/airflow/dags/mlops_orchestration.py                           1           0  0.71s           2026-04-20T13:36:33
================================================================================
[2026-04-20T13:37:04.242+0000] {manager.py:878} INFO - 
================================================================================
DAG File Processing Stats

File Path                                 PID    Runtime      # DAGs    # Errors  Last Runtime    Last Run
----------------------------------------  -----  ---------  --------  ----------  --------------  -------------------
/opt/airflow/dags/mlops_orchestration.py                           1           0  0.41s           2026-04-20T13:37:04
================================================================================
[2026-04-20T13:37:34.801+0000] {manager.py:878} INFO - 
================================================================================
DAG File Processing Stats

File Path                                 PID    Runtime      # DAGs    # Errors  Last Runtime    Last Run
----------------------------------------  -----  ---------  --------  ----------  --------------  -------------------
/opt/airflow/dags/mlops_orchestration.py                           1           0  0.41s           2026-04-20T13:37:34
================================================================================
[2026-04-20T13:38:05.353+0000] {manager.py:878} INFO - 
================================================================================
DAG File Processing Stats

File Path                                 PID    Runtime      # DAGs    # Errors  Last Runtime    Last Run
----------------------------------------  -----  ---------  --------  ----------  --------------  -------------------
/opt/airflow/dags/mlops_orchestration.py                           1           0  0.51s           2026-04-20T13:38:05
================================================================================
[2026-04-20T13:38:35.640+0000] {manager.py:878} INFO - 
================================================================================
DAG File Processing Stats

File Path                                 PID    Runtime      # DAGs    # Errors  Last Runtime    Last Run
----------------------------------------  -----  ---------  --------  ----------  --------------  -------------------
/opt/airflow/dags/mlops_orchestration.py                           1           0  0.21s           2026-04-20T13:38:35
================================================================================
[2026-04-20T13:39:05.698+0000] {manager.py:737} INFO - Searching for files in /opt/airflow/dags
[2026-04-20T13:39:05.735+0000] {manager.py:740} INFO - There are 1 files in /opt/airflow/dags
[2026-04-20T13:39:05.954+0000] {manager.py:878} INFO - 
================================================================================
DAG File Processing Stats

File Path                                 PID    Runtime      # DAGs    # Errors  Last Runtime    Last Run
----------------------------------------  -----  ---------  --------  ----------  --------------  -------------------
/opt/airflow/dags/mlops_orchestration.py                           1           0  0.20s           2026-04-20T13:39:05
================================================================================
[2026-04-20T13:39:36.236+0000] {manager.py:878} INFO - 
================================================================================
DAG File Processing Stats

File Path                                 PID    Runtime      # DAGs    # Errors  Last Runtime    Last Run
----------------------------------------  -----  ---------  --------  ----------  --------------  -------------------
/opt/airflow/dags/mlops_orchestration.py                           1           0  0.20s           2026-04-20T13:39:36
================================================================================
[2026-04-20T13:40:06.517+0000] {manager.py:878} INFO - 
================================================================================
DAG File Processing Stats

File Path                                 PID    Runtime      # DAGs    # Errors  Last Runtime    Last Run
----------------------------------------  -----  ---------  --------  ----------  --------------  -------------------
/opt/airflow/dags/mlops_orchestration.py                           1           0  0.21s           2026-04-20T13:40:06
================================================================================
[2026-04-20T13:40:36.788+0000] {manager.py:878} INFO - 
================================================================================
DAG File Processing Stats

File Path                                 PID    Runtime      # DAGs    # Errors  Last Runtime    Last Run
----------------------------------------  -----  ---------  --------  ----------  --------------  -------------------
/opt/airflow/dags/mlops_orchestration.py                           1           0  0.20s           2026-04-20T13:40:36
================================================================================
[2026-04-20T13:41:07.055+0000] {manager.py:878} INFO - 
================================================================================
DAG File Processing Stats

File Path                                 PID    Runtime      # DAGs    # Errors  Last Runtime    Last Run
----------------------------------------  -----  ---------  --------  ----------  --------------  -------------------
/opt/airflow/dags/mlops_orchestration.py                           1           0  0.20s           2026-04-20T13:41:07
================================================================================
[2026-04-20T13:41:37.327+0000] {manager.py:878} INFO - 
================================================================================
DAG File Processing Stats

File Path                                 PID    Runtime      # DAGs    # Errors  Last Runtime    Last Run
----------------------------------------  -----  ---------  --------  ----------  --------------  -------------------
/opt/airflow/dags/mlops_orchestration.py                           1           0  0.20s           2026-04-20T13:41:37
================================================================================
[2026-04-20T13:42:07.610+0000] {manager.py:878} INFO - 
================================================================================
DAG File Processing Stats

File Path                                 PID    Runtime      # DAGs    # Errors  Last Runtime    Last Run
----------------------------------------  -----  ---------  --------  ----------  --------------  -------------------
/opt/airflow/dags/mlops_orchestration.py                           1           0  0.20s           2026-04-20T13:42:07
================================================================================
[2026-04-20T13:42:37.890+0000] {manager.py:878} INFO - 
================================================================================
DAG File Processing Stats

File Path                                 PID    Runtime      # DAGs    # Errors  Last Runtime    Last Run
----------------------------------------  -----  ---------  --------  ----------  --------------  -------------------
/opt/airflow/dags/mlops_orchestration.py                           1           0  0.20s           2026-04-20T13:42:37
================================================================================
[2026-04-20T13:43:08.180+0000] {manager.py:878} INFO - 
================================================================================
DAG File Processing Stats

File Path                                 PID    Runtime      # DAGs    # Errors  Last Runtime    Last Run
----------------------------------------  -----  ---------  --------  ----------  --------------  -------------------
/opt/airflow/dags/mlops_orchestration.py                           1           0  0.20s           2026-04-20T13:43:08
================================================================================
[2026-04-20T13:43:38.464+0000] {manager.py:878} INFO - 
================================================================================
DAG File Processing Stats

File Path                                 PID    Runtime      # DAGs    # Errors  Last Runtime    Last Run
----------------------------------------  -----  ---------  --------  ----------  --------------  -------------------
/opt/airflow/dags/mlops_orchestration.py                           1           0  0.20s           2026-04-20T13:43:38
================================================================================
[2026-04-20T13:44:06.051+0000] {manager.py:737} INFO - Searching for files in /opt/airflow/dags
[2026-04-20T13:44:06.078+0000] {manager.py:740} INFO - There are 1 files in /opt/airflow/dags
[2026-04-20T13:44:08.746+0000] {manager.py:878} INFO - 
================================================================================
DAG File Processing Stats

File Path                                 PID    Runtime      # DAGs    # Errors  Last Runtime    Last Run
----------------------------------------  -----  ---------  --------  ----------  --------------  -------------------
/opt/airflow/dags/mlops_orchestration.py                           1           0  0.21s           2026-04-20T13:44:08
================================================================================
[2026-04-20T13:44:39.041+0000] {manager.py:878} INFO - 
================================================================================
DAG File Processing Stats

File Path                                 PID    Runtime      # DAGs    # Errors  Last Runtime    Last Run
----------------------------------------  -----  ---------  --------  ----------  --------------  -------------------
/opt/airflow/dags/mlops_orchestration.py                           1           0  0.21s           2026-04-20T13:44:39
================================================================================
[2026-04-20T13:45:09.319+0000] {manager.py:878} INFO - 
================================================================================
DAG File Processing Stats

File Path                                 PID    Runtime      # DAGs    # Errors  Last Runtime    Last Run
----------------------------------------  -----  ---------  --------  ----------  --------------  -------------------
/opt/airflow/dags/mlops_orchestration.py                           1           0  0.20s           2026-04-20T13:45:09
================================================================================
[2026-04-20T13:45:39.617+0000] {manager.py:878} INFO - 
================================================================================
DAG File Processing Stats

File Path                                 PID    Runtime      # DAGs    # Errors  Last Runtime    Last Run
----------------------------------------  -----  ---------  --------  ----------  --------------  -------------------
/opt/airflow/dags/mlops_orchestration.py                           1           0  0.20s           2026-04-20T13:45:39
================================================================================
[2026-04-20T13:46:09.896+0000] {manager.py:878} INFO - 
================================================================================
DAG File Processing Stats

File Path                                 PID    Runtime      # DAGs    # Errors  Last Runtime    Last Run
----------------------------------------  -----  ---------  --------  ----------  --------------  -------------------
/opt/airflow/dags/mlops_orchestration.py                           1           0  0.20s           2026-04-20T13:46:09
================================================================================
[2026-04-20T13:46:40.166+0000] {manager.py:878} INFO - 
================================================================================
DAG File Processing Stats

File Path                                 PID    Runtime      # DAGs    # Errors  Last Runtime    Last Run
----------------------------------------  -----  ---------  --------  ----------  --------------  -------------------
/opt/airflow/dags/mlops_orchestration.py                           1           0  0.20s           2026-04-20T13:46:40
================================================================================
[2026-04-20T13:47:10.436+0000] {manager.py:878} INFO - 
================================================================================
DAG File Processing Stats

File Path                                 PID    Runtime      # DAGs    # Errors  Last Runtime    Last Run
----------------------------------------  -----  ---------  --------  ----------  --------------  -------------------
/opt/airflow/dags/mlops_orchestration.py                           1           0  0.20s           2026-04-20T13:47:10
================================================================================
[2026-04-20T13:47:40.709+0000] {manager.py:878} INFO - 
================================================================================
DAG File Processing Stats

File Path                                 PID    Runtime      # DAGs    # Errors  Last Runtime    Last Run
----------------------------------------  -----  ---------  --------  ----------  --------------  -------------------
/opt/airflow/dags/mlops_orchestration.py                           1           0  0.21s           2026-04-20T13:47:40
================================================================================
[2026-04-20T13:48:10.995+0000] {manager.py:878} INFO - 
================================================================================
DAG File Processing Stats

File Path                                 PID    Runtime      # DAGs    # Errors  Last Runtime    Last Run
----------------------------------------  -----  ---------  --------  ----------  --------------  -------------------
/opt/airflow/dags/mlops_orchestration.py                           1           0  0.21s           2026-04-20T13:48:10
================================================================================
[2026-04-20T13:48:41.275+0000] {manager.py:878} INFO - 
================================================================================
DAG File Processing Stats

File Path                                 PID    Runtime      # DAGs    # Errors  Last Runtime    Last Run
----------------------------------------  -----  ---------  --------  ----------  --------------  -------------------
/opt/airflow/dags/mlops_orchestration.py                           1           0  0.20s           2026-04-20T13:48:41
================================================================================
[2026-04-20T13:49:06.053+0000] {manager.py:737} INFO - Searching for files in /opt/airflow/dags
[2026-04-20T13:49:06.081+0000] {manager.py:740} INFO - There are 1 files in /opt/airflow/dags
[2026-04-20T13:49:11.556+0000] {manager.py:878} INFO - 
================================================================================
DAG File Processing Stats

File Path                                 PID    Runtime      # DAGs    # Errors  Last Runtime    Last Run
----------------------------------------  -----  ---------  --------  ----------  --------------  -------------------
/opt/airflow/dags/mlops_orchestration.py                           1           0  0.20s           2026-04-20T13:49:11
================================================================================
[2026-04-20T13:49:41.838+0000] {manager.py:878} INFO - 
================================================================================
DAG File Processing Stats

File Path                                 PID    Runtime      # DAGs    # Errors  Last Runtime    Last Run
----------------------------------------  -----  ---------  --------  ----------  --------------  -------------------
/opt/airflow/dags/mlops_orchestration.py                           1           0  0.20s           2026-04-20T13:49:41
================================================================================
[2026-04-20T13:50:12.104+0000] {manager.py:878} INFO - 
================================================================================
DAG File Processing Stats

File Path                                 PID    Runtime      # DAGs    # Errors  Last Runtime    Last Run
----------------------------------------  -----  ---------  --------  ----------  --------------  -------------------
/opt/airflow/dags/mlops_orchestration.py                           1           0  0.21s           2026-04-20T13:50:12
================================================================================
[2026-04-20T13:50:42.372+0000] {manager.py:878} INFO - 
================================================================================
DAG File Processing Stats

File Path                                 PID    Runtime      # DAGs    # Errors  Last Runtime    Last Run
----------------------------------------  -----  ---------  --------  ----------  --------------  -------------------
/opt/airflow/dags/mlops_orchestration.py                           1           0  0.20s           2026-04-20T13:50:42
================================================================================
[2026-04-20T13:51:12.640+0000] {manager.py:878} INFO - 
================================================================================
DAG File Processing Stats

File Path                                 PID    Runtime      # DAGs    # Errors  Last Runtime    Last Run
----------------------------------------  -----  ---------  --------  ----------  --------------  -------------------
/opt/airflow/dags/mlops_orchestration.py                           1           0  0.20s           2026-04-20T13:51:12
================================================================================
[2026-04-20T13:51:42.880+0000] {manager.py:878} INFO - 
================================================================================
DAG File Processing Stats

File Path                                 PID    Runtime      # DAGs    # Errors  Last Runtime    Last Run
----------------------------------------  -----  ---------  --------  ----------  --------------  -------------------
/opt/airflow/dags/mlops_orchestration.py                           1           0  0.20s           2026-04-20T13:51:42
================================================================================
[2026-04-20T13:52:13.100+0000] {manager.py:878} INFO - 
================================================================================
DAG File Processing Stats

File Path                                 PID    Runtime      # DAGs    # Errors  Last Runtime    Last Run
----------------------------------------  -----  ---------  --------  ----------  --------------  -------------------
/opt/airflow/dags/mlops_orchestration.py                           1           0  0.20s           2026-04-20T13:52:13
================================================================================
[2026-04-20T13:52:43.336+0000] {manager.py:878} INFO - 
================================================================================
DAG File Processing Stats

File Path                                 PID    Runtime      # DAGs    # Errors  Last Runtime    Last Run
----------------------------------------  -----  ---------  --------  ----------  --------------  -------------------
/opt/airflow/dags/mlops_orchestration.py                           1           0  0.20s           2026-04-20T13:52:43
================================================================================
[2026-04-20T13:53:13.609+0000] {manager.py:878} INFO - 
================================================================================
DAG File Processing Stats

File Path                                 PID    Runtime      # DAGs    # Errors  Last Runtime    Last Run
----------------------------------------  -----  ---------  --------  ----------  --------------  -------------------
/opt/airflow/dags/mlops_orchestration.py                           1           0  0.20s           2026-04-20T13:53:13
================================================================================
[2026-04-20T13:53:43.893+0000] {manager.py:878} INFO - 
================================================================================
DAG File Processing Stats

File Path                                 PID    Runtime      # DAGs    # Errors  Last Runtime    Last Run
----------------------------------------  -----  ---------  --------  ----------  --------------  -------------------
/opt/airflow/dags/mlops_orchestration.py                           1           0  0.20s           2026-04-20T13:53:43
================================================================================
[2026-04-20T13:54:06.325+0000] {manager.py:737} INFO - Searching for files in /opt/airflow/dags
[2026-04-20T13:54:06.360+0000] {manager.py:740} INFO - There are 1 files in /opt/airflow/dags
[2026-04-20T13:54:14.163+0000] {manager.py:878} INFO - 
================================================================================
DAG File Processing Stats

File Path                                 PID    Runtime      # DAGs    # Errors  Last Runtime    Last Run
----------------------------------------  -----  ---------  --------  ----------  --------------  -------------------
/opt/airflow/dags/mlops_orchestration.py                           1           0  0.20s           2026-04-20T13:54:14
================================================================================
[2026-04-20T13:54:44.446+0000] {manager.py:878} INFO - 
================================================================================
DAG File Processing Stats

File Path                                 PID    Runtime      # DAGs    # Errors  Last Runtime    Last Run
----------------------------------------  -----  ---------  --------  ----------  --------------  -------------------
/opt/airflow/dags/mlops_orchestration.py                           1           0  0.20s           2026-04-20T13:54:44
================================================================================
[2026-04-20T13:55:14.731+0000] {manager.py:878} INFO - 
================================================================================
DAG File Processing Stats

File Path                                 PID    Runtime      # DAGs    # Errors  Last Runtime    Last Run
----------------------------------------  -----  ---------  --------  ----------  --------------  -------------------
/opt/airflow/dags/mlops_orchestration.py                           1           0  0.20s           2026-04-20T13:55:14
================================================================================
[2026-04-20T13:55:45.015+0000] {manager.py:878} INFO - 
================================================================================
DAG File Processing Stats

File Path                                 PID    Runtime      # DAGs    # Errors  Last Runtime    Last Run
----------------------------------------  -----  ---------  --------  ----------  --------------  -------------------
/opt/airflow/dags/mlops_orchestration.py                           1           0  0.20s           2026-04-20T13:55:45
================================================================================
[2026-04-20T13:56:15.295+0000] {manager.py:878} INFO - 
================================================================================
DAG File Processing Stats

File Path                                 PID    Runtime      # DAGs    # Errors  Last Runtime    Last Run
----------------------------------------  -----  ---------  --------  ----------  --------------  -------------------
/opt/airflow/dags/mlops_orchestration.py                           1           0  0.20s           2026-04-20T13:56:15
================================================================================
[2026-04-20T13:56:45.479+0000] {manager.py:878} INFO - 
================================================================================
DAG File Processing Stats

File Path                                 PID    Runtime      # DAGs    # Errors  Last Runtime    Last Run
----------------------------------------  -----  ---------  --------  ----------  --------------  -------------------
/opt/airflow/dags/mlops_orchestration.py                           1           0  0.11s           2026-04-20T13:56:45
================================================================================
[2026-04-20T13:57:15.758+0000] {manager.py:878} INFO - 
================================================================================
DAG File Processing Stats

File Path                                 PID    Runtime      # DAGs    # Errors  Last Runtime    Last Run
----------------------------------------  -----  ---------  --------  ----------  --------------  -------------------
/opt/airflow/dags/mlops_orchestration.py                           1           0  0.20s           2026-04-20T13:57:15
================================================================================
[2026-04-20T13:57:46.054+0000] {manager.py:878} INFO - 
================================================================================
DAG File Processing Stats

File Path                                 PID    Runtime      # DAGs    # Errors  Last Runtime    Last Run
----------------------------------------  -----  ---------  --------  ----------  --------------  -------------------
/opt/airflow/dags/mlops_orchestration.py                           1           0  0.20s           2026-04-20T13:57:46
================================================================================
[2026-04-20T13:58:16.327+0000] {manager.py:878} INFO - 
================================================================================
DAG File Processing Stats

File Path                                 PID    Runtime      # DAGs    # Errors  Last Runtime    Last Run
----------------------------------------  -----  ---------  --------  ----------  --------------  -------------------
/opt/airflow/dags/mlops_orchestration.py                           1           0  0.21s           2026-04-20T13:58:16
================================================================================
[2026-04-20T13:58:46.604+0000] {manager.py:878} INFO - 
================================================================================
DAG File Processing Stats

File Path                                 PID    Runtime      # DAGs    # Errors  Last Runtime    Last Run
----------------------------------------  -----  ---------  --------  ----------  --------------  -------------------
/opt/airflow/dags/mlops_orchestration.py                           1           0  0.21s           2026-04-20T13:58:46
================================================================================
[2026-04-20T13:59:06.513+0000] {manager.py:737} INFO - Searching for files in /opt/airflow/dags
[2026-04-20T13:59:06.536+0000] {manager.py:740} INFO - There are 1 files in /opt/airflow/dags
[2026-04-20T13:59:16.890+0000] {manager.py:878} INFO - 
================================================================================
DAG File Processing Stats

File Path                                 PID    Runtime      # DAGs    # Errors  Last Runtime    Last Run
----------------------------------------  -----  ---------  --------  ----------  --------------  -------------------
/opt/airflow/dags/mlops_orchestration.py                           1           0  0.20s           2026-04-20T13:59:16
================================================================================
[2026-04-20T13:59:47.175+0000] {manager.py:878} INFO - 
================================================================================
DAG File Processing Stats

File Path                                 PID    Runtime      # DAGs    # Errors  Last Runtime    Last Run
----------------------------------------  -----  ---------  --------  ----------  --------------  -------------------
/opt/airflow/dags/mlops_orchestration.py                           1           0  0.20s           2026-04-20T13:59:47
================================================================================
[2026-04-20T14:00:17.365+0000] {manager.py:878} INFO - 
================================================================================
DAG File Processing Stats

File Path                                 PID    Runtime      # DAGs    # Errors  Last Runtime    Last Run
----------------------------------------  -----  ---------  --------  ----------  --------------  -------------------
/opt/airflow/dags/mlops_orchestration.py                           1           0  0.11s           2026-04-20T14:00:17
================================================================================
[2026-04-20T14:00:47.637+0000] {manager.py:878} INFO - 
================================================================================
DAG File Processing Stats

File Path                                 PID    Runtime      # DAGs    # Errors  Last Runtime    Last Run
----------------------------------------  -----  ---------  --------  ----------  --------------  -------------------
/opt/airflow/dags/mlops_orchestration.py                           1           0  0.20s           2026-04-20T14:00:47
================================================================================
[2026-04-20T14:01:17.915+0000] {manager.py:878} INFO - 
================================================================================
DAG File Processing Stats

File Path                                 PID    Runtime      # DAGs    # Errors  Last Runtime    Last Run
----------------------------------------  -----  ---------  --------  ----------  --------------  -------------------
/opt/airflow/dags/mlops_orchestration.py                           1           0  0.20s           2026-04-20T14:01:17
================================================================================
[2026-04-20T14:01:48.191+0000] {manager.py:878} INFO - 
================================================================================
DAG File Processing Stats

File Path                                 PID    Runtime      # DAGs    # Errors  Last Runtime    Last Run
----------------------------------------  -----  ---------  --------  ----------  --------------  -------------------
/opt/airflow/dags/mlops_orchestration.py                           1           0  0.20s           2026-04-20T14:01:48
================================================================================
[2026-04-20T14:02:18.469+0000] {manager.py:878} INFO - 
================================================================================
DAG File Processing Stats

File Path                                 PID    Runtime      # DAGs    # Errors  Last Runtime    Last Run
----------------------------------------  -----  ---------  --------  ----------  --------------  -------------------
/opt/airflow/dags/mlops_orchestration.py                           1           0  0.20s           2026-04-20T14:02:18
================================================================================
[2026-04-20T14:02:48.751+0000] {manager.py:878} INFO - 
================================================================================
DAG File Processing Stats

File Path                                 PID    Runtime      # DAGs    # Errors  Last Runtime    Last Run
----------------------------------------  -----  ---------  --------  ----------  --------------  -------------------
/opt/airflow/dags/mlops_orchestration.py                           1           0  0.20s           2026-04-20T14:02:48
================================================================================
[2026-04-20T14:03:19.022+0000] {manager.py:878} INFO - 
================================================================================
DAG File Processing Stats

File Path                                 PID    Runtime      # DAGs    # Errors  Last Runtime    Last Run
----------------------------------------  -----  ---------  --------  ----------  --------------  -------------------
/opt/airflow/dags/mlops_orchestration.py                           1           0  0.21s           2026-04-20T14:03:19
================================================================================
[2026-04-20T14:03:49.300+0000] {manager.py:878} INFO - 
================================================================================
DAG File Processing Stats

File Path                                 PID    Runtime      # DAGs    # Errors  Last Runtime    Last Run
----------------------------------------  -----  ---------  --------  ----------  --------------  -------------------
/opt/airflow/dags/mlops_orchestration.py                           1           0  0.21s           2026-04-20T14:03:49
================================================================================
[2026-04-20T14:04:06.693+0000] {manager.py:737} INFO - Searching for files in /opt/airflow/dags
[2026-04-20T14:04:06.720+0000] {manager.py:740} INFO - There are 1 files in /opt/airflow/dags
[2026-04-20T14:04:19.569+0000] {manager.py:878} INFO - 
================================================================================
DAG File Processing Stats

File Path                                 PID    Runtime      # DAGs    # Errors  Last Runtime    Last Run
----------------------------------------  -----  ---------  --------  ----------  --------------  -------------------
/opt/airflow/dags/mlops_orchestration.py                           1           0  0.20s           2026-04-20T14:04:19
================================================================================
[2026-04-20T14:04:49.844+0000] {manager.py:878} INFO - 
================================================================================
DAG File Processing Stats

File Path                                 PID    Runtime      # DAGs    # Errors  Last Runtime    Last Run
----------------------------------------  -----  ---------  --------  ----------  --------------  -------------------
/opt/airflow/dags/mlops_orchestration.py                           1           0  0.21s           2026-04-20T14:04:49
================================================================================
[2026-04-20T14:05:20.123+0000] {manager.py:878} INFO - 
================================================================================
DAG File Processing Stats

File Path                                 PID    Runtime      # DAGs    # Errors  Last Runtime    Last Run
----------------------------------------  -----  ---------  --------  ----------  --------------  -------------------
/opt/airflow/dags/mlops_orchestration.py                           1           0  0.21s           2026-04-20T14:05:20
================================================================================
[2026-04-20T14:05:50.406+0000] {manager.py:878} INFO - 
================================================================================
DAG File Processing Stats

File Path                                 PID    Runtime      # DAGs    # Errors  Last Runtime    Last Run
----------------------------------------  -----  ---------  --------  ----------  --------------  -------------------
/opt/airflow/dags/mlops_orchestration.py                           1           0  0.20s           2026-04-20T14:05:50
================================================================================
[2026-04-20T14:06:20.681+0000] {manager.py:878} INFO - 
================================================================================
DAG File Processing Stats

File Path                                 PID    Runtime      # DAGs    # Errors  Last Runtime    Last Run
----------------------------------------  -----  ---------  --------  ----------  --------------  -------------------
/opt/airflow/dags/mlops_orchestration.py                           1           0  0.20s           2026-04-20T14:06:20
================================================================================
[2026-04-20T14:06:50.963+0000] {manager.py:878} INFO - 
================================================================================
DAG File Processing Stats

File Path                                 PID    Runtime      # DAGs    # Errors  Last Runtime    Last Run
----------------------------------------  -----  ---------  --------  ----------  --------------  -------------------
/opt/airflow/dags/mlops_orchestration.py                           1           0  0.21s           2026-04-20T14:06:50
================================================================================
[2026-04-20T14:07:21.262+0000] {manager.py:878} INFO - 
================================================================================
DAG File Processing Stats

File Path                                 PID    Runtime      # DAGs    # Errors  Last Runtime    Last Run
----------------------------------------  -----  ---------  --------  ----------  --------------  -------------------
/opt/airflow/dags/mlops_orchestration.py                           1           0  0.21s           2026-04-20T14:07:21
================================================================================
[2026-04-20T14:07:51.645+0000] {manager.py:878} INFO - 
================================================================================
DAG File Processing Stats

File Path                                 PID    Runtime      # DAGs    # Errors  Last Runtime    Last Run
----------------------------------------  -----  ---------  --------  ----------  --------------  -------------------
/opt/airflow/dags/mlops_orchestration.py                           1           0  0.31s           2026-04-20T14:07:51
================================================================================
[2026-04-20T14:08:21.946+0000] {manager.py:878} INFO - 
================================================================================
DAG File Processing Stats

File Path                                 PID    Runtime      # DAGs    # Errors  Last Runtime    Last Run
----------------------------------------  -----  ---------  --------  ----------  --------------  -------------------
/opt/airflow/dags/mlops_orchestration.py                           1           0  0.21s           2026-04-20T14:08:21
================================================================================
[2026-04-20T14:08:52.234+0000] {manager.py:878} INFO - 
================================================================================
DAG File Processing Stats

File Path                                 PID    Runtime      # DAGs    # Errors  Last Runtime    Last Run
----------------------------------------  -----  ---------  --------  ----------  --------------  -------------------
/opt/airflow/dags/mlops_orchestration.py                           1           0  0.21s           2026-04-20T14:08:52
================================================================================
[2026-04-20T14:09:06.884+0000] {manager.py:737} INFO - Searching for files in /opt/airflow/dags
[2026-04-20T14:09:06.914+0000] {manager.py:740} INFO - There are 1 files in /opt/airflow/dags
[2026-04-20T14:09:22.511+0000] {manager.py:878} INFO - 
================================================================================
DAG File Processing Stats

File Path                                 PID    Runtime      # DAGs    # Errors  Last Runtime    Last Run
----------------------------------------  -----  ---------  --------  ----------  --------------  -------------------
/opt/airflow/dags/mlops_orchestration.py                           1           0  0.20s           2026-04-20T14:09:22
================================================================================
[2026-04-20T14:09:52.789+0000] {manager.py:878} INFO - 
================================================================================
DAG File Processing Stats

File Path                                 PID    Runtime      # DAGs    # Errors  Last Runtime    Last Run
----------------------------------------  -----  ---------  --------  ----------  --------------  -------------------
/opt/airflow/dags/mlops_orchestration.py                           1           0  0.21s           2026-04-20T14:09:52
================================================================================
[2026-04-20T14:10:23.062+0000] {manager.py:878} INFO - 
================================================================================
DAG File Processing Stats

File Path                                 PID    Runtime      # DAGs    # Errors  Last Runtime    Last Run
----------------------------------------  -----  ---------  --------  ----------  --------------  -------------------
/opt/airflow/dags/mlops_orchestration.py                           1           0  0.21s           2026-04-20T14:10:23
================================================================================
[2026-04-20T14:10:53.444+0000] {manager.py:878} INFO - 
================================================================================
DAG File Processing Stats

File Path                                 PID    Runtime      # DAGs    # Errors  Last Runtime    Last Run
----------------------------------------  -----  ---------  --------  ----------  --------------  -------------------
/opt/airflow/dags/mlops_orchestration.py                           1           0  0.31s           2026-04-20T14:10:53
================================================================================
[2026-04-20T14:11:23.744+0000] {manager.py:878} INFO - 
================================================================================
DAG File Processing Stats

File Path                                 PID    Runtime      # DAGs    # Errors  Last Runtime    Last Run
----------------------------------------  -----  ---------  --------  ----------  --------------  -------------------
/opt/airflow/dags/mlops_orchestration.py                           1           0  0.20s           2026-04-20T14:11:23
================================================================================
[2026-04-20T14:11:53.983+0000] {manager.py:878} INFO - 
================================================================================
DAG File Processing Stats

File Path                                 PID    Runtime      # DAGs    # Errors  Last Runtime    Last Run
----------------------------------------  -----  ---------  --------  ----------  --------------  -------------------
/opt/airflow/dags/mlops_orchestration.py                           1           0  0.20s           2026-04-20T14:11:53
================================================================================
[2026-04-20T14:12:24.249+0000] {manager.py:878} INFO - 
================================================================================
DAG File Processing Stats

File Path                                 PID    Runtime      # DAGs    # Errors  Last Runtime    Last Run
----------------------------------------  -----  ---------  --------  ----------  --------------  -------------------
/opt/airflow/dags/mlops_orchestration.py                           1           0  0.20s           2026-04-20T14:12:24
================================================================================
[2026-04-20T14:12:54.478+0000] {manager.py:878} INFO - 
================================================================================
DAG File Processing Stats

File Path                                 PID    Runtime      # DAGs    # Errors  Last Runtime    Last Run
----------------------------------------  -----  ---------  --------  ----------  --------------  -------------------
/opt/airflow/dags/mlops_orchestration.py                           1           0  0.21s           2026-04-20T14:12:54
================================================================================
[2026-04-20T14:13:24.757+0000] {manager.py:878} INFO - 
================================================================================
DAG File Processing Stats

File Path                                 PID    Runtime      # DAGs    # Errors  Last Runtime    Last Run
----------------------------------------  -----  ---------  --------  ----------  --------------  -------------------
/opt/airflow/dags/mlops_orchestration.py                           1           0  0.21s           2026-04-20T14:13:24
================================================================================
[2026-04-20T14:13:55.040+0000] {manager.py:878} INFO - 
================================================================================
DAG File Processing Stats

File Path                                 PID    Runtime      # DAGs    # Errors  Last Runtime    Last Run
----------------------------------------  -----  ---------  --------  ----------  --------------  -------------------
/opt/airflow/dags/mlops_orchestration.py                           1           0  0.21s           2026-04-20T14:13:55
================================================================================
[2026-04-20T14:14:07.132+0000] {manager.py:737} INFO - Searching for files in /opt/airflow/dags
[2026-04-20T14:14:07.160+0000] {manager.py:740} INFO - There are 1 files in /opt/airflow/dags
[2026-04-20T14:14:25.310+0000] {manager.py:878} INFO - 
================================================================================
DAG File Processing Stats

File Path                                 PID    Runtime      # DAGs    # Errors  Last Runtime    Last Run
----------------------------------------  -----  ---------  --------  ----------  --------------  -------------------
/opt/airflow/dags/mlops_orchestration.py                           1           0  0.21s           2026-04-20T14:14:25
================================================================================
[2026-04-20T14:14:55.582+0000] {manager.py:878} INFO - 
================================================================================
DAG File Processing Stats

File Path                                 PID    Runtime      # DAGs    # Errors  Last Runtime    Last Run
----------------------------------------  -----  ---------  --------  ----------  --------------  -------------------
/opt/airflow/dags/mlops_orchestration.py                           1           0  0.20s           2026-04-20T14:14:55
================================================================================
[2026-04-20T14:15:25.865+0000] {manager.py:878} INFO - 
================================================================================
DAG File Processing Stats

File Path                                 PID    Runtime      # DAGs    # Errors  Last Runtime    Last Run
----------------------------------------  -----  ---------  --------  ----------  --------------  -------------------
/opt/airflow/dags/mlops_orchestration.py                           1           0  0.21s           2026-04-20T14:15:25
================================================================================
[2026-04-20T14:15:56.147+0000] {manager.py:878} INFO - 
================================================================================
DAG File Processing Stats

File Path                                 PID    Runtime      # DAGs    # Errors  Last Runtime    Last Run
----------------------------------------  -----  ---------  --------  ----------  --------------  -------------------
/opt/airflow/dags/mlops_orchestration.py                           1           0  0.21s           2026-04-20T14:15:56
================================================================================
[2026-04-20T14:16:26.431+0000] {manager.py:878} INFO - 
================================================================================
DAG File Processing Stats

File Path                                 PID    Runtime      # DAGs    # Errors  Last Runtime    Last Run
----------------------------------------  -----  ---------  --------  ----------  --------------  -------------------
/opt/airflow/dags/mlops_orchestration.py                           1           0  0.21s           2026-04-20T14:16:26
================================================================================
[2026-04-20T14:16:56.708+0000] {manager.py:878} INFO - 
================================================================================
DAG File Processing Stats

File Path                                 PID    Runtime      # DAGs    # Errors  Last Runtime    Last Run
----------------------------------------  -----  ---------  --------  ----------  --------------  -------------------
/opt/airflow/dags/mlops_orchestration.py                           1           0  0.21s           2026-04-20T14:16:56
================================================================================
[2026-04-20T14:17:26.986+0000] {manager.py:878} INFO - 
================================================================================
DAG File Processing Stats

File Path                                 PID    Runtime      # DAGs    # Errors  Last Runtime    Last Run
----------------------------------------  -----  ---------  --------  ----------  --------------  -------------------
/opt/airflow/dags/mlops_orchestration.py                           1           0  0.20s           2026-04-20T14:17:26
================================================================================
[2026-04-20T14:17:57.376+0000] {manager.py:878} INFO - 
================================================================================
DAG File Processing Stats

File Path                                 PID    Runtime      # DAGs    # Errors  Last Runtime    Last Run
----------------------------------------  -----  ---------  --------  ----------  --------------  -------------------
/opt/airflow/dags/mlops_orchestration.py                           1           0  0.30s           2026-04-20T14:17:57
================================================================================
[2026-04-20T14:18:27.656+0000] {manager.py:878} INFO - 
================================================================================
DAG File Processing Stats

File Path                                 PID    Runtime      # DAGs    # Errors  Last Runtime    Last Run
----------------------------------------  -----  ---------  --------  ----------  --------------  -------------------
/opt/airflow/dags/mlops_orchestration.py                           1           0  0.20s           2026-04-20T14:18:27
================================================================================
[2026-04-20T14:18:57.924+0000] {manager.py:878} INFO - 
================================================================================
DAG File Processing Stats

File Path                                 PID    Runtime      # DAGs    # Errors  Last Runtime    Last Run
----------------------------------------  -----  ---------  --------  ----------  --------------  -------------------
/opt/airflow/dags/mlops_orchestration.py                           1           0  0.20s           2026-04-20T14:18:57
================================================================================
[2026-04-20T14:19:07.301+0000] {manager.py:737} INFO - Searching for files in /opt/airflow/dags
[2026-04-20T14:19:07.327+0000] {manager.py:740} INFO - There are 1 files in /opt/airflow/dags
[2026-04-20T14:19:28.195+0000] {manager.py:878} INFO - 
================================================================================
DAG File Processing Stats

File Path                                 PID    Runtime      # DAGs    # Errors  Last Runtime    Last Run
----------------------------------------  -----  ---------  --------  ----------  --------------  -------------------
/opt/airflow/dags/mlops_orchestration.py                           1           0  0.21s           2026-04-20T14:19:28
================================================================================
[2026-04-20T14:19:58.482+0000] {manager.py:878} INFO - 
================================================================================
DAG File Processing Stats

File Path                                 PID    Runtime      # DAGs    # Errors  Last Runtime    Last Run
----------------------------------------  -----  ---------  --------  ----------  --------------  -------------------
/opt/airflow/dags/mlops_orchestration.py                           1           0  0.21s           2026-04-20T14:19:58
================================================================================
[2026-04-20T14:20:28.762+0000] {manager.py:878} INFO - 
================================================================================
DAG File Processing Stats

File Path                                 PID    Runtime      # DAGs    # Errors  Last Runtime    Last Run
----------------------------------------  -----  ---------  --------  ----------  --------------  -------------------
/opt/airflow/dags/mlops_orchestration.py                           1           0  0.20s           2026-04-20T14:20:28
================================================================================
[2026-04-20T14:20:59.043+0000] {manager.py:878} INFO - 
================================================================================
DAG File Processing Stats

File Path                                 PID    Runtime      # DAGs    # Errors  Last Runtime    Last Run
----------------------------------------  -----  ---------  --------  ----------  --------------  -------------------
/opt/airflow/dags/mlops_orchestration.py                           1           0  0.20s           2026-04-20T14:20:59
================================================================================
[2026-04-20T14:21:29.323+0000] {manager.py:878} INFO - 
================================================================================
DAG File Processing Stats

File Path                                 PID    Runtime      # DAGs    # Errors  Last Runtime    Last Run
----------------------------------------  -----  ---------  --------  ----------  --------------  -------------------
/opt/airflow/dags/mlops_orchestration.py                           1           0  0.21s           2026-04-20T14:21:29
================================================================================
[2026-04-20T14:21:59.591+0000] {manager.py:878} INFO - 
================================================================================
DAG File Processing Stats

File Path                                 PID    Runtime      # DAGs    # Errors  Last Runtime    Last Run
----------------------------------------  -----  ---------  --------  ----------  --------------  -------------------
/opt/airflow/dags/mlops_orchestration.py                           1           0  0.20s           2026-04-20T14:21:59
================================================================================
[2026-04-20T14:22:29.879+0000] {manager.py:878} INFO - 
================================================================================
DAG File Processing Stats

File Path                                 PID    Runtime      # DAGs    # Errors  Last Runtime    Last Run
----------------------------------------  -----  ---------  --------  ----------  --------------  -------------------
/opt/airflow/dags/mlops_orchestration.py                           1           0  0.21s           2026-04-20T14:22:29
================================================================================
[2026-04-20T14:23:00.246+0000] {manager.py:878} INFO - 
================================================================================
DAG File Processing Stats

File Path                                 PID    Runtime      # DAGs    # Errors  Last Runtime    Last Run
----------------------------------------  -----  ---------  --------  ----------  --------------  -------------------
/opt/airflow/dags/mlops_orchestration.py                           1           0  0.31s           2026-04-20T14:23:00
================================================================================
[2026-04-20T14:23:30.520+0000] {manager.py:878} INFO - 
================================================================================
DAG File Processing Stats

File Path                                 PID    Runtime      # DAGs    # Errors  Last Runtime    Last Run
----------------------------------------  -----  ---------  --------  ----------  --------------  -------------------
/opt/airflow/dags/mlops_orchestration.py                           1           0  0.21s           2026-04-20T14:23:30
================================================================================
[2026-04-20T14:24:00.795+0000] {manager.py:878} INFO - 
================================================================================
DAG File Processing Stats

File Path                                 PID    Runtime      # DAGs    # Errors  Last Runtime    Last Run
----------------------------------------  -----  ---------  --------  ----------  --------------  -------------------
/opt/airflow/dags/mlops_orchestration.py                           1           0  0.20s           2026-04-20T14:24:00
================================================================================
[2026-04-20T14:24:07.479+0000] {manager.py:737} INFO - Searching for files in /opt/airflow/dags
[2026-04-20T14:24:07.513+0000] {manager.py:740} INFO - There are 1 files in /opt/airflow/dags
[2026-04-20T14:24:31.067+0000] {manager.py:878} INFO - 
================================================================================
DAG File Processing Stats

File Path                                 PID    Runtime      # DAGs    # Errors  Last Runtime    Last Run
----------------------------------------  -----  ---------  --------  ----------  --------------  -------------------
/opt/airflow/dags/mlops_orchestration.py                           1           0  0.20s           2026-04-20T14:24:31
================================================================================
[2026-04-20T14:25:01.335+0000] {manager.py:878} INFO - 
================================================================================
DAG File Processing Stats

File Path                                 PID    Runtime      # DAGs    # Errors  Last Runtime    Last Run
----------------------------------------  -----  ---------  --------  ----------  --------------  -------------------
/opt/airflow/dags/mlops_orchestration.py                           1           0  0.20s           2026-04-20T14:25:01
================================================================================
[2026-04-20T14:25:31.575+0000] {manager.py:878} INFO - 
================================================================================
DAG File Processing Stats

File Path                                 PID    Runtime      # DAGs    # Errors  Last Runtime    Last Run
----------------------------------------  -----  ---------  --------  ----------  --------------  -------------------
/opt/airflow/dags/mlops_orchestration.py                           1           0  0.21s           2026-04-20T14:25:31
================================================================================
[2026-04-20T14:26:01.796+0000] {manager.py:878} INFO - 
================================================================================
DAG File Processing Stats

File Path                                 PID    Runtime      # DAGs    # Errors  Last Runtime    Last Run
----------------------------------------  -----  ---------  --------  ----------  --------------  -------------------
/opt/airflow/dags/mlops_orchestration.py                           1           0  0.20s           2026-04-20T14:26:01
================================================================================
[2026-04-20T14:26:32.187+0000] {manager.py:878} INFO - 
================================================================================
DAG File Processing Stats

File Path                                 PID    Runtime      # DAGs    # Errors  Last Runtime    Last Run
----------------------------------------  -----  ---------  --------  ----------  --------------  -------------------
/opt/airflow/dags/mlops_orchestration.py                           1           0  0.30s           2026-04-20T14:26:32
================================================================================
[2026-04-20T14:27:02.471+0000] {manager.py:878} INFO - 
================================================================================
DAG File Processing Stats

File Path                                 PID    Runtime      # DAGs    # Errors  Last Runtime    Last Run
----------------------------------------  -----  ---------  --------  ----------  --------------  -------------------
/opt/airflow/dags/mlops_orchestration.py                           1           0  0.21s           2026-04-20T14:27:02
================================================================================
[2026-04-20T14:27:32.738+0000] {manager.py:878} INFO - 
================================================================================
DAG File Processing Stats

File Path                                 PID    Runtime      # DAGs    # Errors  Last Runtime    Last Run
----------------------------------------  -----  ---------  --------  ----------  --------------  -------------------
/opt/airflow/dags/mlops_orchestration.py                           1           0  0.20s           2026-04-20T14:27:32
================================================================================
[2026-04-20T14:28:03.485+0000] {manager.py:878} INFO - 
================================================================================
DAG File Processing Stats

File Path                                 PID    Runtime      # DAGs    # Errors  Last Runtime    Last Run
----------------------------------------  -----  ---------  --------  ----------  --------------  -------------------
/opt/airflow/dags/mlops_orchestration.py                           1           0  0.61s           2026-04-20T14:28:03
================================================================================
[2026-04-20T14:28:33.931+0000] {manager.py:878} INFO - 
================================================================================
DAG File Processing Stats

File Path                                 PID    Runtime      # DAGs    # Errors  Last Runtime    Last Run
----------------------------------------  -----  ---------  --------  ----------  --------------  -------------------
/opt/airflow/dags/mlops_orchestration.py                           1           0  0.21s           2026-04-20T14:28:33
================================================================================
[2026-04-20T14:29:04.271+0000] {manager.py:878} INFO - 
================================================================================
DAG File Processing Stats

File Path                                 PID    Runtime      # DAGs    # Errors  Last Runtime    Last Run
----------------------------------------  -----  ---------  --------  ----------  --------------  -------------------
/opt/airflow/dags/mlops_orchestration.py                           1           0  0.23s           2026-04-20T14:29:04
================================================================================
[2026-04-20T14:29:07.602+0000] {manager.py:737} INFO - Searching for files in /opt/airflow/dags
[2026-04-20T14:29:07.635+0000] {manager.py:740} INFO - There are 1 files in /opt/airflow/dags
[2026-04-20T14:29:34.549+0000] {manager.py:878} INFO - 
================================================================================
DAG File Processing Stats

File Path                                 PID    Runtime      # DAGs    # Errors  Last Runtime    Last Run
----------------------------------------  -----  ---------  --------  ----------  --------------  -------------------
/opt/airflow/dags/mlops_orchestration.py                           1           0  0.20s           2026-04-20T14:29:34
================================================================================
[2026-04-20T14:30:04.943+0000] {manager.py:878} INFO - 
================================================================================
DAG File Processing Stats

File Path                                 PID    Runtime      # DAGs    # Errors  Last Runtime    Last Run
----------------------------------------  -----  ---------  --------  ----------  --------------  -------------------
/opt/airflow/dags/mlops_orchestration.py                           1           0  0.30s           2026-04-20T14:30:04
================================================================================
[2026-04-20T14:30:35.242+0000] {manager.py:878} INFO - 
================================================================================
DAG File Processing Stats

File Path                                 PID    Runtime      # DAGs    # Errors  Last Runtime    Last Run
----------------------------------------  -----  ---------  --------  ----------  --------------  -------------------
/opt/airflow/dags/mlops_orchestration.py                           1           0  0.21s           2026-04-20T14:30:35
================================================================================
[2026-04-20T14:31:05.655+0000] {manager.py:878} INFO - 
================================================================================
DAG File Processing Stats

File Path                                 PID    Runtime      # DAGs    # Errors  Last Runtime    Last Run
----------------------------------------  -----  ---------  --------  ----------  --------------  -------------------
/opt/airflow/dags/mlops_orchestration.py                           1           0  0.31s           2026-04-20T14:31:05
================================================================================
[2026-04-20T14:31:36.223+0000] {manager.py:878} INFO - 
================================================================================
DAG File Processing Stats

File Path                                 PID    Runtime      # DAGs    # Errors  Last Runtime    Last Run
----------------------------------------  -----  ---------  --------  ----------  --------------  -------------------
/opt/airflow/dags/mlops_orchestration.py                           1           0  0.51s           2026-04-20T14:31:36
================================================================================
[2026-04-20T14:32:06.723+0000] {manager.py:878} INFO - 
================================================================================
DAG File Processing Stats

File Path                                 PID    Runtime      # DAGs    # Errors  Last Runtime    Last Run
----------------------------------------  -----  ---------  --------  ----------  --------------  -------------------
/opt/airflow/dags/mlops_orchestration.py                           1           0  0.42s           2026-04-20T14:32:06
================================================================================
[2026-04-20T14:32:37.307+0000] {manager.py:878} INFO - 
================================================================================
DAG File Processing Stats

File Path                                 PID    Runtime      # DAGs    # Errors  Last Runtime    Last Run
----------------------------------------  -----  ---------  --------  ----------  --------------  -------------------
/opt/airflow/dags/mlops_orchestration.py                           1           0  0.51s           2026-04-20T14:32:37
================================================================================
[2026-04-20T14:33:07.587+0000] {manager.py:878} INFO - 
================================================================================
DAG File Processing Stats

File Path                                 PID    Runtime      # DAGs    # Errors  Last Runtime    Last Run
----------------------------------------  -----  ---------  --------  ----------  --------------  -------------------
/opt/airflow/dags/mlops_orchestration.py                           1           0  0.20s           2026-04-20T14:33:07
================================================================================
[2026-04-20T14:33:38.006+0000] {manager.py:878} INFO - 
================================================================================
DAG File Processing Stats

File Path                                 PID    Runtime      # DAGs    # Errors  Last Runtime    Last Run
----------------------------------------  -----  ---------  --------  ----------  --------------  -------------------
/opt/airflow/dags/mlops_orchestration.py                           1           0  0.32s           2026-04-20T14:33:38
================================================================================
[2026-04-20T14:34:07.795+0000] {manager.py:737} INFO - Searching for files in /opt/airflow/dags
[2026-04-20T14:34:07.819+0000] {manager.py:740} INFO - There are 1 files in /opt/airflow/dags
[2026-04-20T14:34:08.316+0000] {manager.py:878} INFO - 
================================================================================
DAG File Processing Stats

File Path                                 PID    Runtime      # DAGs    # Errors  Last Runtime    Last Run
----------------------------------------  -----  ---------  --------  ----------  --------------  -------------------
/opt/airflow/dags/mlops_orchestration.py                           1           0  0.20s           2026-04-20T14:34:08
================================================================================
[2026-04-20T14:34:38.728+0000] {manager.py:878} INFO - 
================================================================================
DAG File Processing Stats

File Path                                 PID    Runtime      # DAGs    # Errors  Last Runtime    Last Run
----------------------------------------  -----  ---------  --------  ----------  --------------  -------------------
/opt/airflow/dags/mlops_orchestration.py                           1           0  0.33s           2026-04-20T14:34:38
================================================================================
[2026-04-20T14:35:09.021+0000] {manager.py:878} INFO - 
================================================================================
DAG File Processing Stats

File Path                                 PID    Runtime      # DAGs    # Errors  Last Runtime    Last Run
----------------------------------------  -----  ---------  --------  ----------  --------------  -------------------
/opt/airflow/dags/mlops_orchestration.py                           1           0  0.20s           2026-04-20T14:35:09
================================================================================
[2026-04-20T14:35:39.447+0000] {manager.py:878} INFO - 
================================================================================
DAG File Processing Stats

File Path                                 PID    Runtime      # DAGs    # Errors  Last Runtime    Last Run
----------------------------------------  -----  ---------  --------  ----------  --------------  -------------------
/opt/airflow/dags/mlops_orchestration.py                           1           0  0.31s           2026-04-20T14:35:39
================================================================================
[2026-04-20T14:36:11.136+0000] {manager.py:878} INFO - 
================================================================================
DAG File Processing Stats

File Path                                 PID    Runtime      # DAGs    # Errors  Last Runtime    Last Run
----------------------------------------  -----  ---------  --------  ----------  --------------  -------------------
/opt/airflow/dags/mlops_orchestration.py                           1           0  1.61s           2026-04-20T14:36:11
================================================================================
[2026-04-20T14:36:41.618+0000] {manager.py:878} INFO - 
================================================================================
DAG File Processing Stats

File Path                                 PID    Runtime      # DAGs    # Errors  Last Runtime    Last Run
----------------------------------------  -----  ---------  --------  ----------  --------------  -------------------
/opt/airflow/dags/mlops_orchestration.py                           1           0  0.40s           2026-04-20T14:36:41
================================================================================
[2026-04-20T14:37:12.996+0000] {manager.py:878} INFO - 
================================================================================
DAG File Processing Stats

File Path                                 PID    Runtime      # DAGs    # Errors  Last Runtime    Last Run
----------------------------------------  -----  ---------  --------  ----------  --------------  -------------------
/opt/airflow/dags/mlops_orchestration.py                           1           0  1.31s           2026-04-20T14:37:12
================================================================================
[2026-04-20T14:37:43.377+0000] {manager.py:878} INFO - 
================================================================================
DAG File Processing Stats

File Path                                 PID    Runtime      # DAGs    # Errors  Last Runtime    Last Run
----------------------------------------  -----  ---------  --------  ----------  --------------  -------------------
/opt/airflow/dags/mlops_orchestration.py                           1           0  0.31s           2026-04-20T14:37:43
================================================================================
[2026-04-20T14:38:13.673+0000] {manager.py:878} INFO - 
================================================================================
DAG File Processing Stats

File Path                                 PID    Runtime      # DAGs    # Errors  Last Runtime    Last Run
----------------------------------------  -----  ---------  --------  ----------  --------------  -------------------
/opt/airflow/dags/mlops_orchestration.py                           1           0  0.21s           2026-04-20T14:38:13
================================================================================
[2026-04-20T14:38:44.519+0000] {manager.py:878} INFO - 
================================================================================
DAG File Processing Stats

File Path                                 PID    Runtime      # DAGs    # Errors  Last Runtime    Last Run
----------------------------------------  -----  ---------  --------  ----------  --------------  -------------------
/opt/airflow/dags/mlops_orchestration.py                           1           0  0.71s           2026-04-20T14:38:44
================================================================================
[2026-04-20T14:39:07.850+0000] {manager.py:737} INFO - Searching for files in /opt/airflow/dags
[2026-04-20T14:39:07.880+0000] {manager.py:740} INFO - There are 1 files in /opt/airflow/dags
[2026-04-20T14:39:14.928+0000] {manager.py:878} INFO - 
================================================================================
DAG File Processing Stats

File Path                                 PID    Runtime      # DAGs    # Errors  Last Runtime    Last Run
----------------------------------------  -----  ---------  --------  ----------  --------------  -------------------
/opt/airflow/dags/mlops_orchestration.py                           1           0  0.32s           2026-04-20T14:39:14
================================================================================
[2026-04-20T14:39:45.346+0000] {manager.py:878} INFO - 
================================================================================
DAG File Processing Stats

File Path                                 PID    Runtime      # DAGs    # Errors  Last Runtime    Last Run
----------------------------------------  -----  ---------  --------  ----------  --------------  -------------------
/opt/airflow/dags/mlops_orchestration.py                           1           0  0.31s           2026-04-20T14:39:45
================================================================================
[2026-04-20T14:40:17.054+0000] {manager.py:878} INFO - 
================================================================================
DAG File Processing Stats

File Path                                 PID    Runtime      # DAGs    # Errors  Last Runtime    Last Run
----------------------------------------  -----  ---------  --------  ----------  --------------  -------------------
/opt/airflow/dags/mlops_orchestration.py                           1           0  1.61s           2026-04-20T14:40:17
================================================================================
[2026-04-20T14:40:47.332+0000] {manager.py:878} INFO - 
================================================================================
DAG File Processing Stats

File Path                                 PID    Runtime      # DAGs    # Errors  Last Runtime    Last Run
----------------------------------------  -----  ---------  --------  ----------  --------------  -------------------
/opt/airflow/dags/mlops_orchestration.py                           1           0  0.21s           2026-04-20T14:40:47
================================================================================
[2026-04-20T14:41:17.611+0000] {manager.py:878} INFO - 
================================================================================
DAG File Processing Stats

File Path                                 PID    Runtime      # DAGs    # Errors  Last Runtime    Last Run
----------------------------------------  -----  ---------  --------  ----------  --------------  -------------------
/opt/airflow/dags/mlops_orchestration.py                           1           0  0.20s           2026-04-20T14:41:17
================================================================================
[2026-04-20T14:41:47.885+0000] {manager.py:878} INFO - 
================================================================================
DAG File Processing Stats

File Path                                 PID    Runtime      # DAGs    # Errors  Last Runtime    Last Run
----------------------------------------  -----  ---------  --------  ----------  --------------  -------------------
/opt/airflow/dags/mlops_orchestration.py                           1           0  0.20s           2026-04-20T14:41:47
================================================================================
[2026-04-20T14:42:18.175+0000] {manager.py:878} INFO - 
================================================================================
DAG File Processing Stats

File Path                                 PID    Runtime      # DAGs    # Errors  Last Runtime    Last Run
----------------------------------------  -----  ---------  --------  ----------  --------------  -------------------
/opt/airflow/dags/mlops_orchestration.py                           1           0  0.20s           2026-04-20T14:42:18
================================================================================
[2026-04-20T14:42:48.479+0000] {manager.py:878} INFO - 
================================================================================
DAG File Processing Stats

File Path                                 PID    Runtime      # DAGs    # Errors  Last Runtime    Last Run
----------------------------------------  -----  ---------  --------  ----------  --------------  -------------------
/opt/airflow/dags/mlops_orchestration.py                           1           0  0.20s           2026-04-20T14:42:48
================================================================================
[2026-04-20T14:43:18.974+0000] {manager.py:878} INFO - 
================================================================================
DAG File Processing Stats

File Path                                 PID    Runtime      # DAGs    # Errors  Last Runtime    Last Run
----------------------------------------  -----  ---------  --------  ----------  --------------  -------------------
/opt/airflow/dags/mlops_orchestration.py                           1           0  0.41s           2026-04-20T14:43:18
================================================================================
[2026-04-20T14:43:49.364+0000] {manager.py:878} INFO - 
================================================================================
DAG File Processing Stats

File Path                                 PID    Runtime      # DAGs    # Errors  Last Runtime    Last Run
----------------------------------------  -----  ---------  --------  ----------  --------------  -------------------
/opt/airflow/dags/mlops_orchestration.py                           1           0  0.30s           2026-04-20T14:43:49
================================================================================
[2026-04-20T14:44:08.095+0000] {manager.py:737} INFO - Searching for files in /opt/airflow/dags
[2026-04-20T14:44:08.119+0000] {manager.py:740} INFO - There are 1 files in /opt/airflow/dags
[2026-04-20T14:44:19.640+0000] {manager.py:878} INFO - 
================================================================================
DAG File Processing Stats

File Path                                 PID    Runtime      # DAGs    # Errors  Last Runtime    Last Run
----------------------------------------  -----  ---------  --------  ----------  --------------  -------------------
/opt/airflow/dags/mlops_orchestration.py                           1           0  0.21s           2026-04-20T14:44:19
================================================================================
[2026-04-20T14:44:49.923+0000] {manager.py:878} INFO - 
================================================================================
DAG File Processing Stats

File Path                                 PID    Runtime      # DAGs    # Errors  Last Runtime    Last Run
----------------------------------------  -----  ---------  --------  ----------  --------------  -------------------
/opt/airflow/dags/mlops_orchestration.py                           1           0  0.20s           2026-04-20T14:44:49
================================================================================
[2026-04-20T14:45:20.196+0000] {manager.py:878} INFO - 
================================================================================
DAG File Processing Stats

File Path                                 PID    Runtime      # DAGs    # Errors  Last Runtime    Last Run
----------------------------------------  -----  ---------  --------  ----------  --------------  -------------------
/opt/airflow/dags/mlops_orchestration.py                           1           0  0.20s           2026-04-20T14:45:20
================================================================================
[2026-04-20T14:45:50.472+0000] {manager.py:878} INFO - 
================================================================================
DAG File Processing Stats

File Path                                 PID    Runtime      # DAGs    # Errors  Last Runtime    Last Run
----------------------------------------  -----  ---------  --------  ----------  --------------  -------------------
/opt/airflow/dags/mlops_orchestration.py                           1           0  0.20s           2026-04-20T14:45:50
================================================================================
[2026-04-20T14:46:20.853+0000] {manager.py:878} INFO - 
================================================================================
DAG File Processing Stats

File Path                                 PID    Runtime      # DAGs    # Errors  Last Runtime    Last Run
----------------------------------------  -----  ---------  --------  ----------  --------------  -------------------
/opt/airflow/dags/mlops_orchestration.py                           1           0  0.30s           2026-04-20T14:46:20
================================================================================
[2026-04-20T14:46:51.223+0000] {manager.py:878} INFO - 
================================================================================
DAG File Processing Stats

File Path                                 PID    Runtime      # DAGs    # Errors  Last Runtime    Last Run
----------------------------------------  -----  ---------  --------  ----------  --------------  -------------------
/opt/airflow/dags/mlops_orchestration.py                           1           0  0.30s           2026-04-20T14:46:51
================================================================================
[2026-04-20T14:47:21.493+0000] {manager.py:878} INFO - 
================================================================================
DAG File Processing Stats

File Path                                 PID    Runtime      # DAGs    # Errors  Last Runtime    Last Run
----------------------------------------  -----  ---------  --------  ----------  --------------  -------------------
/opt/airflow/dags/mlops_orchestration.py                           1           0  0.20s           2026-04-20T14:47:21
================================================================================
[2026-04-20T14:47:51.786+0000] {manager.py:878} INFO - 
================================================================================
DAG File Processing Stats

File Path                                 PID    Runtime      # DAGs    # Errors  Last Runtime    Last Run
----------------------------------------  -----  ---------  --------  ----------  --------------  -------------------
/opt/airflow/dags/mlops_orchestration.py                           1           0  0.21s           2026-04-20T14:47:51
================================================================================
[2026-04-20T14:48:22.082+0000] {manager.py:878} INFO - 
================================================================================
DAG File Processing Stats

File Path                                 PID    Runtime      # DAGs    # Errors  Last Runtime    Last Run
----------------------------------------  -----  ---------  --------  ----------  --------------  -------------------
/opt/airflow/dags/mlops_orchestration.py                           1           0  0.21s           2026-04-20T14:48:22
================================================================================
[2026-04-20T14:48:52.380+0000] {manager.py:878} INFO - 
================================================================================
DAG File Processing Stats

File Path                                 PID    Runtime      # DAGs    # Errors  Last Runtime    Last Run
----------------------------------------  -----  ---------  --------  ----------  --------------  -------------------
/opt/airflow/dags/mlops_orchestration.py                           1           0  0.21s           2026-04-20T14:48:52
================================================================================
[2026-04-20T14:49:08.259+0000] {manager.py:737} INFO - Searching for files in /opt/airflow/dags
[2026-04-20T14:49:08.289+0000] {manager.py:740} INFO - There are 1 files in /opt/airflow/dags
[2026-04-20T14:49:22.967+0000] {manager.py:878} INFO - 
================================================================================
DAG File Processing Stats

File Path                                 PID    Runtime      # DAGs    # Errors  Last Runtime    Last Run
----------------------------------------  -----  ---------  --------  ----------  --------------  -------------------
/opt/airflow/dags/mlops_orchestration.py                           1           0  0.51s           2026-04-20T14:49:22
================================================================================
[2026-04-20T14:49:53.448+0000] {manager.py:878} INFO - 
================================================================================
DAG File Processing Stats

File Path                                 PID    Runtime      # DAGs    # Errors  Last Runtime    Last Run
----------------------------------------  -----  ---------  --------  ----------  --------------  -------------------
/opt/airflow/dags/mlops_orchestration.py                           1           0  0.41s           2026-04-20T14:49:53
================================================================================
[2026-04-20T14:50:23.931+0000] {manager.py:878} INFO - 
================================================================================
DAG File Processing Stats

File Path                                 PID    Runtime      # DAGs    # Errors  Last Runtime    Last Run
----------------------------------------  -----  ---------  --------  ----------  --------------  -------------------
/opt/airflow/dags/mlops_orchestration.py                           1           0  0.41s           2026-04-20T14:50:23
================================================================================
[2026-04-20T14:50:54.216+0000] {manager.py:878} INFO - 
================================================================================
DAG File Processing Stats

File Path                                 PID    Runtime      # DAGs    # Errors  Last Runtime    Last Run
----------------------------------------  -----  ---------  --------  ----------  --------------  -------------------
/opt/airflow/dags/mlops_orchestration.py                           1           0  0.20s           2026-04-20T14:50:54
================================================================================
[2026-04-20T14:51:24.501+0000] {manager.py:878} INFO - 
================================================================================
DAG File Processing Stats

File Path                                 PID    Runtime      # DAGs    # Errors  Last Runtime    Last Run
----------------------------------------  -----  ---------  --------  ----------  --------------  -------------------
/opt/airflow/dags/mlops_orchestration.py                           1           0  0.21s           2026-04-20T14:51:24
================================================================================
[2026-04-20T14:51:54.785+0000] {manager.py:878} INFO - 
================================================================================
DAG File Processing Stats

File Path                                 PID    Runtime      # DAGs    # Errors  Last Runtime    Last Run
----------------------------------------  -----  ---------  --------  ----------  --------------  -------------------
/opt/airflow/dags/mlops_orchestration.py                           1           0  0.20s           2026-04-20T14:51:54
================================================================================
[2026-04-20T14:52:25.265+0000] {manager.py:878} INFO - 
================================================================================
DAG File Processing Stats

File Path                                 PID    Runtime      # DAGs    # Errors  Last Runtime    Last Run
----------------------------------------  -----  ---------  --------  ----------  --------------  -------------------
/opt/airflow/dags/mlops_orchestration.py                           1           0  0.41s           2026-04-20T14:52:25
================================================================================
[2026-04-20T14:52:55.759+0000] {manager.py:878} INFO - 
================================================================================
DAG File Processing Stats

File Path                                 PID    Runtime      # DAGs    # Errors  Last Runtime    Last Run
----------------------------------------  -----  ---------  --------  ----------  --------------  -------------------
/opt/airflow/dags/mlops_orchestration.py                           1           0  0.41s           2026-04-20T14:52:55
================================================================================
[2026-04-20T14:53:26.151+0000] {manager.py:878} INFO - 
================================================================================
DAG File Processing Stats

File Path                                 PID    Runtime      # DAGs    # Errors  Last Runtime    Last Run
----------------------------------------  -----  ---------  --------  ----------  --------------  -------------------
/opt/airflow/dags/mlops_orchestration.py                           1           0  0.31s           2026-04-20T14:53:26
================================================================================
[2026-04-20T14:53:56.530+0000] {manager.py:878} INFO - 
================================================================================
DAG File Processing Stats

File Path                                 PID    Runtime      # DAGs    # Errors  Last Runtime    Last Run
----------------------------------------  -----  ---------  --------  ----------  --------------  -------------------
/opt/airflow/dags/mlops_orchestration.py                           1           0  0.31s           2026-04-20T14:53:56
================================================================================
[2026-04-20T14:54:08.439+0000] {manager.py:737} INFO - Searching for files in /opt/airflow/dags
[2026-04-20T14:54:08.463+0000] {manager.py:740} INFO - There are 1 files in /opt/airflow/dags
[2026-04-20T14:54:26.803+0000] {manager.py:878} INFO - 
================================================================================
DAG File Processing Stats

File Path                                 PID    Runtime      # DAGs    # Errors  Last Runtime    Last Run
----------------------------------------  -----  ---------  --------  ----------  --------------  -------------------
/opt/airflow/dags/mlops_orchestration.py                           1           0  0.21s           2026-04-20T14:54:26
================================================================================
[2026-04-20T14:54:57.088+0000] {manager.py:878} INFO - 
================================================================================
DAG File Processing Stats

File Path                                 PID    Runtime      # DAGs    # Errors  Last Runtime    Last Run
----------------------------------------  -----  ---------  --------  ----------  --------------  -------------------
/opt/airflow/dags/mlops_orchestration.py                           1           0  0.20s           2026-04-20T14:54:57
================================================================================
[2026-04-20T14:55:27.468+0000] {manager.py:878} INFO - 
================================================================================
DAG File Processing Stats

File Path                                 PID    Runtime      # DAGs    # Errors  Last Runtime    Last Run
----------------------------------------  -----  ---------  --------  ----------  --------------  -------------------
/opt/airflow/dags/mlops_orchestration.py                           1           0  0.31s           2026-04-20T14:55:27
================================================================================
[2026-04-20T14:55:57.960+0000] {manager.py:878} INFO - 
================================================================================
DAG File Processing Stats

File Path                                 PID    Runtime      # DAGs    # Errors  Last Runtime    Last Run
----------------------------------------  -----  ---------  --------  ----------  --------------  -------------------
/opt/airflow/dags/mlops_orchestration.py                           1           0  0.41s           2026-04-20T14:55:57
================================================================================
[2026-04-20T14:56:28.358+0000] {manager.py:878} INFO - 
================================================================================
DAG File Processing Stats

File Path                                 PID    Runtime      # DAGs    # Errors  Last Runtime    Last Run
----------------------------------------  -----  ---------  --------  ----------  --------------  -------------------
/opt/airflow/dags/mlops_orchestration.py                           1           0  0.31s           2026-04-20T14:56:28
================================================================================
[2026-04-20T14:56:58.746+0000] {manager.py:878} INFO - 
================================================================================
DAG File Processing Stats

File Path                                 PID    Runtime      # DAGs    # Errors  Last Runtime    Last Run
----------------------------------------  -----  ---------  --------  ----------  --------------  -------------------
/opt/airflow/dags/mlops_orchestration.py                           1           0  0.31s           2026-04-20T14:56:58
================================================================================
[2026-04-20T14:57:29.131+0000] {manager.py:878} INFO - 
================================================================================
DAG File Processing Stats

File Path                                 PID    Runtime      # DAGs    # Errors  Last Runtime    Last Run
----------------------------------------  -----  ---------  --------  ----------  --------------  -------------------
/opt/airflow/dags/mlops_orchestration.py                           1           0  0.30s           2026-04-20T14:57:29
================================================================================
[2026-04-20T14:57:59.411+0000] {manager.py:878} INFO - 
================================================================================
DAG File Processing Stats

File Path                                 PID    Runtime      # DAGs    # Errors  Last Runtime    Last Run
----------------------------------------  -----  ---------  --------  ----------  --------------  -------------------
/opt/airflow/dags/mlops_orchestration.py                           1           0  0.21s           2026-04-20T14:57:59
================================================================================
[2026-04-20T14:58:29.696+0000] {manager.py:878} INFO - 
================================================================================
DAG File Processing Stats

File Path                                 PID    Runtime      # DAGs    # Errors  Last Runtime    Last Run
----------------------------------------  -----  ---------  --------  ----------  --------------  -------------------
/opt/airflow/dags/mlops_orchestration.py                           1           0  0.21s           2026-04-20T14:58:29
================================================================================
[2026-04-20T14:58:59.982+0000] {manager.py:878} INFO - 
================================================================================
DAG File Processing Stats

File Path                                 PID    Runtime      # DAGs    # Errors  Last Runtime    Last Run
----------------------------------------  -----  ---------  --------  ----------  --------------  -------------------
/opt/airflow/dags/mlops_orchestration.py                           1           0  0.21s           2026-04-20T14:58:59
================================================================================
[2026-04-20T14:59:08.608+0000] {manager.py:737} INFO - Searching for files in /opt/airflow/dags
[2026-04-20T14:59:08.630+0000] {manager.py:740} INFO - There are 1 files in /opt/airflow/dags
[2026-04-20T14:59:30.286+0000] {manager.py:878} INFO - 
================================================================================
DAG File Processing Stats

File Path                                 PID    Runtime      # DAGs    # Errors  Last Runtime    Last Run
----------------------------------------  -----  ---------  --------  ----------  --------------  -------------------
/opt/airflow/dags/mlops_orchestration.py                           1           0  0.21s           2026-04-20T14:59:30
================================================================================
[2026-04-20T15:00:00.611+0000] {manager.py:878} INFO - 
================================================================================
DAG File Processing Stats

File Path                                 PID    Runtime      # DAGs    # Errors  Last Runtime    Last Run
----------------------------------------  -----  ---------  --------  ----------  --------------  -------------------
/opt/airflow/dags/mlops_orchestration.py                           1           0  0.21s           2026-04-20T15:00:00
================================================================================
[2026-04-20T15:00:30.898+0000] {manager.py:878} INFO - 
================================================================================
DAG File Processing Stats

File Path                                 PID    Runtime      # DAGs    # Errors  Last Runtime    Last Run
----------------------------------------  -----  ---------  --------  ----------  --------------  -------------------
/opt/airflow/dags/mlops_orchestration.py                           1           0  0.21s           2026-04-20T15:00:30
================================================================================
[2026-04-20T15:01:01.172+0000] {manager.py:878} INFO - 
================================================================================
DAG File Processing Stats

File Path                                 PID    Runtime      # DAGs    # Errors  Last Runtime    Last Run
----------------------------------------  -----  ---------  --------  ----------  --------------  -------------------
/opt/airflow/dags/mlops_orchestration.py                           1           0  0.21s           2026-04-20T15:01:01
================================================================================
[2026-04-20T15:01:31.555+0000] {manager.py:878} INFO - 
================================================================================
DAG File Processing Stats

File Path                                 PID    Runtime      # DAGs    # Errors  Last Runtime    Last Run
----------------------------------------  -----  ---------  --------  ----------  --------------  -------------------
/opt/airflow/dags/mlops_orchestration.py                           1           0  0.31s           2026-04-20T15:01:31
================================================================================
[2026-04-20T15:02:01.829+0000] {manager.py:878} INFO - 
================================================================================
DAG File Processing Stats

File Path                                 PID    Runtime      # DAGs    # Errors  Last Runtime    Last Run
----------------------------------------  -----  ---------  --------  ----------  --------------  -------------------
/opt/airflow/dags/mlops_orchestration.py                           1           0  0.21s           2026-04-20T15:02:01
================================================================================
[2026-04-20T15:02:32.025+0000] {manager.py:878} INFO - 
================================================================================
DAG File Processing Stats

File Path                                 PID    Runtime      # DAGs    # Errors  Last Runtime    Last Run
----------------------------------------  -----  ---------  --------  ----------  --------------  -------------------
/opt/airflow/dags/mlops_orchestration.py                           1           0  0.11s           2026-04-20T15:02:32
================================================================================
[2026-04-20T15:03:02.304+0000] {manager.py:878} INFO - 
================================================================================
DAG File Processing Stats

File Path                                 PID    Runtime      # DAGs    # Errors  Last Runtime    Last Run
----------------------------------------  -----  ---------  --------  ----------  --------------  -------------------
/opt/airflow/dags/mlops_orchestration.py                           1           0  0.21s           2026-04-20T15:03:02
================================================================================
[2026-04-20T15:03:32.587+0000] {manager.py:878} INFO - 
================================================================================
DAG File Processing Stats

File Path                                 PID    Runtime      # DAGs    # Errors  Last Runtime    Last Run
----------------------------------------  -----  ---------  --------  ----------  --------------  -------------------
/opt/airflow/dags/mlops_orchestration.py                           1           0  0.21s           2026-04-20T15:03:32
================================================================================
[2026-04-20T15:04:02.871+0000] {manager.py:878} INFO - 
================================================================================
DAG File Processing Stats

File Path                                 PID    Runtime      # DAGs    # Errors  Last Runtime    Last Run
----------------------------------------  -----  ---------  --------  ----------  --------------  -------------------
/opt/airflow/dags/mlops_orchestration.py                           1           0  0.21s           2026-04-20T15:04:02
================================================================================
[2026-04-20T15:04:08.770+0000] {manager.py:737} INFO - Searching for files in /opt/airflow/dags
[2026-04-20T15:04:08.799+0000] {manager.py:740} INFO - There are 1 files in /opt/airflow/dags
[2026-04-20T15:04:33.155+0000] {manager.py:878} INFO - 
================================================================================
DAG File Processing Stats

File Path                                 PID    Runtime      # DAGs    # Errors  Last Runtime    Last Run
----------------------------------------  -----  ---------  --------  ----------  --------------  -------------------
/opt/airflow/dags/mlops_orchestration.py                           1           0  0.21s           2026-04-20T15:04:33
================================================================================
[2026-04-20T15:05:03.442+0000] {manager.py:878} INFO - 
================================================================================
DAG File Processing Stats

File Path                                 PID    Runtime      # DAGs    # Errors  Last Runtime    Last Run
----------------------------------------  -----  ---------  --------  ----------  --------------  -------------------
/opt/airflow/dags/mlops_orchestration.py                           1           0  0.21s           2026-04-20T15:05:03
================================================================================
[2026-04-20T15:05:33.725+0000] {manager.py:878} INFO - 
================================================================================
DAG File Processing Stats

File Path                                 PID    Runtime      # DAGs    # Errors  Last Runtime    Last Run
----------------------------------------  -----  ---------  --------  ----------  --------------  -------------------
/opt/airflow/dags/mlops_orchestration.py                           1           0  0.21s           2026-04-20T15:05:33
================================================================================
[2026-04-20T15:06:04.006+0000] {manager.py:878} INFO - 
================================================================================
DAG File Processing Stats

File Path                                 PID    Runtime      # DAGs    # Errors  Last Runtime    Last Run
----------------------------------------  -----  ---------  --------  ----------  --------------  -------------------
/opt/airflow/dags/mlops_orchestration.py                           1           0  0.21s           2026-04-20T15:06:04
================================================================================
[2026-04-20T15:06:34.304+0000] {manager.py:878} INFO - 
================================================================================
DAG File Processing Stats

File Path                                 PID    Runtime      # DAGs    # Errors  Last Runtime    Last Run
----------------------------------------  -----  ---------  --------  ----------  --------------  -------------------
/opt/airflow/dags/mlops_orchestration.py                           1           0  0.21s           2026-04-20T15:06:34
================================================================================
[2026-04-20T15:07:04.709+0000] {manager.py:878} INFO - 
================================================================================
DAG File Processing Stats

File Path                                 PID    Runtime      # DAGs    # Errors  Last Runtime    Last Run
----------------------------------------  -----  ---------  --------  ----------  --------------  -------------------
/opt/airflow/dags/mlops_orchestration.py                           1           0  0.31s           2026-04-20T15:07:04
================================================================================
[2026-04-20T15:07:35.101+0000] {manager.py:878} INFO - 
================================================================================
DAG File Processing Stats

File Path                                 PID    Runtime      # DAGs    # Errors  Last Runtime    Last Run
----------------------------------------  -----  ---------  --------  ----------  --------------  -------------------
/opt/airflow/dags/mlops_orchestration.py                           1           0  0.31s           2026-04-20T15:07:35
================================================================================
[2026-04-20T15:08:05.417+0000] {manager.py:878} INFO - 
================================================================================
DAG File Processing Stats

File Path                                 PID    Runtime      # DAGs    # Errors  Last Runtime    Last Run
----------------------------------------  -----  ---------  --------  ----------  --------------  -------------------
/opt/airflow/dags/mlops_orchestration.py                           1           0  0.22s           2026-04-20T15:08:05
================================================================================
[2026-04-20T15:08:35.717+0000] {manager.py:878} INFO - 
================================================================================
DAG File Processing Stats

File Path                                 PID    Runtime      # DAGs    # Errors  Last Runtime    Last Run
----------------------------------------  -----  ---------  --------  ----------  --------------  -------------------
/opt/airflow/dags/mlops_orchestration.py                           1           0  0.21s           2026-04-20T15:08:35
================================================================================
[2026-04-20T15:09:06.040+0000] {manager.py:878} INFO - 
================================================================================
DAG File Processing Stats

File Path                                 PID    Runtime      # DAGs    # Errors  Last Runtime    Last Run
----------------------------------------  -----  ---------  --------  ----------  --------------  -------------------
/opt/airflow/dags/mlops_orchestration.py                           1           0  0.21s           2026-04-20T15:09:06
================================================================================
[2026-04-20T15:09:08.965+0000] {manager.py:737} INFO - Searching for files in /opt/airflow/dags
[2026-04-20T15:09:09.027+0000] {manager.py:740} INFO - There are 1 files in /opt/airflow/dags
[2026-04-20T15:09:36.353+0000] {manager.py:878} INFO - 
================================================================================
DAG File Processing Stats

File Path                                 PID    Runtime      # DAGs    # Errors  Last Runtime    Last Run
----------------------------------------  -----  ---------  --------  ----------  --------------  -------------------
/opt/airflow/dags/mlops_orchestration.py                           1           0  0.21s           2026-04-20T15:09:36
================================================================================
[2026-04-20T15:10:06.763+0000] {manager.py:878} INFO - 
================================================================================
DAG File Processing Stats

File Path                                 PID    Runtime      # DAGs    # Errors  Last Runtime    Last Run
----------------------------------------  -----  ---------  --------  ----------  --------------  -------------------
/opt/airflow/dags/mlops_orchestration.py                           1           0  0.32s           2026-04-20T15:10:06
================================================================================
[2026-04-20T15:10:37.189+0000] {manager.py:878} INFO - 
================================================================================
DAG File Processing Stats

File Path                                 PID    Runtime      # DAGs    # Errors  Last Runtime    Last Run
----------------------------------------  -----  ---------  --------  ----------  --------------  -------------------
/opt/airflow/dags/mlops_orchestration.py                           1           0  0.31s           2026-04-20T15:10:37
================================================================================
[2026-04-20T15:11:07.438+0000] {manager.py:878} INFO - 
================================================================================
DAG File Processing Stats

File Path                                 PID    Runtime      # DAGs    # Errors  Last Runtime    Last Run
----------------------------------------  -----  ---------  --------  ----------  --------------  -------------------
/opt/airflow/dags/mlops_orchestration.py                           1           0  0.21s           2026-04-20T15:11:07
================================================================================
[2026-04-20T15:11:37.830+0000] {manager.py:878} INFO - 
================================================================================
DAG File Processing Stats

File Path                                 PID    Runtime      # DAGs    # Errors  Last Runtime    Last Run
----------------------------------------  -----  ---------  --------  ----------  --------------  -------------------
/opt/airflow/dags/mlops_orchestration.py                           1           0  0.31s           2026-04-20T15:11:37
================================================================================
[2026-04-20T15:12:08.148+0000] {manager.py:878} INFO - 
================================================================================
DAG File Processing Stats

File Path                                 PID    Runtime      # DAGs    # Errors  Last Runtime    Last Run
----------------------------------------  -----  ---------  --------  ----------  --------------  -------------------
/opt/airflow/dags/mlops_orchestration.py                           1           0  0.21s           2026-04-20T15:12:08
================================================================================
[2026-04-20T15:12:38.450+0000] {manager.py:878} INFO - 
================================================================================
DAG File Processing Stats

File Path                                 PID    Runtime      # DAGs    # Errors  Last Runtime    Last Run
----------------------------------------  -----  ---------  --------  ----------  --------------  -------------------
/opt/airflow/dags/mlops_orchestration.py                           1           0  0.21s           2026-04-20T15:12:38
================================================================================
[2026-04-20T15:13:08.882+0000] {manager.py:878} INFO - 
================================================================================
DAG File Processing Stats

File Path                                 PID    Runtime      # DAGs    # Errors  Last Runtime    Last Run
----------------------------------------  -----  ---------  --------  ----------  --------------  -------------------
/opt/airflow/dags/mlops_orchestration.py                           1           0  0.33s           2026-04-20T15:13:08
================================================================================
[2026-04-20T15:13:39.200+0000] {manager.py:878} INFO - 
================================================================================
DAG File Processing Stats

File Path                                 PID    Runtime      # DAGs    # Errors  Last Runtime    Last Run
----------------------------------------  -----  ---------  --------  ----------  --------------  -------------------
/opt/airflow/dags/mlops_orchestration.py                           1           0  0.21s           2026-04-20T15:13:39
================================================================================
[2026-04-20T15:14:09.016+0000] {manager.py:737} INFO - Searching for files in /opt/airflow/dags
[2026-04-20T15:14:09.058+0000] {manager.py:740} INFO - There are 1 files in /opt/airflow/dags
[2026-04-20T15:14:09.456+0000] {manager.py:878} INFO - 
================================================================================
DAG File Processing Stats

File Path                                 PID    Runtime      # DAGs    # Errors  Last Runtime    Last Run
----------------------------------------  -----  ---------  --------  ----------  --------------  -------------------
/opt/airflow/dags/mlops_orchestration.py                           1           0  0.21s           2026-04-20T15:14:09
================================================================================
[2026-04-20T15:14:39.776+0000] {manager.py:878} INFO - 
================================================================================
DAG File Processing Stats

File Path                                 PID    Runtime      # DAGs    # Errors  Last Runtime    Last Run
----------------------------------------  -----  ---------  --------  ----------  --------------  -------------------
/opt/airflow/dags/mlops_orchestration.py                           1           0  0.21s           2026-04-20T15:14:39
================================================================================
[2026-04-20T15:15:10.078+0000] {manager.py:878} INFO - 
================================================================================
DAG File Processing Stats

File Path                                 PID    Runtime      # DAGs    # Errors  Last Runtime    Last Run
----------------------------------------  -----  ---------  --------  ----------  --------------  -------------------
/opt/airflow/dags/mlops_orchestration.py                           1           0  0.21s           2026-04-20T15:15:10
================================================================================
[2026-04-20T15:15:40.374+0000] {manager.py:878} INFO - 
================================================================================
DAG File Processing Stats

File Path                                 PID    Runtime      # DAGs    # Errors  Last Runtime    Last Run
----------------------------------------  -----  ---------  --------  ----------  --------------  -------------------
/opt/airflow/dags/mlops_orchestration.py                           1           0  0.21s           2026-04-20T15:15:40
================================================================================
[2026-04-20T15:16:10.689+0000] {manager.py:878} INFO - 
================================================================================
DAG File Processing Stats

File Path                                 PID    Runtime      # DAGs    # Errors  Last Runtime    Last Run
----------------------------------------  -----  ---------  --------  ----------  --------------  -------------------
/opt/airflow/dags/mlops_orchestration.py                           1           0  0.22s           2026-04-20T15:16:10
================================================================================
[2026-04-20T15:16:41.102+0000] {manager.py:878} INFO - 
================================================================================
DAG File Processing Stats

File Path                                 PID    Runtime      # DAGs    # Errors  Last Runtime    Last Run
----------------------------------------  -----  ---------  --------  ----------  --------------  -------------------
/opt/airflow/dags/mlops_orchestration.py                           1           0  0.31s           2026-04-20T15:16:41
================================================================================
[2026-04-20T15:17:11.429+0000] {manager.py:878} INFO - 
================================================================================
DAG File Processing Stats

File Path                                 PID    Runtime      # DAGs    # Errors  Last Runtime    Last Run
----------------------------------------  -----  ---------  --------  ----------  --------------  -------------------
/opt/airflow/dags/mlops_orchestration.py                           1           0  0.21s           2026-04-20T15:17:11
================================================================================
[2026-04-20T15:17:41.834+0000] {manager.py:878} INFO - 
================================================================================
DAG File Processing Stats

File Path                                 PID    Runtime      # DAGs    # Errors  Last Runtime    Last Run
----------------------------------------  -----  ---------  --------  ----------  --------------  -------------------
/opt/airflow/dags/mlops_orchestration.py                           1           0  0.31s           2026-04-20T15:17:41
================================================================================
[2026-04-20T15:18:12.164+0000] {manager.py:878} INFO - 
================================================================================
DAG File Processing Stats

File Path                                 PID    Runtime      # DAGs    # Errors  Last Runtime    Last Run
----------------------------------------  -----  ---------  --------  ----------  --------------  -------------------
/opt/airflow/dags/mlops_orchestration.py                           1           0  0.21s           2026-04-20T15:18:12
================================================================================
[2026-04-20T15:18:42.488+0000] {manager.py:878} INFO - 
================================================================================
DAG File Processing Stats

File Path                                 PID    Runtime      # DAGs    # Errors  Last Runtime    Last Run
----------------------------------------  -----  ---------  --------  ----------  --------------  -------------------
/opt/airflow/dags/mlops_orchestration.py                           1           0  0.22s           2026-04-20T15:18:42
================================================================================
[2026-04-20T15:19:09.694+0000] {manager.py:737} INFO - Searching for files in /opt/airflow/dags
[2026-04-20T15:19:09.737+0000] {manager.py:740} INFO - There are 1 files in /opt/airflow/dags
[2026-04-20T15:19:12.902+0000] {manager.py:878} INFO - 
================================================================================
DAG File Processing Stats

File Path                                 PID    Runtime      # DAGs    # Errors  Last Runtime    Last Run
----------------------------------------  -----  ---------  --------  ----------  --------------  -------------------
/opt/airflow/dags/mlops_orchestration.py                           1           0  0.31s           2026-04-20T15:19:12
================================================================================
[2026-04-20T15:19:43.233+0000] {manager.py:878} INFO - 
================================================================================
DAG File Processing Stats

File Path                                 PID    Runtime      # DAGs    # Errors  Last Runtime    Last Run
----------------------------------------  -----  ---------  --------  ----------  --------------  -------------------
/opt/airflow/dags/mlops_orchestration.py                           1           0  0.21s           2026-04-20T15:19:43
================================================================================
[2026-04-20T15:20:13.641+0000] {manager.py:878} INFO - 
================================================================================
DAG File Processing Stats

File Path                                 PID    Runtime      # DAGs    # Errors  Last Runtime    Last Run
----------------------------------------  -----  ---------  --------  ----------  --------------  -------------------
/opt/airflow/dags/mlops_orchestration.py                           1           0  0.31s           2026-04-20T15:20:13
================================================================================
[2026-04-20T15:20:44.168+0000] {manager.py:878} INFO - 
================================================================================
DAG File Processing Stats

File Path                                 PID    Runtime      # DAGs    # Errors  Last Runtime    Last Run
----------------------------------------  -----  ---------  --------  ----------  --------------  -------------------
/opt/airflow/dags/mlops_orchestration.py                           1           0  0.41s           2026-04-20T15:20:44
================================================================================
[2026-04-20T15:21:14.486+0000] {manager.py:878} INFO - 
================================================================================
DAG File Processing Stats

File Path                                 PID    Runtime      # DAGs    # Errors  Last Runtime    Last Run
----------------------------------------  -----  ---------  --------  ----------  --------------  -------------------
/opt/airflow/dags/mlops_orchestration.py                           1           0  0.22s           2026-04-20T15:21:14
================================================================================
[2026-04-20T15:21:44.817+0000] {manager.py:878} INFO - 
================================================================================
DAG File Processing Stats

File Path                                 PID    Runtime      # DAGs    # Errors  Last Runtime    Last Run
----------------------------------------  -----  ---------  --------  ----------  --------------  -------------------
/opt/airflow/dags/mlops_orchestration.py                           1           0  0.21s           2026-04-20T15:21:44
================================================================================
[2026-04-20T15:22:15.251+0000] {manager.py:878} INFO - 
================================================================================
DAG File Processing Stats

File Path                                 PID    Runtime      # DAGs    # Errors  Last Runtime    Last Run
----------------------------------------  -----  ---------  --------  ----------  --------------  -------------------
/opt/airflow/dags/mlops_orchestration.py                           1           0  0.33s           2026-04-20T15:22:15
================================================================================
[2026-04-20T15:22:45.677+0000] {manager.py:878} INFO - 
================================================================================
DAG File Processing Stats

File Path                                 PID    Runtime      # DAGs    # Errors  Last Runtime    Last Run
----------------------------------------  -----  ---------  --------  ----------  --------------  -------------------
/opt/airflow/dags/mlops_orchestration.py                           1           0  0.31s           2026-04-20T15:22:45
================================================================================
[2026-04-20T15:23:16.100+0000] {manager.py:878} INFO - 
================================================================================
DAG File Processing Stats

File Path                                 PID    Runtime      # DAGs    # Errors  Last Runtime    Last Run
----------------------------------------  -----  ---------  --------  ----------  --------------  -------------------
/opt/airflow/dags/mlops_orchestration.py                           1           0  0.31s           2026-04-20T15:23:16
================================================================================
[2026-04-20T15:23:46.737+0000] {manager.py:878} INFO - 
================================================================================
DAG File Processing Stats

File Path                                 PID    Runtime      # DAGs    # Errors  Last Runtime    Last Run
----------------------------------------  -----  ---------  --------  ----------  --------------  -------------------
/opt/airflow/dags/mlops_orchestration.py                           1           0  0.52s           2026-04-20T15:23:46
================================================================================
[2026-04-20T15:24:09.954+0000] {manager.py:737} INFO - Searching for files in /opt/airflow/dags
[2026-04-20T15:24:10.110+0000] {manager.py:740} INFO - There are 1 files in /opt/airflow/dags
[2026-04-20T15:24:17.175+0000] {manager.py:878} INFO - 
================================================================================
DAG File Processing Stats

File Path                                 PID    Runtime      # DAGs    # Errors  Last Runtime    Last Run
----------------------------------------  -----  ---------  --------  ----------  --------------  -------------------
/opt/airflow/dags/mlops_orchestration.py                           1           0  0.32s           2026-04-20T15:24:17
================================================================================
[2026-04-20T15:24:47.593+0000] {manager.py:878} INFO - 
================================================================================
DAG File Processing Stats

File Path                                 PID    Runtime      # DAGs    # Errors  Last Runtime    Last Run
----------------------------------------  -----  ---------  --------  ----------  --------------  -------------------
/opt/airflow/dags/mlops_orchestration.py                           1           0  0.32s           2026-04-20T15:24:47
================================================================================
[2026-04-20T15:25:18.175+0000] {manager.py:878} INFO - 
================================================================================
DAG File Processing Stats

File Path                                 PID    Runtime      # DAGs    # Errors  Last Runtime    Last Run
----------------------------------------  -----  ---------  --------  ----------  --------------  -------------------
/opt/airflow/dags/mlops_orchestration.py                           1           0  0.43s           2026-04-20T15:25:18
================================================================================
[2026-04-20T15:25:48.788+0000] {manager.py:878} INFO - 
================================================================================
DAG File Processing Stats

File Path                                 PID    Runtime      # DAGs    # Errors  Last Runtime    Last Run
----------------------------------------  -----  ---------  --------  ----------  --------------  -------------------
/opt/airflow/dags/mlops_orchestration.py                           1           0  0.46s           2026-04-20T15:25:48
================================================================================
[2026-04-20T15:26:19.183+0000] {manager.py:878} INFO - 
================================================================================
DAG File Processing Stats

File Path                                 PID    Runtime      # DAGs    # Errors  Last Runtime    Last Run
----------------------------------------  -----  ---------  --------  ----------  --------------  -------------------
/opt/airflow/dags/mlops_orchestration.py                           1           0  0.21s           2026-04-20T15:26:19
================================================================================
[2026-04-20T15:26:49.501+0000] {manager.py:878} INFO - 
================================================================================
DAG File Processing Stats

File Path                                 PID    Runtime      # DAGs    # Errors  Last Runtime    Last Run
----------------------------------------  -----  ---------  --------  ----------  --------------  -------------------
/opt/airflow/dags/mlops_orchestration.py                           1           0  0.21s           2026-04-20T15:26:49
================================================================================
[2026-04-20T15:27:19.832+0000] {manager.py:878} INFO - 
================================================================================
DAG File Processing Stats

File Path                                 PID    Runtime      # DAGs    # Errors  Last Runtime    Last Run
----------------------------------------  -----  ---------  --------  ----------  --------------  -------------------
/opt/airflow/dags/mlops_orchestration.py                           1           0  0.23s           2026-04-20T15:27:19
================================================================================
[2026-04-20T15:27:50.155+0000] {manager.py:878} INFO - 
================================================================================
DAG File Processing Stats

File Path                                 PID    Runtime      # DAGs    # Errors  Last Runtime    Last Run
----------------------------------------  -----  ---------  --------  ----------  --------------  -------------------
/opt/airflow/dags/mlops_orchestration.py                           1           0  0.21s           2026-04-20T15:27:50
================================================================================
[2026-04-20T15:28:20.447+0000] {manager.py:878} INFO - 
================================================================================
DAG File Processing Stats

File Path                                 PID    Runtime      # DAGs    # Errors  Last Runtime    Last Run
----------------------------------------  -----  ---------  --------  ----------  --------------  -------------------
/opt/airflow/dags/mlops_orchestration.py                           1           0  0.21s           2026-04-20T15:28:20
================================================================================
[2026-04-20T15:28:50.775+0000] {manager.py:878} INFO - 
================================================================================
DAG File Processing Stats

File Path                                 PID    Runtime      # DAGs    # Errors  Last Runtime    Last Run
----------------------------------------  -----  ---------  --------  ----------  --------------  -------------------
/opt/airflow/dags/mlops_orchestration.py                           1           0  0.21s           2026-04-20T15:28:50
================================================================================
[2026-04-20T15:29:10.351+0000] {manager.py:737} INFO - Searching for files in /opt/airflow/dags
[2026-04-20T15:29:10.390+0000] {manager.py:740} INFO - There are 1 files in /opt/airflow/dags
[2026-04-20T15:29:21.089+0000] {manager.py:878} INFO - 
================================================================================
DAG File Processing Stats

File Path                                 PID    Runtime      # DAGs    # Errors  Last Runtime    Last Run
----------------------------------------  -----  ---------  --------  ----------  --------------  -------------------
/opt/airflow/dags/mlops_orchestration.py                           1           0  0.21s           2026-04-20T15:29:21
================================================================================
[2026-04-20T15:29:51.395+0000] {manager.py:878} INFO - 
================================================================================
DAG File Processing Stats

File Path                                 PID    Runtime      # DAGs    # Errors  Last Runtime    Last Run
----------------------------------------  -----  ---------  --------  ----------  --------------  -------------------
/opt/airflow/dags/mlops_orchestration.py                           1           0  0.21s           2026-04-20T15:29:51
================================================================================
[2026-04-20T15:30:21.719+0000] {manager.py:878} INFO - 
================================================================================
DAG File Processing Stats

File Path                                 PID    Runtime      # DAGs    # Errors  Last Runtime    Last Run
----------------------------------------  -----  ---------  --------  ----------  --------------  -------------------
/opt/airflow/dags/mlops_orchestration.py                           1           0  0.22s           2026-04-20T15:30:21
================================================================================
[2026-04-20T15:30:52.027+0000] {manager.py:878} INFO - 
================================================================================
DAG File Processing Stats

File Path                                 PID    Runtime      # DAGs    # Errors  Last Runtime    Last Run
----------------------------------------  -----  ---------  --------  ----------  --------------  -------------------
/opt/airflow/dags/mlops_orchestration.py                           1           0  0.21s           2026-04-20T15:30:52
================================================================================
[2026-04-20T15:31:22.330+0000] {manager.py:878} INFO - 
================================================================================
DAG File Processing Stats

File Path                                 PID    Runtime      # DAGs    # Errors  Last Runtime    Last Run
----------------------------------------  -----  ---------  --------  ----------  --------------  -------------------
/opt/airflow/dags/mlops_orchestration.py                           1           0  0.21s           2026-04-20T15:31:22
================================================================================
[2026-04-20T15:31:52.743+0000] {manager.py:878} INFO - 
================================================================================
DAG File Processing Stats

File Path                                 PID    Runtime      # DAGs    # Errors  Last Runtime    Last Run
----------------------------------------  -----  ---------  --------  ----------  --------------  -------------------
/opt/airflow/dags/mlops_orchestration.py                           1           0  0.31s           2026-04-20T15:31:52
================================================================================
[2026-04-20T15:32:23.049+0000] {manager.py:878} INFO - 
================================================================================
DAG File Processing Stats

File Path                                 PID    Runtime      # DAGs    # Errors  Last Runtime    Last Run
----------------------------------------  -----  ---------  --------  ----------  --------------  -------------------
/opt/airflow/dags/mlops_orchestration.py                           1           0  0.21s           2026-04-20T15:32:23
================================================================================
[2026-04-20T15:32:53.367+0000] {manager.py:878} INFO - 
================================================================================
DAG File Processing Stats

File Path                                 PID    Runtime      # DAGs    # Errors  Last Runtime    Last Run
----------------------------------------  -----  ---------  --------  ----------  --------------  -------------------
/opt/airflow/dags/mlops_orchestration.py                           1           0  0.21s           2026-04-20T15:32:53
================================================================================
[2026-04-20T15:33:23.677+0000] {manager.py:878} INFO - 
================================================================================
DAG File Processing Stats

File Path                                 PID    Runtime      # DAGs    # Errors  Last Runtime    Last Run
----------------------------------------  -----  ---------  --------  ----------  --------------  -------------------
/opt/airflow/dags/mlops_orchestration.py                           1           0  0.21s           2026-04-20T15:33:23
================================================================================
[2026-04-20T15:33:53.976+0000] {manager.py:878} INFO - 
================================================================================
DAG File Processing Stats

File Path                                 PID    Runtime      # DAGs    # Errors  Last Runtime    Last Run
----------------------------------------  -----  ---------  --------  ----------  --------------  -------------------
/opt/airflow/dags/mlops_orchestration.py                           1           0  0.21s           2026-04-20T15:33:53
================================================================================
[2026-04-20T15:34:10.616+0000] {manager.py:737} INFO - Searching for files in /opt/airflow/dags
[2026-04-20T15:34:10.654+0000] {manager.py:740} INFO - There are 1 files in /opt/airflow/dags
[2026-04-20T15:34:24.304+0000] {manager.py:878} INFO - 
================================================================================
DAG File Processing Stats

File Path                                 PID    Runtime      # DAGs    # Errors  Last Runtime    Last Run
----------------------------------------  -----  ---------  --------  ----------  --------------  -------------------
/opt/airflow/dags/mlops_orchestration.py                           1           0  0.21s           2026-04-20T15:34:24
================================================================================
[2026-04-20T15:34:54.704+0000] {manager.py:878} INFO - 
================================================================================
DAG File Processing Stats

File Path                                 PID    Runtime      # DAGs    # Errors  Last Runtime    Last Run
----------------------------------------  -----  ---------  --------  ----------  --------------  -------------------
/opt/airflow/dags/mlops_orchestration.py                           1           0  0.31s           2026-04-20T15:34:54
================================================================================
[2026-04-20T15:35:25.102+0000] {manager.py:878} INFO - 
================================================================================
DAG File Processing Stats

File Path                                 PID    Runtime      # DAGs    # Errors  Last Runtime    Last Run
----------------------------------------  -----  ---------  --------  ----------  --------------  -------------------
/opt/airflow/dags/mlops_orchestration.py                           1           0  0.31s           2026-04-20T15:35:25
================================================================================
[2026-04-20T15:35:55.407+0000] {manager.py:878} INFO - 
================================================================================
DAG File Processing Stats

File Path                                 PID    Runtime      # DAGs    # Errors  Last Runtime    Last Run
----------------------------------------  -----  ---------  --------  ----------  --------------  -------------------
/opt/airflow/dags/mlops_orchestration.py                           1           0  0.21s           2026-04-20T15:35:55
================================================================================
[2026-04-20T15:36:25.724+0000] {manager.py:878} INFO - 
================================================================================
DAG File Processing Stats

File Path                                 PID    Runtime      # DAGs    # Errors  Last Runtime    Last Run
----------------------------------------  -----  ---------  --------  ----------  --------------  -------------------
/opt/airflow/dags/mlops_orchestration.py                           1           0  0.21s           2026-04-20T15:36:25
================================================================================
[2026-04-20T15:36:56.025+0000] {manager.py:878} INFO - 
================================================================================
DAG File Processing Stats

File Path                                 PID    Runtime      # DAGs    # Errors  Last Runtime    Last Run
----------------------------------------  -----  ---------  --------  ----------  --------------  -------------------
/opt/airflow/dags/mlops_orchestration.py                           1           0  0.21s           2026-04-20T15:36:56
================================================================================
[2026-04-20T15:37:26.324+0000] {manager.py:878} INFO - 
================================================================================
DAG File Processing Stats

File Path                                 PID    Runtime      # DAGs    # Errors  Last Runtime    Last Run
----------------------------------------  -----  ---------  --------  ----------  --------------  -------------------
/opt/airflow/dags/mlops_orchestration.py                           1           0  0.21s           2026-04-20T15:37:26
================================================================================
[2026-04-20T15:37:56.635+0000] {manager.py:878} INFO - 
================================================================================
DAG File Processing Stats

File Path                                 PID    Runtime      # DAGs    # Errors  Last Runtime    Last Run
----------------------------------------  -----  ---------  --------  ----------  --------------  -------------------
/opt/airflow/dags/mlops_orchestration.py                           1           0  0.21s           2026-04-20T15:37:56
================================================================================
[2026-04-20T15:38:26.936+0000] {manager.py:878} INFO - 
================================================================================
DAG File Processing Stats

File Path                                 PID    Runtime      # DAGs    # Errors  Last Runtime    Last Run
----------------------------------------  -----  ---------  --------  ----------  --------------  -------------------
/opt/airflow/dags/mlops_orchestration.py                           1           0  0.21s           2026-04-20T15:38:26
================================================================================
[2026-04-20T15:38:57.341+0000] {manager.py:878} INFO - 
================================================================================
DAG File Processing Stats

File Path                                 PID    Runtime      # DAGs    # Errors  Last Runtime    Last Run
----------------------------------------  -----  ---------  --------  ----------  --------------  -------------------
/opt/airflow/dags/mlops_orchestration.py                           1           0  0.31s           2026-04-20T15:38:57
================================================================================
[2026-04-20T15:39:10.864+0000] {manager.py:737} INFO - Searching for files in /opt/airflow/dags
[2026-04-20T15:39:10.927+0000] {manager.py:740} INFO - There are 1 files in /opt/airflow/dags
[2026-04-20T15:39:27.656+0000] {manager.py:878} INFO - 
================================================================================
DAG File Processing Stats

File Path                                 PID    Runtime      # DAGs    # Errors  Last Runtime    Last Run
----------------------------------------  -----  ---------  --------  ----------  --------------  -------------------
/opt/airflow/dags/mlops_orchestration.py                           1           0  0.21s           2026-04-20T15:39:27
================================================================================
[2026-04-20T15:39:57.955+0000] {manager.py:878} INFO - 
================================================================================
DAG File Processing Stats

File Path                                 PID    Runtime      # DAGs    # Errors  Last Runtime    Last Run
----------------------------------------  -----  ---------  --------  ----------  --------------  -------------------
/opt/airflow/dags/mlops_orchestration.py                           1           0  0.21s           2026-04-20T15:39:57
================================================================================
[2026-04-20T15:40:28.387+0000] {manager.py:878} INFO - 
================================================================================
DAG File Processing Stats

File Path                                 PID    Runtime      # DAGs    # Errors  Last Runtime    Last Run
----------------------------------------  -----  ---------  --------  ----------  --------------  -------------------
/opt/airflow/dags/mlops_orchestration.py                           1           0  0.31s           2026-04-20T15:40:28
================================================================================
[2026-04-20T15:40:58.719+0000] {manager.py:878} INFO - 
================================================================================
DAG File Processing Stats

File Path                                 PID    Runtime      # DAGs    # Errors  Last Runtime    Last Run
----------------------------------------  -----  ---------  --------  ----------  --------------  -------------------
/opt/airflow/dags/mlops_orchestration.py                           1           0  0.21s           2026-04-20T15:40:58
================================================================================
[2026-04-20T15:41:29.136+0000] {manager.py:878} INFO - 
================================================================================
DAG File Processing Stats

File Path                                 PID    Runtime      # DAGs    # Errors  Last Runtime    Last Run
----------------------------------------  -----  ---------  --------  ----------  --------------  -------------------
/opt/airflow/dags/mlops_orchestration.py                           1           0  0.31s           2026-04-20T15:41:29
================================================================================
[2026-04-20T15:41:59.432+0000] {manager.py:878} INFO - 
================================================================================
DAG File Processing Stats

File Path                                 PID    Runtime      # DAGs    # Errors  Last Runtime    Last Run
----------------------------------------  -----  ---------  --------  ----------  --------------  -------------------
/opt/airflow/dags/mlops_orchestration.py                           1           0  0.21s           2026-04-20T15:41:59
================================================================================
[2026-04-20T15:42:29.765+0000] {manager.py:878} INFO - 
================================================================================
DAG File Processing Stats

File Path                                 PID    Runtime      # DAGs    # Errors  Last Runtime    Last Run
----------------------------------------  -----  ---------  --------  ----------  --------------  -------------------
/opt/airflow/dags/mlops_orchestration.py                           1           0  0.22s           2026-04-20T15:42:29
================================================================================
[2026-04-20T15:43:00.066+0000] {manager.py:878} INFO - 
================================================================================
DAG File Processing Stats

File Path                                 PID    Runtime      # DAGs    # Errors  Last Runtime    Last Run
----------------------------------------  -----  ---------  --------  ----------  --------------  -------------------
/opt/airflow/dags/mlops_orchestration.py                           1           0  0.21s           2026-04-20T15:43:00
================================================================================
[2026-04-20T15:43:30.380+0000] {manager.py:878} INFO - 
================================================================================
DAG File Processing Stats

File Path                                 PID    Runtime      # DAGs    # Errors  Last Runtime    Last Run
----------------------------------------  -----  ---------  --------  ----------  --------------  -------------------
/opt/airflow/dags/mlops_orchestration.py                           1           0  0.21s           2026-04-20T15:43:30
================================================================================
[2026-04-20T15:44:00.787+0000] {manager.py:878} INFO - 
================================================================================
DAG File Processing Stats

File Path                                 PID    Runtime      # DAGs    # Errors  Last Runtime    Last Run
----------------------------------------  -----  ---------  --------  ----------  --------------  -------------------
/opt/airflow/dags/mlops_orchestration.py                           1           0  0.31s           2026-04-20T15:44:00
================================================================================
[2026-04-20T15:44:10.877+0000] {manager.py:737} INFO - Searching for files in /opt/airflow/dags
[2026-04-20T15:44:10.922+0000] {manager.py:740} INFO - There are 1 files in /opt/airflow/dags
[2026-04-20T15:44:31.076+0000] {manager.py:878} INFO - 
================================================================================
DAG File Processing Stats

File Path                                 PID    Runtime      # DAGs    # Errors  Last Runtime    Last Run
----------------------------------------  -----  ---------  --------  ----------  --------------  -------------------
/opt/airflow/dags/mlops_orchestration.py                           1           0  0.21s           2026-04-20T15:44:31
================================================================================
[2026-04-20T15:45:01.468+0000] {manager.py:878} INFO - 
================================================================================
DAG File Processing Stats

File Path                                 PID    Runtime      # DAGs    # Errors  Last Runtime    Last Run
----------------------------------------  -----  ---------  --------  ----------  --------------  -------------------
/opt/airflow/dags/mlops_orchestration.py                           1           0  0.32s           2026-04-20T15:45:01
================================================================================
[2026-04-20T15:45:31.784+0000] {manager.py:878} INFO - 
================================================================================
DAG File Processing Stats

File Path                                 PID    Runtime      # DAGs    # Errors  Last Runtime    Last Run
----------------------------------------  -----  ---------  --------  ----------  --------------  -------------------
/opt/airflow/dags/mlops_orchestration.py                           1           0  0.21s           2026-04-20T15:45:31
================================================================================
[2026-04-20T15:46:02.083+0000] {manager.py:878} INFO - 
================================================================================
DAG File Processing Stats

File Path                                 PID    Runtime      # DAGs    # Errors  Last Runtime    Last Run
----------------------------------------  -----  ---------  --------  ----------  --------------  -------------------
/opt/airflow/dags/mlops_orchestration.py                           1           0  0.21s           2026-04-20T15:46:02
================================================================================
[2026-04-20T15:46:32.491+0000] {manager.py:878} INFO - 
================================================================================
DAG File Processing Stats

File Path                                 PID    Runtime      # DAGs    # Errors  Last Runtime    Last Run
----------------------------------------  -----  ---------  --------  ----------  --------------  -------------------
/opt/airflow/dags/mlops_orchestration.py                           1           0  0.31s           2026-04-20T15:46:32
================================================================================
[2026-04-20T15:47:02.825+0000] {manager.py:878} INFO - 
================================================================================
DAG File Processing Stats

File Path                                 PID    Runtime      # DAGs    # Errors  Last Runtime    Last Run
----------------------------------------  -----  ---------  --------  ----------  --------------  -------------------
/opt/airflow/dags/mlops_orchestration.py                           1           0  0.21s           2026-04-20T15:47:02
================================================================================
[2026-04-20T15:47:33.116+0000] {manager.py:878} INFO - 
================================================================================
DAG File Processing Stats

File Path                                 PID    Runtime      # DAGs    # Errors  Last Runtime    Last Run
----------------------------------------  -----  ---------  --------  ----------  --------------  -------------------
/opt/airflow/dags/mlops_orchestration.py                           1           0  0.21s           2026-04-20T15:47:33
================================================================================
[2026-04-20T15:48:03.429+0000] {manager.py:878} INFO - 
================================================================================
DAG File Processing Stats

File Path                                 PID    Runtime      # DAGs    # Errors  Last Runtime    Last Run
----------------------------------------  -----  ---------  --------  ----------  --------------  -------------------
/opt/airflow/dags/mlops_orchestration.py                           1           0  0.22s           2026-04-20T15:48:03
================================================================================
[2026-04-20T15:48:33.773+0000] {manager.py:878} INFO - 
================================================================================
DAG File Processing Stats

File Path                                 PID    Runtime      # DAGs    # Errors  Last Runtime    Last Run
----------------------------------------  -----  ---------  --------  ----------  --------------  -------------------
/opt/airflow/dags/mlops_orchestration.py                           1           0  0.21s           2026-04-20T15:48:33
================================================================================
[2026-04-20T15:49:04.187+0000] {manager.py:878} INFO - 
================================================================================
DAG File Processing Stats

File Path                                 PID    Runtime      # DAGs    # Errors  Last Runtime    Last Run
----------------------------------------  -----  ---------  --------  ----------  --------------  -------------------
/opt/airflow/dags/mlops_orchestration.py                           1           0  0.32s           2026-04-20T15:49:04
================================================================================
[2026-04-20T15:49:11.334+0000] {manager.py:737} INFO - Searching for files in /opt/airflow/dags
[2026-04-20T15:49:11.371+0000] {manager.py:740} INFO - There are 1 files in /opt/airflow/dags
[2026-04-20T15:49:34.493+0000] {manager.py:878} INFO - 
================================================================================
DAG File Processing Stats

File Path                                 PID    Runtime      # DAGs    # Errors  Last Runtime    Last Run
----------------------------------------  -----  ---------  --------  ----------  --------------  -------------------
/opt/airflow/dags/mlops_orchestration.py                           1           0  0.21s           2026-04-20T15:49:34
================================================================================
[2026-04-20T15:50:04.886+0000] {manager.py:878} INFO - 
================================================================================
DAG File Processing Stats

File Path                                 PID    Runtime      # DAGs    # Errors  Last Runtime    Last Run
----------------------------------------  -----  ---------  --------  ----------  --------------  -------------------
/opt/airflow/dags/mlops_orchestration.py                           1           0  0.22s           2026-04-20T15:50:04
================================================================================
[2026-04-20T15:50:35.197+0000] {manager.py:878} INFO - 
================================================================================
DAG File Processing Stats

File Path                                 PID    Runtime      # DAGs    # Errors  Last Runtime    Last Run
----------------------------------------  -----  ---------  --------  ----------  --------------  -------------------
/opt/airflow/dags/mlops_orchestration.py                           1           0  0.21s           2026-04-20T15:50:35
================================================================================
[2026-04-20T15:51:05.628+0000] {manager.py:878} INFO - 
================================================================================
DAG File Processing Stats

File Path                                 PID    Runtime      # DAGs    # Errors  Last Runtime    Last Run
----------------------------------------  -----  ---------  --------  ----------  --------------  -------------------
/opt/airflow/dags/mlops_orchestration.py                           1           0  0.31s           2026-04-20T15:51:05
================================================================================
[2026-04-20T15:51:35.940+0000] {manager.py:878} INFO - 
================================================================================
DAG File Processing Stats

File Path                                 PID    Runtime      # DAGs    # Errors  Last Runtime    Last Run
----------------------------------------  -----  ---------  --------  ----------  --------------  -------------------
/opt/airflow/dags/mlops_orchestration.py                           1           0  0.21s           2026-04-20T15:51:35
================================================================================
[2026-04-20T15:52:06.219+0000] {manager.py:878} INFO - 
================================================================================
DAG File Processing Stats

File Path                                 PID    Runtime      # DAGs    # Errors  Last Runtime    Last Run
----------------------------------------  -----  ---------  --------  ----------  --------------  -------------------
/opt/airflow/dags/mlops_orchestration.py                           1           0  0.21s           2026-04-20T15:52:06
================================================================================
[2026-04-20T15:52:36.504+0000] {manager.py:878} INFO - 
================================================================================
DAG File Processing Stats

File Path                                 PID    Runtime      # DAGs    # Errors  Last Runtime    Last Run
----------------------------------------  -----  ---------  --------  ----------  --------------  -------------------
/opt/airflow/dags/mlops_orchestration.py                           1           0  0.21s           2026-04-20T15:52:36
================================================================================
[2026-04-20T15:53:06.786+0000] {manager.py:878} INFO - 
================================================================================
DAG File Processing Stats

File Path                                 PID    Runtime      # DAGs    # Errors  Last Runtime    Last Run
----------------------------------------  -----  ---------  --------  ----------  --------------  -------------------
/opt/airflow/dags/mlops_orchestration.py                           1           0  0.21s           2026-04-20T15:53:06
================================================================================
[2026-04-20T15:53:37.069+0000] {manager.py:878} INFO - 
================================================================================
DAG File Processing Stats

File Path                                 PID    Runtime      # DAGs    # Errors  Last Runtime    Last Run
----------------------------------------  -----  ---------  --------  ----------  --------------  -------------------
/opt/airflow/dags/mlops_orchestration.py                           1           0  0.21s           2026-04-20T15:53:37
================================================================================
[2026-04-20T15:54:07.345+0000] {manager.py:878} INFO - 
================================================================================
DAG File Processing Stats

File Path                                 PID    Runtime      # DAGs    # Errors  Last Runtime    Last Run
----------------------------------------  -----  ---------  --------  ----------  --------------  -------------------
/opt/airflow/dags/mlops_orchestration.py                           1           0  0.21s           2026-04-20T15:54:07
================================================================================
[2026-04-20T15:54:11.484+0000] {manager.py:737} INFO - Searching for files in /opt/airflow/dags
[2026-04-20T15:54:11.516+0000] {manager.py:740} INFO - There are 1 files in /opt/airflow/dags
[2026-04-20T15:54:37.632+0000] {manager.py:878} INFO - 
================================================================================
DAG File Processing Stats

File Path                                 PID    Runtime      # DAGs    # Errors  Last Runtime    Last Run
----------------------------------------  -----  ---------  --------  ----------  --------------  -------------------
/opt/airflow/dags/mlops_orchestration.py                           1           0  0.21s           2026-04-20T15:54:37
================================================================================
[2026-04-20T15:55:07.904+0000] {manager.py:878} INFO - 
================================================================================
DAG File Processing Stats

File Path                                 PID    Runtime      # DAGs    # Errors  Last Runtime    Last Run
----------------------------------------  -----  ---------  --------  ----------  --------------  -------------------
/opt/airflow/dags/mlops_orchestration.py                           1           0  0.21s           2026-04-20T15:55:07
================================================================================
[2026-04-20T15:55:38.186+0000] {manager.py:878} INFO - 
================================================================================
DAG File Processing Stats

File Path                                 PID    Runtime      # DAGs    # Errors  Last Runtime    Last Run
----------------------------------------  -----  ---------  --------  ----------  --------------  -------------------
/opt/airflow/dags/mlops_orchestration.py                           1           0  0.21s           2026-04-20T15:55:38
================================================================================
[2026-04-20T15:56:08.469+0000] {manager.py:878} INFO - 
================================================================================
DAG File Processing Stats

File Path                                 PID    Runtime      # DAGs    # Errors  Last Runtime    Last Run
----------------------------------------  -----  ---------  --------  ----------  --------------  -------------------
/opt/airflow/dags/mlops_orchestration.py                           1           0  0.21s           2026-04-20T15:56:08
================================================================================
[2026-04-20T15:56:38.742+0000] {manager.py:878} INFO - 
================================================================================
DAG File Processing Stats

File Path                                 PID    Runtime      # DAGs    # Errors  Last Runtime    Last Run
----------------------------------------  -----  ---------  --------  ----------  --------------  -------------------
/opt/airflow/dags/mlops_orchestration.py                           1           0  0.21s           2026-04-20T15:56:38
================================================================================
[2026-04-20T15:57:09.019+0000] {manager.py:878} INFO - 
================================================================================
DAG File Processing Stats

File Path                                 PID    Runtime      # DAGs    # Errors  Last Runtime    Last Run
----------------------------------------  -----  ---------  --------  ----------  --------------  -------------------
/opt/airflow/dags/mlops_orchestration.py                           1           0  0.21s           2026-04-20T15:57:09
================================================================================
[2026-04-20T15:57:39.298+0000] {manager.py:878} INFO - 
================================================================================
DAG File Processing Stats

File Path                                 PID    Runtime      # DAGs    # Errors  Last Runtime    Last Run
----------------------------------------  -----  ---------  --------  ----------  --------------  -------------------
/opt/airflow/dags/mlops_orchestration.py                           1           0  0.21s           2026-04-20T15:57:39
================================================================================
[2026-04-20T15:58:09.578+0000] {manager.py:878} INFO - 
================================================================================
DAG File Processing Stats

File Path                                 PID    Runtime      # DAGs    # Errors  Last Runtime    Last Run
----------------------------------------  -----  ---------  --------  ----------  --------------  -------------------
/opt/airflow/dags/mlops_orchestration.py                           1           0  0.21s           2026-04-20T15:58:09
================================================================================
[2026-04-20T15:58:39.862+0000] {manager.py:878} INFO - 
================================================================================
DAG File Processing Stats

File Path                                 PID    Runtime      # DAGs    # Errors  Last Runtime    Last Run
----------------------------------------  -----  ---------  --------  ----------  --------------  -------------------
/opt/airflow/dags/mlops_orchestration.py                           1           0  0.21s           2026-04-20T15:58:39
================================================================================
[2026-04-20T15:59:10.141+0000] {manager.py:878} INFO - 
================================================================================
DAG File Processing Stats

File Path                                 PID    Runtime      # DAGs    # Errors  Last Runtime    Last Run
----------------------------------------  -----  ---------  --------  ----------  --------------  -------------------
/opt/airflow/dags/mlops_orchestration.py                           1           0  0.21s           2026-04-20T15:59:10
================================================================================
[2026-04-20T15:59:11.637+0000] {manager.py:737} INFO - Searching for files in /opt/airflow/dags
[2026-04-20T15:59:11.660+0000] {manager.py:740} INFO - There are 1 files in /opt/airflow/dags
[2026-04-20T15:59:40.424+0000] {manager.py:878} INFO - 
================================================================================
DAG File Processing Stats

File Path                                 PID    Runtime      # DAGs    # Errors  Last Runtime    Last Run
----------------------------------------  -----  ---------  --------  ----------  --------------  -------------------
/opt/airflow/dags/mlops_orchestration.py                           1           0  0.21s           2026-04-20T15:59:40
================================================================================
[2026-04-20T16:00:10.701+0000] {manager.py:878} INFO - 
================================================================================
DAG File Processing Stats

File Path                                 PID    Runtime      # DAGs    # Errors  Last Runtime    Last Run
----------------------------------------  -----  ---------  --------  ----------  --------------  -------------------
/opt/airflow/dags/mlops_orchestration.py                           1           0  0.21s           2026-04-20T16:00:10
================================================================================
[2026-04-20T16:00:40.985+0000] {manager.py:878} INFO - 
================================================================================
DAG File Processing Stats

File Path                                 PID    Runtime      # DAGs    # Errors  Last Runtime    Last Run
----------------------------------------  -----  ---------  --------  ----------  --------------  -------------------
/opt/airflow/dags/mlops_orchestration.py                           1           0  0.21s           2026-04-20T16:00:40
================================================================================
[2026-04-20T16:01:11.268+0000] {manager.py:878} INFO - 
================================================================================
DAG File Processing Stats

File Path                                 PID    Runtime      # DAGs    # Errors  Last Runtime    Last Run
----------------------------------------  -----  ---------  --------  ----------  --------------  -------------------
/opt/airflow/dags/mlops_orchestration.py                           1           0  0.21s           2026-04-20T16:01:11
================================================================================
[2026-04-20T16:01:41.551+0000] {manager.py:878} INFO - 
================================================================================
DAG File Processing Stats

File Path                                 PID    Runtime      # DAGs    # Errors  Last Runtime    Last Run
----------------------------------------  -----  ---------  --------  ----------  --------------  -------------------
/opt/airflow/dags/mlops_orchestration.py                           1           0  0.21s           2026-04-20T16:01:41
================================================================================
[2026-04-20T16:02:11.830+0000] {manager.py:878} INFO - 
================================================================================
DAG File Processing Stats

File Path                                 PID    Runtime      # DAGs    # Errors  Last Runtime    Last Run
----------------------------------------  -----  ---------  --------  ----------  --------------  -------------------
/opt/airflow/dags/mlops_orchestration.py                           1           0  0.21s           2026-04-20T16:02:11
================================================================================
[2026-04-20T16:02:42.110+0000] {manager.py:878} INFO - 
================================================================================
DAG File Processing Stats

File Path                                 PID    Runtime      # DAGs    # Errors  Last Runtime    Last Run
----------------------------------------  -----  ---------  --------  ----------  --------------  -------------------
/opt/airflow/dags/mlops_orchestration.py                           1           0  0.21s           2026-04-20T16:02:42
================================================================================
[2026-04-20T16:03:12.397+0000] {manager.py:878} INFO - 
================================================================================
DAG File Processing Stats

File Path                                 PID    Runtime      # DAGs    # Errors  Last Runtime    Last Run
----------------------------------------  -----  ---------  --------  ----------  --------------  -------------------
/opt/airflow/dags/mlops_orchestration.py                           1           0  0.21s           2026-04-20T16:03:12
================================================================================
[2026-04-20T16:03:42.682+0000] {manager.py:878} INFO - 
================================================================================
DAG File Processing Stats

File Path                                 PID    Runtime      # DAGs    # Errors  Last Runtime    Last Run
----------------------------------------  -----  ---------  --------  ----------  --------------  -------------------
/opt/airflow/dags/mlops_orchestration.py                           1           0  0.21s           2026-04-20T16:03:42
================================================================================
[2026-04-20T16:04:11.890+0000] {manager.py:737} INFO - Searching for files in /opt/airflow/dags
[2026-04-20T16:04:11.946+0000] {manager.py:740} INFO - There are 1 files in /opt/airflow/dags
[2026-04-20T16:04:13.016+0000] {manager.py:878} INFO - 
================================================================================
DAG File Processing Stats

File Path                                 PID    Runtime      # DAGs    # Errors  Last Runtime    Last Run
----------------------------------------  -----  ---------  --------  ----------  --------------  -------------------
/opt/airflow/dags/mlops_orchestration.py                           1           0  0.21s           2026-04-20T16:04:13
================================================================================
[2026-04-20T16:04:43.312+0000] {manager.py:878} INFO - 
================================================================================
DAG File Processing Stats

File Path                                 PID    Runtime      # DAGs    # Errors  Last Runtime    Last Run
----------------------------------------  -----  ---------  --------  ----------  --------------  -------------------
/opt/airflow/dags/mlops_orchestration.py                           1           0  0.21s           2026-04-20T16:04:43
================================================================================
[2026-04-20T16:05:13.769+0000] {manager.py:878} INFO - 
================================================================================
DAG File Processing Stats

File Path                                 PID    Runtime      # DAGs    # Errors  Last Runtime    Last Run
----------------------------------------  -----  ---------  --------  ----------  --------------  -------------------
/opt/airflow/dags/mlops_orchestration.py                           1           0  0.31s           2026-04-20T16:05:13
================================================================================
[2026-04-20T16:05:44.091+0000] {manager.py:878} INFO - 
================================================================================
DAG File Processing Stats

File Path                                 PID    Runtime      # DAGs    # Errors  Last Runtime    Last Run
----------------------------------------  -----  ---------  --------  ----------  --------------  -------------------
/opt/airflow/dags/mlops_orchestration.py                           1           0  0.22s           2026-04-20T16:05:44
================================================================================
[2026-04-20T16:06:14.360+0000] {manager.py:878} INFO - 
================================================================================
DAG File Processing Stats

File Path                                 PID    Runtime      # DAGs    # Errors  Last Runtime    Last Run
----------------------------------------  -----  ---------  --------  ----------  --------------  -------------------
/opt/airflow/dags/mlops_orchestration.py                           1           0  0.21s           2026-04-20T16:06:14
================================================================================
[2026-04-20T16:06:44.663+0000] {manager.py:878} INFO - 
================================================================================
DAG File Processing Stats

File Path                                 PID    Runtime      # DAGs    # Errors  Last Runtime    Last Run
----------------------------------------  -----  ---------  --------  ----------  --------------  -------------------
/opt/airflow/dags/mlops_orchestration.py                           1           0  0.21s           2026-04-20T16:06:44
================================================================================
[2026-04-20T16:07:14.984+0000] {manager.py:878} INFO - 
================================================================================
DAG File Processing Stats

File Path                                 PID    Runtime      # DAGs    # Errors  Last Runtime    Last Run
----------------------------------------  -----  ---------  --------  ----------  --------------  -------------------
/opt/airflow/dags/mlops_orchestration.py                           1           0  0.21s           2026-04-20T16:07:14
================================================================================
[2026-04-20T16:07:45.285+0000] {manager.py:878} INFO - 
================================================================================
DAG File Processing Stats

File Path                                 PID    Runtime      # DAGs    # Errors  Last Runtime    Last Run
----------------------------------------  -----  ---------  --------  ----------  --------------  -------------------
/opt/airflow/dags/mlops_orchestration.py                           1           0  0.21s           2026-04-20T16:07:45
================================================================================
[2026-04-20T16:08:15.579+0000] {manager.py:878} INFO - 
================================================================================
DAG File Processing Stats

File Path                                 PID    Runtime      # DAGs    # Errors  Last Runtime    Last Run
----------------------------------------  -----  ---------  --------  ----------  --------------  -------------------
/opt/airflow/dags/mlops_orchestration.py                           1           0  0.21s           2026-04-20T16:08:15
================================================================================
[2026-04-20T16:08:45.856+0000] {manager.py:878} INFO - 
================================================================================
DAG File Processing Stats

File Path                                 PID    Runtime      # DAGs    # Errors  Last Runtime    Last Run
----------------------------------------  -----  ---------  --------  ----------  --------------  -------------------
/opt/airflow/dags/mlops_orchestration.py                           1           0  0.21s           2026-04-20T16:08:45
================================================================================
[2026-04-20T16:09:12.073+0000] {manager.py:737} INFO - Searching for files in /opt/airflow/dags
[2026-04-20T16:09:12.099+0000] {manager.py:740} INFO - There are 1 files in /opt/airflow/dags
[2026-04-20T16:09:16.129+0000] {manager.py:878} INFO - 
================================================================================
DAG File Processing Stats

File Path                                 PID    Runtime      # DAGs    # Errors  Last Runtime    Last Run
----------------------------------------  -----  ---------  --------  ----------  --------------  -------------------
/opt/airflow/dags/mlops_orchestration.py                           1           0  0.21s           2026-04-20T16:09:16
================================================================================
[2026-04-20T16:09:46.407+0000] {manager.py:878} INFO - 
================================================================================
DAG File Processing Stats

File Path                                 PID    Runtime      # DAGs    # Errors  Last Runtime    Last Run
----------------------------------------  -----  ---------  --------  ----------  --------------  -------------------
/opt/airflow/dags/mlops_orchestration.py                           1           0  0.21s           2026-04-20T16:09:46
================================================================================
[2026-04-20T16:10:16.694+0000] {manager.py:878} INFO - 
================================================================================
DAG File Processing Stats

File Path                                 PID    Runtime      # DAGs    # Errors  Last Runtime    Last Run
----------------------------------------  -----  ---------  --------  ----------  --------------  -------------------
/opt/airflow/dags/mlops_orchestration.py                           1           0  0.21s           2026-04-20T16:10:16
================================================================================
[2026-04-20T16:10:47.092+0000] {manager.py:878} INFO - 
================================================================================
DAG File Processing Stats

File Path                                 PID    Runtime      # DAGs    # Errors  Last Runtime    Last Run
----------------------------------------  -----  ---------  --------  ----------  --------------  -------------------
/opt/airflow/dags/mlops_orchestration.py                           1           0  0.31s           2026-04-20T16:10:47
================================================================================
[2026-04-20T16:11:17.385+0000] {manager.py:878} INFO - 
================================================================================
DAG File Processing Stats

File Path                                 PID    Runtime      # DAGs    # Errors  Last Runtime    Last Run
----------------------------------------  -----  ---------  --------  ----------  --------------  -------------------
/opt/airflow/dags/mlops_orchestration.py                           1           0  0.21s           2026-04-20T16:11:17
================================================================================
[2026-04-20T16:11:47.672+0000] {manager.py:878} INFO - 
================================================================================
DAG File Processing Stats

File Path                                 PID    Runtime      # DAGs    # Errors  Last Runtime    Last Run
----------------------------------------  -----  ---------  --------  ----------  --------------  -------------------
/opt/airflow/dags/mlops_orchestration.py                           1           0  0.21s           2026-04-20T16:11:47
================================================================================
[2026-04-20T16:12:17.946+0000] {manager.py:878} INFO - 
================================================================================
DAG File Processing Stats

File Path                                 PID    Runtime      # DAGs    # Errors  Last Runtime    Last Run
----------------------------------------  -----  ---------  --------  ----------  --------------  -------------------
/opt/airflow/dags/mlops_orchestration.py                           1           0  0.21s           2026-04-20T16:12:17
================================================================================
[2026-04-20T16:12:48.233+0000] {manager.py:878} INFO - 
================================================================================
DAG File Processing Stats

File Path                                 PID    Runtime      # DAGs    # Errors  Last Runtime    Last Run
----------------------------------------  -----  ---------  --------  ----------  --------------  -------------------
/opt/airflow/dags/mlops_orchestration.py                           1           0  0.21s           2026-04-20T16:12:48
================================================================================
[2026-04-20T16:13:18.512+0000] {manager.py:878} INFO - 
================================================================================
DAG File Processing Stats

File Path                                 PID    Runtime      # DAGs    # Errors  Last Runtime    Last Run
----------------------------------------  -----  ---------  --------  ----------  --------------  -------------------
/opt/airflow/dags/mlops_orchestration.py                           1           0  0.21s           2026-04-20T16:13:18
================================================================================
[2026-04-20T16:13:48.796+0000] {manager.py:878} INFO - 
================================================================================
DAG File Processing Stats

File Path                                 PID    Runtime      # DAGs    # Errors  Last Runtime    Last Run
----------------------------------------  -----  ---------  --------  ----------  --------------  -------------------
/opt/airflow/dags/mlops_orchestration.py                           1           0  0.22s           2026-04-20T16:13:48
================================================================================
[2026-04-20T16:14:12.273+0000] {manager.py:737} INFO - Searching for files in /opt/airflow/dags
[2026-04-20T16:14:12.311+0000] {manager.py:740} INFO - There are 1 files in /opt/airflow/dags
[2026-04-20T16:14:19.081+0000] {manager.py:878} INFO - 
================================================================================
DAG File Processing Stats

File Path                                 PID    Runtime      # DAGs    # Errors  Last Runtime    Last Run
----------------------------------------  -----  ---------  --------  ----------  --------------  -------------------
/opt/airflow/dags/mlops_orchestration.py                           1           0  0.21s           2026-04-20T16:14:19
================================================================================
[2026-04-20T16:14:49.360+0000] {manager.py:878} INFO - 
================================================================================
DAG File Processing Stats

File Path                                 PID    Runtime      # DAGs    # Errors  Last Runtime    Last Run
----------------------------------------  -----  ---------  --------  ----------  --------------  -------------------
/opt/airflow/dags/mlops_orchestration.py                           1           0  0.21s           2026-04-20T16:14:49
================================================================================
[2026-04-20T16:15:19.643+0000] {manager.py:878} INFO - 
================================================================================
DAG File Processing Stats

File Path                                 PID    Runtime      # DAGs    # Errors  Last Runtime    Last Run
----------------------------------------  -----  ---------  --------  ----------  --------------  -------------------
/opt/airflow/dags/mlops_orchestration.py                           1           0  0.21s           2026-04-20T16:15:19
================================================================================
[2026-04-20T16:15:49.925+0000] {manager.py:878} INFO - 
================================================================================
DAG File Processing Stats

File Path                                 PID    Runtime      # DAGs    # Errors  Last Runtime    Last Run
----------------------------------------  -----  ---------  --------  ----------  --------------  -------------------
/opt/airflow/dags/mlops_orchestration.py                           1           0  0.21s           2026-04-20T16:15:49
================================================================================
[2026-04-20T16:16:20.202+0000] {manager.py:878} INFO - 
================================================================================
DAG File Processing Stats

File Path                                 PID    Runtime      # DAGs    # Errors  Last Runtime    Last Run
----------------------------------------  -----  ---------  --------  ----------  --------------  -------------------
/opt/airflow/dags/mlops_orchestration.py                           1           0  0.21s           2026-04-20T16:16:20
================================================================================
[2026-04-20T16:16:50.482+0000] {manager.py:878} INFO - 
================================================================================
DAG File Processing Stats

File Path                                 PID    Runtime      # DAGs    # Errors  Last Runtime    Last Run
----------------------------------------  -----  ---------  --------  ----------  --------------  -------------------
/opt/airflow/dags/mlops_orchestration.py                           1           0  0.21s           2026-04-20T16:16:50
================================================================================
[2026-04-20T16:17:20.769+0000] {manager.py:878} INFO - 
================================================================================
DAG File Processing Stats

File Path                                 PID    Runtime      # DAGs    # Errors  Last Runtime    Last Run
----------------------------------------  -----  ---------  --------  ----------  --------------  -------------------
/opt/airflow/dags/mlops_orchestration.py                           1           0  0.21s           2026-04-20T16:17:20
================================================================================
[2026-04-20T16:17:51.361+0000] {manager.py:878} INFO - 
================================================================================
DAG File Processing Stats

File Path                                 PID    Runtime      # DAGs    # Errors  Last Runtime    Last Run
----------------------------------------  -----  ---------  --------  ----------  --------------  -------------------
/opt/airflow/dags/mlops_orchestration.py                           1           0  0.51s           2026-04-20T16:17:51
================================================================================
[2026-04-20T16:18:21.760+0000] {manager.py:878} INFO - 
================================================================================
DAG File Processing Stats

File Path                                 PID    Runtime      # DAGs    # Errors  Last Runtime    Last Run
----------------------------------------  -----  ---------  --------  ----------  --------------  -------------------
/opt/airflow/dags/mlops_orchestration.py                           1           0  0.31s           2026-04-20T16:18:21
================================================================================
[2026-04-20T16:18:52.054+0000] {manager.py:878} INFO - 
================================================================================
DAG File Processing Stats

File Path                                 PID    Runtime      # DAGs    # Errors  Last Runtime    Last Run
----------------------------------------  -----  ---------  --------  ----------  --------------  -------------------
/opt/airflow/dags/mlops_orchestration.py                           1           0  0.21s           2026-04-20T16:18:52
================================================================================
[2026-04-20T16:19:12.465+0000] {manager.py:737} INFO - Searching for files in /opt/airflow/dags
[2026-04-20T16:19:12.496+0000] {manager.py:740} INFO - There are 1 files in /opt/airflow/dags
[2026-04-20T16:19:22.347+0000] {manager.py:878} INFO - 
================================================================================
DAG File Processing Stats

File Path                                 PID    Runtime      # DAGs    # Errors  Last Runtime    Last Run
----------------------------------------  -----  ---------  --------  ----------  --------------  -------------------
/opt/airflow/dags/mlops_orchestration.py                           1           0  0.21s           2026-04-20T16:19:22
================================================================================
[2026-04-20T16:19:52.642+0000] {manager.py:878} INFO - 
================================================================================
DAG File Processing Stats

File Path                                 PID    Runtime      # DAGs    # Errors  Last Runtime    Last Run
----------------------------------------  -----  ---------  --------  ----------  --------------  -------------------
/opt/airflow/dags/mlops_orchestration.py                           1           0  0.21s           2026-04-20T16:19:52
================================================================================
[2026-04-20T16:20:22.935+0000] {manager.py:878} INFO - 
================================================================================
DAG File Processing Stats

File Path                                 PID    Runtime      # DAGs    # Errors  Last Runtime    Last Run
----------------------------------------  -----  ---------  --------  ----------  --------------  -------------------
/opt/airflow/dags/mlops_orchestration.py                           1           0  0.21s           2026-04-20T16:20:22
================================================================================
[2026-04-20T16:20:53.235+0000] {manager.py:878} INFO - 
================================================================================
DAG File Processing Stats

File Path                                 PID    Runtime      # DAGs    # Errors  Last Runtime    Last Run
----------------------------------------  -----  ---------  --------  ----------  --------------  -------------------
/opt/airflow/dags/mlops_orchestration.py                           1           0  0.21s           2026-04-20T16:20:53
================================================================================
[2026-04-20T16:21:23.524+0000] {manager.py:878} INFO - 
================================================================================
DAG File Processing Stats

File Path                                 PID    Runtime      # DAGs    # Errors  Last Runtime    Last Run
----------------------------------------  -----  ---------  --------  ----------  --------------  -------------------
/opt/airflow/dags/mlops_orchestration.py                           1           0  0.21s           2026-04-20T16:21:23
================================================================================
[2026-04-20T16:21:53.816+0000] {manager.py:878} INFO - 
================================================================================
DAG File Processing Stats

File Path                                 PID    Runtime      # DAGs    # Errors  Last Runtime    Last Run
----------------------------------------  -----  ---------  --------  ----------  --------------  -------------------
/opt/airflow/dags/mlops_orchestration.py                           1           0  0.21s           2026-04-20T16:21:53
================================================================================
[2026-04-20T16:22:24.117+0000] {manager.py:878} INFO - 
================================================================================
DAG File Processing Stats

File Path                                 PID    Runtime      # DAGs    # Errors  Last Runtime    Last Run
----------------------------------------  -----  ---------  --------  ----------  --------------  -------------------
/opt/airflow/dags/mlops_orchestration.py                           1           0  0.21s           2026-04-20T16:22:24
================================================================================
[2026-04-20T16:22:54.416+0000] {manager.py:878} INFO - 
================================================================================
DAG File Processing Stats

File Path                                 PID    Runtime      # DAGs    # Errors  Last Runtime    Last Run
----------------------------------------  -----  ---------  --------  ----------  --------------  -------------------
/opt/airflow/dags/mlops_orchestration.py                           1           0  0.21s           2026-04-20T16:22:54
================================================================================
[2026-04-20T16:23:24.710+0000] {manager.py:878} INFO - 
================================================================================
DAG File Processing Stats

File Path                                 PID    Runtime      # DAGs    # Errors  Last Runtime    Last Run
----------------------------------------  -----  ---------  --------  ----------  --------------  -------------------
/opt/airflow/dags/mlops_orchestration.py                           1           0  0.21s           2026-04-20T16:23:24
================================================================================
[2026-04-20T16:23:54.998+0000] {manager.py:878} INFO - 
================================================================================
DAG File Processing Stats

File Path                                 PID    Runtime      # DAGs    # Errors  Last Runtime    Last Run
----------------------------------------  -----  ---------  --------  ----------  --------------  -------------------
/opt/airflow/dags/mlops_orchestration.py                           1           0  0.21s           2026-04-20T16:23:54
================================================================================
[2026-04-20T16:24:12.653+0000] {manager.py:737} INFO - Searching for files in /opt/airflow/dags
[2026-04-20T16:24:12.695+0000] {manager.py:740} INFO - There are 1 files in /opt/airflow/dags
[2026-04-20T16:24:25.280+0000] {manager.py:878} INFO - 
================================================================================
DAG File Processing Stats

File Path                                 PID    Runtime      # DAGs    # Errors  Last Runtime    Last Run
----------------------------------------  -----  ---------  --------  ----------  --------------  -------------------
/opt/airflow/dags/mlops_orchestration.py                           1           0  0.21s           2026-04-20T16:24:25
================================================================================
[2026-04-20T16:24:55.476+0000] {manager.py:878} INFO - 
================================================================================
DAG File Processing Stats

File Path                                 PID    Runtime      # DAGs    # Errors  Last Runtime    Last Run
----------------------------------------  -----  ---------  --------  ----------  --------------  -------------------
/opt/airflow/dags/mlops_orchestration.py                           1           0  0.11s           2026-04-20T16:24:55
================================================================================
[2026-04-20T16:25:25.751+0000] {manager.py:878} INFO - 
================================================================================
DAG File Processing Stats

File Path                                 PID    Runtime      # DAGs    # Errors  Last Runtime    Last Run
----------------------------------------  -----  ---------  --------  ----------  --------------  -------------------
/opt/airflow/dags/mlops_orchestration.py                           1           0  0.21s           2026-04-20T16:25:25
================================================================================
[2026-04-20T16:25:56.043+0000] {manager.py:878} INFO - 
================================================================================
DAG File Processing Stats

File Path                                 PID    Runtime      # DAGs    # Errors  Last Runtime    Last Run
----------------------------------------  -----  ---------  --------  ----------  --------------  -------------------
/opt/airflow/dags/mlops_orchestration.py                           1           0  0.21s           2026-04-20T16:25:56
================================================================================
[2026-04-20T16:26:26.240+0000] {manager.py:878} INFO - 
================================================================================
DAG File Processing Stats

File Path                                 PID    Runtime      # DAGs    # Errors  Last Runtime    Last Run
----------------------------------------  -----  ---------  --------  ----------  --------------  -------------------
/opt/airflow/dags/mlops_orchestration.py                           1           0  0.11s           2026-04-20T16:26:26
================================================================================
[2026-04-20T16:26:56.534+0000] {manager.py:878} INFO - 
================================================================================
DAG File Processing Stats

File Path                                 PID    Runtime      # DAGs    # Errors  Last Runtime    Last Run
----------------------------------------  -----  ---------  --------  ----------  --------------  -------------------
/opt/airflow/dags/mlops_orchestration.py                           1           0  0.21s           2026-04-20T16:26:56
================================================================================
[2026-04-20T16:27:26.831+0000] {manager.py:878} INFO - 
================================================================================
DAG File Processing Stats

File Path                                 PID    Runtime      # DAGs    # Errors  Last Runtime    Last Run
----------------------------------------  -----  ---------  --------  ----------  --------------  -------------------
/opt/airflow/dags/mlops_orchestration.py                           1           0  0.21s           2026-04-20T16:27:26
================================================================================
[2026-04-20T16:27:57.121+0000] {manager.py:878} INFO - 
================================================================================
DAG File Processing Stats

File Path                                 PID    Runtime      # DAGs    # Errors  Last Runtime    Last Run
----------------------------------------  -----  ---------  --------  ----------  --------------  -------------------
/opt/airflow/dags/mlops_orchestration.py                           1           0  0.21s           2026-04-20T16:27:57
================================================================================
[2026-04-20T16:28:27.417+0000] {manager.py:878} INFO - 
================================================================================
DAG File Processing Stats

File Path                                 PID    Runtime      # DAGs    # Errors  Last Runtime    Last Run
----------------------------------------  -----  ---------  --------  ----------  --------------  -------------------
/opt/airflow/dags/mlops_orchestration.py                           1           0  0.21s           2026-04-20T16:28:27
================================================================================
[2026-04-20T16:28:57.705+0000] {manager.py:878} INFO - 
================================================================================
DAG File Processing Stats

File Path                                 PID    Runtime      # DAGs    # Errors  Last Runtime    Last Run
----------------------------------------  -----  ---------  --------  ----------  --------------  -------------------
/opt/airflow/dags/mlops_orchestration.py                           1           0  0.21s           2026-04-20T16:28:57
================================================================================
[2026-04-20T16:29:12.736+0000] {manager.py:737} INFO - Searching for files in /opt/airflow/dags
[2026-04-20T16:29:12.763+0000] {manager.py:740} INFO - There are 1 files in /opt/airflow/dags
[2026-04-20T16:29:28.027+0000] {manager.py:878} INFO - 
================================================================================
DAG File Processing Stats

File Path                                 PID    Runtime      # DAGs    # Errors  Last Runtime    Last Run
----------------------------------------  -----  ---------  --------  ----------  --------------  -------------------
/opt/airflow/dags/mlops_orchestration.py                           1           0  0.21s           2026-04-20T16:29:28
================================================================================
[2026-04-20T16:29:58.328+0000] {manager.py:878} INFO - 
================================================================================
DAG File Processing Stats

File Path                                 PID    Runtime      # DAGs    # Errors  Last Runtime    Last Run
----------------------------------------  -----  ---------  --------  ----------  --------------  -------------------
/opt/airflow/dags/mlops_orchestration.py                           1           0  0.21s           2026-04-20T16:29:58
================================================================================
[2026-04-20T16:30:28.620+0000] {manager.py:878} INFO - 
================================================================================
DAG File Processing Stats

File Path                                 PID    Runtime      # DAGs    # Errors  Last Runtime    Last Run
----------------------------------------  -----  ---------  --------  ----------  --------------  -------------------
/opt/airflow/dags/mlops_orchestration.py                           1           0  0.21s           2026-04-20T16:30:28
================================================================================
[2026-04-20T16:30:58.905+0000] {manager.py:878} INFO - 
================================================================================
DAG File Processing Stats

File Path                                 PID    Runtime      # DAGs    # Errors  Last Runtime    Last Run
----------------------------------------  -----  ---------  --------  ----------  --------------  -------------------
/opt/airflow/dags/mlops_orchestration.py                           1           0  0.21s           2026-04-20T16:30:58
================================================================================
[2026-04-20T16:31:29.196+0000] {manager.py:878} INFO - 
================================================================================
DAG File Processing Stats

File Path                                 PID    Runtime      # DAGs    # Errors  Last Runtime    Last Run
----------------------------------------  -----  ---------  --------  ----------  --------------  -------------------
/opt/airflow/dags/mlops_orchestration.py                           1           0  0.21s           2026-04-20T16:31:29
================================================================================
[2026-04-20T16:31:59.493+0000] {manager.py:878} INFO - 
================================================================================
DAG File Processing Stats

File Path                                 PID    Runtime      # DAGs    # Errors  Last Runtime    Last Run
----------------------------------------  -----  ---------  --------  ----------  --------------  -------------------
/opt/airflow/dags/mlops_orchestration.py                           1           0  0.21s           2026-04-20T16:31:59
================================================================================
[2026-04-20T16:32:29.779+0000] {manager.py:878} INFO - 
================================================================================
DAG File Processing Stats

File Path                                 PID    Runtime      # DAGs    # Errors  Last Runtime    Last Run
----------------------------------------  -----  ---------  --------  ----------  --------------  -------------------
/opt/airflow/dags/mlops_orchestration.py                           1           0  0.21s           2026-04-20T16:32:29
================================================================================
[2026-04-20T16:33:00.058+0000] {manager.py:878} INFO - 
================================================================================
DAG File Processing Stats

File Path                                 PID    Runtime      # DAGs    # Errors  Last Runtime    Last Run
----------------------------------------  -----  ---------  --------  ----------  --------------  -------------------
/opt/airflow/dags/mlops_orchestration.py                           1           0  0.21s           2026-04-20T16:33:00
================================================================================
[2026-04-20T16:33:30.356+0000] {manager.py:878} INFO - 
================================================================================
DAG File Processing Stats

File Path                                 PID    Runtime      # DAGs    # Errors  Last Runtime    Last Run
----------------------------------------  -----  ---------  --------  ----------  --------------  -------------------
/opt/airflow/dags/mlops_orchestration.py                           1           0  0.21s           2026-04-20T16:33:30
================================================================================
[2026-04-20T16:34:00.654+0000] {manager.py:878} INFO - 
================================================================================
DAG File Processing Stats

File Path                                 PID    Runtime      # DAGs    # Errors  Last Runtime    Last Run
----------------------------------------  -----  ---------  --------  ----------  --------------  -------------------
/opt/airflow/dags/mlops_orchestration.py                           1           0  0.21s           2026-04-20T16:34:00
================================================================================
[2026-04-20T16:34:12.812+0000] {manager.py:737} INFO - Searching for files in /opt/airflow/dags
[2026-04-20T16:34:12.834+0000] {manager.py:740} INFO - There are 1 files in /opt/airflow/dags
[2026-04-20T16:34:30.952+0000] {manager.py:878} INFO - 
================================================================================
DAG File Processing Stats

File Path                                 PID    Runtime      # DAGs    # Errors  Last Runtime    Last Run
----------------------------------------  -----  ---------  --------  ----------  --------------  -------------------
/opt/airflow/dags/mlops_orchestration.py                           1           0  0.21s           2026-04-20T16:34:30
================================================================================
[2026-04-20T16:35:01.237+0000] {manager.py:878} INFO - 
================================================================================
DAG File Processing Stats

File Path                                 PID    Runtime      # DAGs    # Errors  Last Runtime    Last Run
----------------------------------------  -----  ---------  --------  ----------  --------------  -------------------
/opt/airflow/dags/mlops_orchestration.py                           1           0  0.21s           2026-04-20T16:35:01
================================================================================
[2026-04-20T16:35:31.530+0000] {manager.py:878} INFO - 
================================================================================
DAG File Processing Stats

File Path                                 PID    Runtime      # DAGs    # Errors  Last Runtime    Last Run
----------------------------------------  -----  ---------  --------  ----------  --------------  -------------------
/opt/airflow/dags/mlops_orchestration.py                           1           0  0.21s           2026-04-20T16:35:31
================================================================================
[2026-04-20T16:36:01.826+0000] {manager.py:878} INFO - 
================================================================================
DAG File Processing Stats

File Path                                 PID    Runtime      # DAGs    # Errors  Last Runtime    Last Run
----------------------------------------  -----  ---------  --------  ----------  --------------  -------------------
/opt/airflow/dags/mlops_orchestration.py                           1           0  0.21s           2026-04-20T16:36:01
================================================================================
[2026-04-20T16:36:32.110+0000] {manager.py:878} INFO - 
================================================================================
DAG File Processing Stats

File Path                                 PID    Runtime      # DAGs    # Errors  Last Runtime    Last Run
----------------------------------------  -----  ---------  --------  ----------  --------------  -------------------
/opt/airflow/dags/mlops_orchestration.py                           1           0  0.21s           2026-04-20T16:36:32
================================================================================
[2026-04-20T16:37:02.304+0000] {manager.py:878} INFO - 
================================================================================
DAG File Processing Stats

File Path                                 PID    Runtime      # DAGs    # Errors  Last Runtime    Last Run
----------------------------------------  -----  ---------  --------  ----------  --------------  -------------------
/opt/airflow/dags/mlops_orchestration.py                           1           0  0.11s           2026-04-20T16:37:02
================================================================================
[2026-04-20T16:37:32.575+0000] {manager.py:878} INFO - 
================================================================================
DAG File Processing Stats

File Path                                 PID    Runtime      # DAGs    # Errors  Last Runtime    Last Run
----------------------------------------  -----  ---------  --------  ----------  --------------  -------------------
/opt/airflow/dags/mlops_orchestration.py                           1           0  0.21s           2026-04-20T16:37:32
================================================================================
[2026-04-20T16:38:02.775+0000] {manager.py:878} INFO - 
================================================================================
DAG File Processing Stats

File Path                                 PID    Runtime      # DAGs    # Errors  Last Runtime    Last Run
----------------------------------------  -----  ---------  --------  ----------  --------------  -------------------
/opt/airflow/dags/mlops_orchestration.py                           1           0  0.11s           2026-04-20T16:38:02
================================================================================
[2026-04-20T16:38:33.063+0000] {manager.py:878} INFO - 
================================================================================
DAG File Processing Stats

File Path                                 PID    Runtime      # DAGs    # Errors  Last Runtime    Last Run
----------------------------------------  -----  ---------  --------  ----------  --------------  -------------------
/opt/airflow/dags/mlops_orchestration.py                           1           0  0.21s           2026-04-20T16:38:33
================================================================================
[2026-04-20T16:39:03.368+0000] {manager.py:878} INFO - 
================================================================================
DAG File Processing Stats

File Path                                 PID    Runtime      # DAGs    # Errors  Last Runtime    Last Run
----------------------------------------  -----  ---------  --------  ----------  --------------  -------------------
/opt/airflow/dags/mlops_orchestration.py                           1           0  0.21s           2026-04-20T16:39:03
================================================================================
[2026-04-20T16:39:13.086+0000] {manager.py:737} INFO - Searching for files in /opt/airflow/dags
[2026-04-20T16:39:13.126+0000] {manager.py:740} INFO - There are 1 files in /opt/airflow/dags
[2026-04-20T16:39:33.568+0000] {manager.py:878} INFO - 
================================================================================
DAG File Processing Stats

File Path                                 PID    Runtime      # DAGs    # Errors  Last Runtime    Last Run
----------------------------------------  -----  ---------  --------  ----------  --------------  -------------------
/opt/airflow/dags/mlops_orchestration.py                           1           0  0.11s           2026-04-20T16:39:33
================================================================================
[2026-04-20T16:40:03.868+0000] {manager.py:878} INFO - 
================================================================================
DAG File Processing Stats

File Path                                 PID    Runtime      # DAGs    # Errors  Last Runtime    Last Run
----------------------------------------  -----  ---------  --------  ----------  --------------  -------------------
/opt/airflow/dags/mlops_orchestration.py                           1           0  0.21s           2026-04-20T16:40:03
================================================================================
[2026-04-20T16:40:34.173+0000] {manager.py:878} INFO - 
================================================================================
DAG File Processing Stats

File Path                                 PID    Runtime      # DAGs    # Errors  Last Runtime    Last Run
----------------------------------------  -----  ---------  --------  ----------  --------------  -------------------
/opt/airflow/dags/mlops_orchestration.py                           1           0  0.21s           2026-04-20T16:40:34
================================================================================
[2026-04-20T16:41:04.366+0000] {manager.py:878} INFO - 
================================================================================
DAG File Processing Stats

File Path                                 PID    Runtime      # DAGs    # Errors  Last Runtime    Last Run
----------------------------------------  -----  ---------  --------  ----------  --------------  -------------------
/opt/airflow/dags/mlops_orchestration.py                           1           0  0.11s           2026-04-20T16:41:04
================================================================================
[2026-04-20T16:41:34.559+0000] {manager.py:878} INFO - 
================================================================================
DAG File Processing Stats

File Path                                 PID    Runtime      # DAGs    # Errors  Last Runtime    Last Run
----------------------------------------  -----  ---------  --------  ----------  --------------  -------------------
/opt/airflow/dags/mlops_orchestration.py                           1           0  0.12s           2026-04-20T16:41:34
================================================================================
[2026-04-20T16:42:04.838+0000] {manager.py:878} INFO - 
================================================================================
DAG File Processing Stats

File Path                                 PID    Runtime      # DAGs    # Errors  Last Runtime    Last Run
----------------------------------------  -----  ---------  --------  ----------  --------------  -------------------
/opt/airflow/dags/mlops_orchestration.py                           1           0  0.21s           2026-04-20T16:42:04
================================================================================
[2026-04-20T16:42:35.136+0000] {manager.py:878} INFO - 
================================================================================
DAG File Processing Stats

File Path                                 PID    Runtime      # DAGs    # Errors  Last Runtime    Last Run
----------------------------------------  -----  ---------  --------  ----------  --------------  -------------------
/opt/airflow/dags/mlops_orchestration.py                           1           0  0.21s           2026-04-20T16:42:35
================================================================================
[2026-04-20T16:43:05.347+0000] {manager.py:878} INFO - 
================================================================================
DAG File Processing Stats

File Path                                 PID    Runtime      # DAGs    # Errors  Last Runtime    Last Run
----------------------------------------  -----  ---------  --------  ----------  --------------  -------------------
/opt/airflow/dags/mlops_orchestration.py                           1           0  0.11s           2026-04-20T16:43:05
================================================================================
[2026-04-20T16:43:35.624+0000] {manager.py:878} INFO - 
================================================================================
DAG File Processing Stats

File Path                                 PID    Runtime      # DAGs    # Errors  Last Runtime    Last Run
----------------------------------------  -----  ---------  --------  ----------  --------------  -------------------
/opt/airflow/dags/mlops_orchestration.py                           1           0  0.21s           2026-04-20T16:43:35
================================================================================
[2026-04-20T16:44:05.820+0000] {manager.py:878} INFO - 
================================================================================
DAG File Processing Stats

File Path                                 PID    Runtime      # DAGs    # Errors  Last Runtime    Last Run
----------------------------------------  -----  ---------  --------  ----------  --------------  -------------------
/opt/airflow/dags/mlops_orchestration.py                           1           0  0.12s           2026-04-20T16:44:05
================================================================================
[2026-04-20T16:44:13.277+0000] {manager.py:737} INFO - Searching for files in /opt/airflow/dags
[2026-04-20T16:44:13.305+0000] {manager.py:740} INFO - There are 1 files in /opt/airflow/dags
[2026-04-20T16:44:36.093+0000] {manager.py:878} INFO - 
================================================================================
DAG File Processing Stats

File Path                                 PID    Runtime      # DAGs    # Errors  Last Runtime    Last Run
----------------------------------------  -----  ---------  --------  ----------  --------------  -------------------
/opt/airflow/dags/mlops_orchestration.py                           1           0  0.21s           2026-04-20T16:44:36
================================================================================
[2026-04-20T16:45:06.385+0000] {manager.py:878} INFO - 
================================================================================
DAG File Processing Stats

File Path                                 PID    Runtime      # DAGs    # Errors  Last Runtime    Last Run
----------------------------------------  -----  ---------  --------  ----------  --------------  -------------------
/opt/airflow/dags/mlops_orchestration.py                           1           0  0.21s           2026-04-20T16:45:06
================================================================================
[2026-04-20T16:45:36.654+0000] {manager.py:878} INFO - 
================================================================================
DAG File Processing Stats

File Path                                 PID    Runtime      # DAGs    # Errors  Last Runtime    Last Run
----------------------------------------  -----  ---------  --------  ----------  --------------  -------------------
/opt/airflow/dags/mlops_orchestration.py                           1           0  0.21s           2026-04-20T16:45:36
================================================================================
[2026-04-20T16:46:06.942+0000] {manager.py:878} INFO - 
================================================================================
DAG File Processing Stats

File Path                                 PID    Runtime      # DAGs    # Errors  Last Runtime    Last Run
----------------------------------------  -----  ---------  --------  ----------  --------------  -------------------
/opt/airflow/dags/mlops_orchestration.py                           1           0  0.21s           2026-04-20T16:46:06
================================================================================
[2026-04-20T16:46:37.226+0000] {manager.py:878} INFO - 
================================================================================
DAG File Processing Stats

File Path                                 PID    Runtime      # DAGs    # Errors  Last Runtime    Last Run
----------------------------------------  -----  ---------  --------  ----------  --------------  -------------------
/opt/airflow/dags/mlops_orchestration.py                           1           0  0.21s           2026-04-20T16:46:37
================================================================================
[2026-04-20T16:47:07.525+0000] {manager.py:878} INFO - 
================================================================================
DAG File Processing Stats

File Path                                 PID    Runtime      # DAGs    # Errors  Last Runtime    Last Run
----------------------------------------  -----  ---------  --------  ----------  --------------  -------------------
/opt/airflow/dags/mlops_orchestration.py                           1           0  0.21s           2026-04-20T16:47:07
================================================================================
[2026-04-20T16:47:37.733+0000] {manager.py:878} INFO - 
================================================================================
DAG File Processing Stats

File Path                                 PID    Runtime      # DAGs    # Errors  Last Runtime    Last Run
----------------------------------------  -----  ---------  --------  ----------  --------------  -------------------
/opt/airflow/dags/mlops_orchestration.py                           1           0  0.11s           2026-04-20T16:47:37
================================================================================
[2026-04-20T16:48:08.020+0000] {manager.py:878} INFO - 
================================================================================
DAG File Processing Stats

File Path                                 PID    Runtime      # DAGs    # Errors  Last Runtime    Last Run
----------------------------------------  -----  ---------  --------  ----------  --------------  -------------------
/opt/airflow/dags/mlops_orchestration.py                           1           0  0.21s           2026-04-20T16:48:08
================================================================================
[2026-04-20T16:48:38.308+0000] {manager.py:878} INFO - 
================================================================================
DAG File Processing Stats

File Path                                 PID    Runtime      # DAGs    # Errors  Last Runtime    Last Run
----------------------------------------  -----  ---------  --------  ----------  --------------  -------------------
/opt/airflow/dags/mlops_orchestration.py                           1           0  0.21s           2026-04-20T16:48:38
================================================================================
[2026-04-20T16:49:08.509+0000] {manager.py:878} INFO - 
================================================================================
DAG File Processing Stats

File Path                                 PID    Runtime      # DAGs    # Errors  Last Runtime    Last Run
----------------------------------------  -----  ---------  --------  ----------  --------------  -------------------
/opt/airflow/dags/mlops_orchestration.py                           1           0  0.11s           2026-04-20T16:49:08
================================================================================
[2026-04-20T16:49:13.470+0000] {manager.py:737} INFO - Searching for files in /opt/airflow/dags
[2026-04-20T16:49:13.506+0000] {manager.py:740} INFO - There are 1 files in /opt/airflow/dags
[2026-04-20T16:49:38.793+0000] {manager.py:878} INFO - 
================================================================================
DAG File Processing Stats

File Path                                 PID    Runtime      # DAGs    # Errors  Last Runtime    Last Run
----------------------------------------  -----  ---------  --------  ----------  --------------  -------------------
/opt/airflow/dags/mlops_orchestration.py                           1           0  0.21s           2026-04-20T16:49:38
================================================================================
[2026-04-20T16:50:08.986+0000] {manager.py:878} INFO - 
================================================================================
DAG File Processing Stats

File Path                                 PID    Runtime      # DAGs    # Errors  Last Runtime    Last Run
----------------------------------------  -----  ---------  --------  ----------  --------------  -------------------
/opt/airflow/dags/mlops_orchestration.py                           1           0  0.11s           2026-04-20T16:50:08
================================================================================
[2026-04-20T16:50:39.261+0000] {manager.py:878} INFO - 
================================================================================
DAG File Processing Stats

File Path                                 PID    Runtime      # DAGs    # Errors  Last Runtime    Last Run
----------------------------------------  -----  ---------  --------  ----------  --------------  -------------------
/opt/airflow/dags/mlops_orchestration.py                           1           0  0.21s           2026-04-20T16:50:39
================================================================================
[2026-04-20T16:51:09.567+0000] {manager.py:878} INFO - 
================================================================================
DAG File Processing Stats

File Path                                 PID    Runtime      # DAGs    # Errors  Last Runtime    Last Run
----------------------------------------  -----  ---------  --------  ----------  --------------  -------------------
/opt/airflow/dags/mlops_orchestration.py                           1           0  0.21s           2026-04-20T16:51:09
================================================================================
[2026-04-20T16:51:39.856+0000] {manager.py:878} INFO - 
================================================================================
DAG File Processing Stats

File Path                                 PID    Runtime      # DAGs    # Errors  Last Runtime    Last Run
----------------------------------------  -----  ---------  --------  ----------  --------------  -------------------
/opt/airflow/dags/mlops_orchestration.py                           1           0  0.21s           2026-04-20T16:51:39
================================================================================
[2026-04-20T16:52:10.146+0000] {manager.py:878} INFO - 
================================================================================
DAG File Processing Stats

File Path                                 PID    Runtime      # DAGs    # Errors  Last Runtime    Last Run
----------------------------------------  -----  ---------  --------  ----------  --------------  -------------------
/opt/airflow/dags/mlops_orchestration.py                           1           0  0.21s           2026-04-20T16:52:10
================================================================================
[2026-04-20T16:52:40.337+0000] {manager.py:878} INFO - 
================================================================================
DAG File Processing Stats

File Path                                 PID    Runtime      # DAGs    # Errors  Last Runtime    Last Run
----------------------------------------  -----  ---------  --------  ----------  --------------  -------------------
/opt/airflow/dags/mlops_orchestration.py                           1           0  0.11s           2026-04-20T16:52:40
================================================================================
[2026-04-20T16:53:10.626+0000] {manager.py:878} INFO - 
================================================================================
DAG File Processing Stats

File Path                                 PID    Runtime      # DAGs    # Errors  Last Runtime    Last Run
----------------------------------------  -----  ---------  --------  ----------  --------------  -------------------
/opt/airflow/dags/mlops_orchestration.py                           1           0  0.21s           2026-04-20T16:53:10
================================================================================
[2026-04-20T16:53:40.931+0000] {manager.py:878} INFO - 
================================================================================
DAG File Processing Stats

File Path                                 PID    Runtime      # DAGs    # Errors  Last Runtime    Last Run
----------------------------------------  -----  ---------  --------  ----------  --------------  -------------------
/opt/airflow/dags/mlops_orchestration.py                           1           0  0.21s           2026-04-20T16:53:40
================================================================================
[2026-04-20T16:54:11.226+0000] {manager.py:878} INFO - 
================================================================================
DAG File Processing Stats

File Path                                 PID    Runtime      # DAGs    # Errors  Last Runtime    Last Run
----------------------------------------  -----  ---------  --------  ----------  --------------  -------------------
/opt/airflow/dags/mlops_orchestration.py                           1           0  0.21s           2026-04-20T16:54:11
================================================================================
[2026-04-20T16:54:13.663+0000] {manager.py:737} INFO - Searching for files in /opt/airflow/dags
[2026-04-20T16:54:13.691+0000] {manager.py:740} INFO - There are 1 files in /opt/airflow/dags
[2026-04-20T16:54:41.520+0000] {manager.py:878} INFO - 
================================================================================
DAG File Processing Stats

File Path                                 PID    Runtime      # DAGs    # Errors  Last Runtime    Last Run
----------------------------------------  -----  ---------  --------  ----------  --------------  -------------------
/opt/airflow/dags/mlops_orchestration.py                           1           0  0.21s           2026-04-20T16:54:41
================================================================================
[2026-04-20T16:55:11.817+0000] {manager.py:878} INFO - 
================================================================================
DAG File Processing Stats

File Path                                 PID    Runtime      # DAGs    # Errors  Last Runtime    Last Run
----------------------------------------  -----  ---------  --------  ----------  --------------  -------------------
/opt/airflow/dags/mlops_orchestration.py                           1           0  0.21s           2026-04-20T16:55:11
================================================================================
[2026-04-20T16:55:42.114+0000] {manager.py:878} INFO - 
================================================================================
DAG File Processing Stats

File Path                                 PID    Runtime      # DAGs    # Errors  Last Runtime    Last Run
----------------------------------------  -----  ---------  --------  ----------  --------------  -------------------
/opt/airflow/dags/mlops_orchestration.py                           1           0  0.21s           2026-04-20T16:55:42
================================================================================
[2026-04-20T16:56:12.403+0000] {manager.py:878} INFO - 
================================================================================
DAG File Processing Stats

File Path                                 PID    Runtime      # DAGs    # Errors  Last Runtime    Last Run
----------------------------------------  -----  ---------  --------  ----------  --------------  -------------------
/opt/airflow/dags/mlops_orchestration.py                           1           0  0.21s           2026-04-20T16:56:12
================================================================================
[2026-04-20T16:56:42.697+0000] {manager.py:878} INFO - 
================================================================================
DAG File Processing Stats

File Path                                 PID    Runtime      # DAGs    # Errors  Last Runtime    Last Run
----------------------------------------  -----  ---------  --------  ----------  --------------  -------------------
/opt/airflow/dags/mlops_orchestration.py                           1           0  0.21s           2026-04-20T16:56:42
================================================================================
[2026-04-20T16:57:12.982+0000] {manager.py:878} INFO - 
================================================================================
DAG File Processing Stats

File Path                                 PID    Runtime      # DAGs    # Errors  Last Runtime    Last Run
----------------------------------------  -----  ---------  --------  ----------  --------------  -------------------
/opt/airflow/dags/mlops_orchestration.py                           1           0  0.21s           2026-04-20T16:57:12
================================================================================
[2026-04-20T16:57:43.176+0000] {manager.py:878} INFO - 
================================================================================
DAG File Processing Stats

File Path                                 PID    Runtime      # DAGs    # Errors  Last Runtime    Last Run
----------------------------------------  -----  ---------  --------  ----------  --------------  -------------------
/opt/airflow/dags/mlops_orchestration.py                           1           0  0.11s           2026-04-20T16:57:43
================================================================================
[2026-04-20T16:58:13.458+0000] {manager.py:878} INFO - 
================================================================================
DAG File Processing Stats

File Path                                 PID    Runtime      # DAGs    # Errors  Last Runtime    Last Run
----------------------------------------  -----  ---------  --------  ----------  --------------  -------------------
/opt/airflow/dags/mlops_orchestration.py                           1           0  0.22s           2026-04-20T16:58:13
================================================================================
[2026-04-20T16:58:43.639+0000] {manager.py:878} INFO - 
================================================================================
DAG File Processing Stats

File Path                                 PID    Runtime      # DAGs    # Errors  Last Runtime    Last Run
----------------------------------------  -----  ---------  --------  ----------  --------------  -------------------
/opt/airflow/dags/mlops_orchestration.py                           1           0  0.11s           2026-04-20T16:58:43
================================================================================
[2026-04-20T16:59:13.702+0000] {manager.py:737} INFO - Searching for files in /opt/airflow/dags
[2026-04-20T16:59:13.733+0000] {manager.py:740} INFO - There are 1 files in /opt/airflow/dags
[2026-04-20T16:59:13.955+0000] {manager.py:878} INFO - 
================================================================================
DAG File Processing Stats

File Path                                 PID    Runtime      # DAGs    # Errors  Last Runtime    Last Run
----------------------------------------  -----  ---------  --------  ----------  --------------  -------------------
/opt/airflow/dags/mlops_orchestration.py                           1           0  0.21s           2026-04-20T16:59:13
================================================================================
[2026-04-20T16:59:44.254+0000] {manager.py:878} INFO - 
================================================================================
DAG File Processing Stats

File Path                                 PID    Runtime      # DAGs    # Errors  Last Runtime    Last Run
----------------------------------------  -----  ---------  --------  ----------  --------------  -------------------
/opt/airflow/dags/mlops_orchestration.py                           1           0  0.21s           2026-04-20T16:59:44
================================================================================
[2026-04-20T17:00:14.540+0000] {manager.py:878} INFO - 
================================================================================
DAG File Processing Stats

File Path                                 PID    Runtime      # DAGs    # Errors  Last Runtime    Last Run
----------------------------------------  -----  ---------  --------  ----------  --------------  -------------------
/opt/airflow/dags/mlops_orchestration.py                           1           0  0.21s           2026-04-20T17:00:14
================================================================================
[2026-04-20T17:00:44.833+0000] {manager.py:878} INFO - 
================================================================================
DAG File Processing Stats

File Path                                 PID    Runtime      # DAGs    # Errors  Last Runtime    Last Run
----------------------------------------  -----  ---------  --------  ----------  --------------  -------------------
/opt/airflow/dags/mlops_orchestration.py                           1           0  0.21s           2026-04-20T17:00:44
================================================================================
[2026-04-20T17:01:15.129+0000] {manager.py:878} INFO - 
================================================================================
DAG File Processing Stats

File Path                                 PID    Runtime      # DAGs    # Errors  Last Runtime    Last Run
----------------------------------------  -----  ---------  --------  ----------  --------------  -------------------
/opt/airflow/dags/mlops_orchestration.py                           1           0  0.21s           2026-04-20T17:01:15
================================================================================
[2026-04-20T17:01:45.419+0000] {manager.py:878} INFO - 
================================================================================
DAG File Processing Stats

File Path                                 PID    Runtime      # DAGs    # Errors  Last Runtime    Last Run
----------------------------------------  -----  ---------  --------  ----------  --------------  -------------------
/opt/airflow/dags/mlops_orchestration.py                           1           0  0.21s           2026-04-20T17:01:45
================================================================================
[2026-04-20T17:02:15.700+0000] {manager.py:878} INFO - 
================================================================================
DAG File Processing Stats

File Path                                 PID    Runtime      # DAGs    # Errors  Last Runtime    Last Run
----------------------------------------  -----  ---------  --------  ----------  --------------  -------------------
/opt/airflow/dags/mlops_orchestration.py                           1           0  0.21s           2026-04-20T17:02:15
================================================================================
[2026-04-20T17:02:45.995+0000] {manager.py:878} INFO - 
================================================================================
DAG File Processing Stats

File Path                                 PID    Runtime      # DAGs    # Errors  Last Runtime    Last Run
----------------------------------------  -----  ---------  --------  ----------  --------------  -------------------
/opt/airflow/dags/mlops_orchestration.py                           1           0  0.21s           2026-04-20T17:02:45
================================================================================
[2026-04-20T17:03:16.290+0000] {manager.py:878} INFO - 
================================================================================
DAG File Processing Stats

File Path                                 PID    Runtime      # DAGs    # Errors  Last Runtime    Last Run
----------------------------------------  -----  ---------  --------  ----------  --------------  -------------------
/opt/airflow/dags/mlops_orchestration.py                           1           0  0.21s           2026-04-20T17:03:16
================================================================================
[2026-04-20T17:03:46.491+0000] {manager.py:878} INFO - 
================================================================================
DAG File Processing Stats

File Path                                 PID    Runtime      # DAGs    # Errors  Last Runtime    Last Run
----------------------------------------  -----  ---------  --------  ----------  --------------  -------------------
/opt/airflow/dags/mlops_orchestration.py                           1           0  0.11s           2026-04-20T17:03:46
================================================================================
[2026-04-20T17:04:13.840+0000] {manager.py:737} INFO - Searching for files in /opt/airflow/dags
[2026-04-20T17:04:13.876+0000] {manager.py:740} INFO - There are 1 files in /opt/airflow/dags
[2026-04-20T17:04:16.777+0000] {manager.py:878} INFO - 
================================================================================
DAG File Processing Stats

File Path                                 PID    Runtime      # DAGs    # Errors  Last Runtime    Last Run
----------------------------------------  -----  ---------  --------  ----------  --------------  -------------------
/opt/airflow/dags/mlops_orchestration.py                           1           0  0.21s           2026-04-20T17:04:16
================================================================================
[2026-04-20T17:04:46.974+0000] {manager.py:878} INFO - 
================================================================================
DAG File Processing Stats

File Path                                 PID    Runtime      # DAGs    # Errors  Last Runtime    Last Run
----------------------------------------  -----  ---------  --------  ----------  --------------  -------------------
/opt/airflow/dags/mlops_orchestration.py                           1           0  0.11s           2026-04-20T17:04:46
================================================================================
[2026-04-20T17:05:17.254+0000] {manager.py:878} INFO - 
================================================================================
DAG File Processing Stats

File Path                                 PID    Runtime      # DAGs    # Errors  Last Runtime    Last Run
----------------------------------------  -----  ---------  --------  ----------  --------------  -------------------
/opt/airflow/dags/mlops_orchestration.py                           1           0  0.21s           2026-04-20T17:05:17
================================================================================
[2026-04-20T17:05:47.547+0000] {manager.py:878} INFO - 
================================================================================
DAG File Processing Stats

File Path                                 PID    Runtime      # DAGs    # Errors  Last Runtime    Last Run
----------------------------------------  -----  ---------  --------  ----------  --------------  -------------------
/opt/airflow/dags/mlops_orchestration.py                           1           0  0.21s           2026-04-20T17:05:47
================================================================================
[2026-04-20T17:06:17.832+0000] {manager.py:878} INFO - 
================================================================================
DAG File Processing Stats

File Path                                 PID    Runtime      # DAGs    # Errors  Last Runtime    Last Run
----------------------------------------  -----  ---------  --------  ----------  --------------  -------------------
/opt/airflow/dags/mlops_orchestration.py                           1           0  0.21s           2026-04-20T17:06:17
================================================================================
[2026-04-20T17:06:48.103+0000] {manager.py:878} INFO - 
================================================================================
DAG File Processing Stats

File Path                                 PID    Runtime      # DAGs    # Errors  Last Runtime    Last Run
----------------------------------------  -----  ---------  --------  ----------  --------------  -------------------
/opt/airflow/dags/mlops_orchestration.py                           1           0  0.21s           2026-04-20T17:06:48
================================================================================
[2026-04-20T17:07:18.393+0000] {manager.py:878} INFO - 
================================================================================
DAG File Processing Stats

File Path                                 PID    Runtime      # DAGs    # Errors  Last Runtime    Last Run
----------------------------------------  -----  ---------  --------  ----------  --------------  -------------------
/opt/airflow/dags/mlops_orchestration.py                           1           0  0.21s           2026-04-20T17:07:18
================================================================================
[2026-04-20T17:07:48.686+0000] {manager.py:878} INFO - 
================================================================================
DAG File Processing Stats

File Path                                 PID    Runtime      # DAGs    # Errors  Last Runtime    Last Run
----------------------------------------  -----  ---------  --------  ----------  --------------  -------------------
/opt/airflow/dags/mlops_orchestration.py                           1           0  0.21s           2026-04-20T17:07:48
================================================================================
[2026-04-20T17:08:18.883+0000] {manager.py:878} INFO - 
================================================================================
DAG File Processing Stats

File Path                                 PID    Runtime      # DAGs    # Errors  Last Runtime    Last Run
----------------------------------------  -----  ---------  --------  ----------  --------------  -------------------
/opt/airflow/dags/mlops_orchestration.py                           1           0  0.11s           2026-04-20T17:08:18
================================================================================
[2026-04-20T17:08:49.163+0000] {manager.py:878} INFO - 
================================================================================
DAG File Processing Stats

File Path                                 PID    Runtime      # DAGs    # Errors  Last Runtime    Last Run
----------------------------------------  -----  ---------  --------  ----------  --------------  -------------------
/opt/airflow/dags/mlops_orchestration.py                           1           0  0.21s           2026-04-20T17:08:49
================================================================================
[2026-04-20T17:09:14.250+0000] {manager.py:737} INFO - Searching for files in /opt/airflow/dags
[2026-04-20T17:09:14.274+0000] {manager.py:740} INFO - There are 1 files in /opt/airflow/dags
[2026-04-20T17:09:19.371+0000] {manager.py:878} INFO - 
================================================================================
DAG File Processing Stats

File Path                                 PID    Runtime      # DAGs    # Errors  Last Runtime    Last Run
----------------------------------------  -----  ---------  --------  ----------  --------------  -------------------
/opt/airflow/dags/mlops_orchestration.py                           1           0  0.11s           2026-04-20T17:09:19
================================================================================
[2026-04-20T17:09:49.656+0000] {manager.py:878} INFO - 
================================================================================
DAG File Processing Stats

File Path                                 PID    Runtime      # DAGs    # Errors  Last Runtime    Last Run
----------------------------------------  -----  ---------  --------  ----------  --------------  -------------------
/opt/airflow/dags/mlops_orchestration.py                           1           0  0.21s           2026-04-20T17:09:49
================================================================================
[2026-04-20T17:10:19.946+0000] {manager.py:878} INFO - 
================================================================================
DAG File Processing Stats

File Path                                 PID    Runtime      # DAGs    # Errors  Last Runtime    Last Run
----------------------------------------  -----  ---------  --------  ----------  --------------  -------------------
/opt/airflow/dags/mlops_orchestration.py                           1           0  0.21s           2026-04-20T17:10:19
================================================================================
[2026-04-20T17:10:50.144+0000] {manager.py:878} INFO - 
================================================================================
DAG File Processing Stats

File Path                                 PID    Runtime      # DAGs    # Errors  Last Runtime    Last Run
----------------------------------------  -----  ---------  --------  ----------  --------------  -------------------
/opt/airflow/dags/mlops_orchestration.py                           1           0  0.11s           2026-04-20T17:10:50
================================================================================
[2026-04-20T17:11:20.419+0000] {manager.py:878} INFO - 
================================================================================
DAG File Processing Stats

File Path                                 PID    Runtime      # DAGs    # Errors  Last Runtime    Last Run
----------------------------------------  -----  ---------  --------  ----------  --------------  -------------------
/opt/airflow/dags/mlops_orchestration.py                           1           0  0.21s           2026-04-20T17:11:20
================================================================================
[2026-04-20T17:11:50.721+0000] {manager.py:878} INFO - 
================================================================================
DAG File Processing Stats

File Path                                 PID    Runtime      # DAGs    # Errors  Last Runtime    Last Run
----------------------------------------  -----  ---------  --------  ----------  --------------  -------------------
/opt/airflow/dags/mlops_orchestration.py                           1           0  0.21s           2026-04-20T17:11:50
================================================================================
[2026-04-20T17:12:21.018+0000] {manager.py:878} INFO - 
================================================================================
DAG File Processing Stats

File Path                                 PID    Runtime      # DAGs    # Errors  Last Runtime    Last Run
----------------------------------------  -----  ---------  --------  ----------  --------------  -------------------
/opt/airflow/dags/mlops_orchestration.py                           1           0  0.21s           2026-04-20T17:12:21
================================================================================
[2026-04-20T17:12:51.306+0000] {manager.py:878} INFO - 
================================================================================
DAG File Processing Stats

File Path                                 PID    Runtime      # DAGs    # Errors  Last Runtime    Last Run
----------------------------------------  -----  ---------  --------  ----------  --------------  -------------------
/opt/airflow/dags/mlops_orchestration.py                           1           0  0.21s           2026-04-20T17:12:51
================================================================================
[2026-04-20T17:13:21.607+0000] {manager.py:878} INFO - 
================================================================================
DAG File Processing Stats

File Path                                 PID    Runtime      # DAGs    # Errors  Last Runtime    Last Run
----------------------------------------  -----  ---------  --------  ----------  --------------  -------------------
/opt/airflow/dags/mlops_orchestration.py                           1           0  0.21s           2026-04-20T17:13:21
================================================================================
[2026-04-20T17:13:51.903+0000] {manager.py:878} INFO - 
================================================================================
DAG File Processing Stats

File Path                                 PID    Runtime      # DAGs    # Errors  Last Runtime    Last Run
----------------------------------------  -----  ---------  --------  ----------  --------------  -------------------
/opt/airflow/dags/mlops_orchestration.py                           1           0  0.21s           2026-04-20T17:13:51
================================================================================
[2026-04-20T17:14:14.424+0000] {manager.py:737} INFO - Searching for files in /opt/airflow/dags
[2026-04-20T17:14:14.453+0000] {manager.py:740} INFO - There are 1 files in /opt/airflow/dags
[2026-04-20T17:14:22.189+0000] {manager.py:878} INFO - 
================================================================================
DAG File Processing Stats

File Path                                 PID    Runtime      # DAGs    # Errors  Last Runtime    Last Run
----------------------------------------  -----  ---------  --------  ----------  --------------  -------------------
/opt/airflow/dags/mlops_orchestration.py                           1           0  0.21s           2026-04-20T17:14:22
================================================================================
[2026-04-20T17:14:52.473+0000] {manager.py:878} INFO - 
================================================================================
DAG File Processing Stats

File Path                                 PID    Runtime      # DAGs    # Errors  Last Runtime    Last Run
----------------------------------------  -----  ---------  --------  ----------  --------------  -------------------
/opt/airflow/dags/mlops_orchestration.py                           1           0  0.21s           2026-04-20T17:14:52
================================================================================
[2026-04-20T17:15:22.768+0000] {manager.py:878} INFO - 
================================================================================
DAG File Processing Stats

File Path                                 PID    Runtime      # DAGs    # Errors  Last Runtime    Last Run
----------------------------------------  -----  ---------  --------  ----------  --------------  -------------------
/opt/airflow/dags/mlops_orchestration.py                           1           0  0.21s           2026-04-20T17:15:22
================================================================================
[2026-04-20T17:15:53.050+0000] {manager.py:878} INFO - 
================================================================================
DAG File Processing Stats

File Path                                 PID    Runtime      # DAGs    # Errors  Last Runtime    Last Run
----------------------------------------  -----  ---------  --------  ----------  --------------  -------------------
/opt/airflow/dags/mlops_orchestration.py                           1           0  0.21s           2026-04-20T17:15:53
================================================================================
[2026-04-20T17:16:23.343+0000] {manager.py:878} INFO - 
================================================================================
DAG File Processing Stats

File Path                                 PID    Runtime      # DAGs    # Errors  Last Runtime    Last Run
----------------------------------------  -----  ---------  --------  ----------  --------------  -------------------
/opt/airflow/dags/mlops_orchestration.py                           1           0  0.21s           2026-04-20T17:16:23
================================================================================
[2026-04-20T17:16:53.634+0000] {manager.py:878} INFO - 
================================================================================
DAG File Processing Stats

File Path                                 PID    Runtime      # DAGs    # Errors  Last Runtime    Last Run
----------------------------------------  -----  ---------  --------  ----------  --------------  -------------------
/opt/airflow/dags/mlops_orchestration.py                           1           0  0.21s           2026-04-20T17:16:53
================================================================================
[2026-04-20T17:17:23.925+0000] {manager.py:878} INFO - 
================================================================================
DAG File Processing Stats

File Path                                 PID    Runtime      # DAGs    # Errors  Last Runtime    Last Run
----------------------------------------  -----  ---------  --------  ----------  --------------  -------------------
/opt/airflow/dags/mlops_orchestration.py                           1           0  0.21s           2026-04-20T17:17:23
================================================================================
[2026-04-20T17:17:54.212+0000] {manager.py:878} INFO - 
================================================================================
DAG File Processing Stats

File Path                                 PID    Runtime      # DAGs    # Errors  Last Runtime    Last Run
----------------------------------------  -----  ---------  --------  ----------  --------------  -------------------
/opt/airflow/dags/mlops_orchestration.py                           1           0  0.21s           2026-04-20T17:17:54
================================================================================
[2026-04-20T17:18:24.497+0000] {manager.py:878} INFO - 
================================================================================
DAG File Processing Stats

File Path                                 PID    Runtime      # DAGs    # Errors  Last Runtime    Last Run
----------------------------------------  -----  ---------  --------  ----------  --------------  -------------------
/opt/airflow/dags/mlops_orchestration.py                           1           0  0.21s           2026-04-20T17:18:24
================================================================================
[2026-04-20T17:18:54.787+0000] {manager.py:878} INFO - 
================================================================================
DAG File Processing Stats

File Path                                 PID    Runtime      # DAGs    # Errors  Last Runtime    Last Run
----------------------------------------  -----  ---------  --------  ----------  --------------  -------------------
/opt/airflow/dags/mlops_orchestration.py                           1           0  0.21s           2026-04-20T17:18:54
================================================================================
[2026-04-20T17:19:14.606+0000] {manager.py:737} INFO - Searching for files in /opt/airflow/dags
[2026-04-20T17:19:14.633+0000] {manager.py:740} INFO - There are 1 files in /opt/airflow/dags
[2026-04-20T17:19:25.079+0000] {manager.py:878} INFO - 
================================================================================
DAG File Processing Stats

File Path                                 PID    Runtime      # DAGs    # Errors  Last Runtime    Last Run
----------------------------------------  -----  ---------  --------  ----------  --------------  -------------------
/opt/airflow/dags/mlops_orchestration.py                           1           0  0.21s           2026-04-20T17:19:25
================================================================================
[2026-04-20T17:19:55.363+0000] {manager.py:878} INFO - 
================================================================================
DAG File Processing Stats

File Path                                 PID    Runtime      # DAGs    # Errors  Last Runtime    Last Run
----------------------------------------  -----  ---------  --------  ----------  --------------  -------------------
/opt/airflow/dags/mlops_orchestration.py                           1           0  0.21s           2026-04-20T17:19:55
================================================================================
[2026-04-20T17:20:25.659+0000] {manager.py:878} INFO - 
================================================================================
DAG File Processing Stats

File Path                                 PID    Runtime      # DAGs    # Errors  Last Runtime    Last Run
----------------------------------------  -----  ---------  --------  ----------  --------------  -------------------
/opt/airflow/dags/mlops_orchestration.py                           1           0  0.21s           2026-04-20T17:20:25
================================================================================
[2026-04-20T17:20:55.942+0000] {manager.py:878} INFO - 
================================================================================
DAG File Processing Stats

File Path                                 PID    Runtime      # DAGs    # Errors  Last Runtime    Last Run
----------------------------------------  -----  ---------  --------  ----------  --------------  -------------------
/opt/airflow/dags/mlops_orchestration.py                           1           0  0.21s           2026-04-20T17:20:55
================================================================================
[2026-04-20T17:21:26.142+0000] {manager.py:878} INFO - 
================================================================================
DAG File Processing Stats

File Path                                 PID    Runtime      # DAGs    # Errors  Last Runtime    Last Run
----------------------------------------  -----  ---------  --------  ----------  --------------  -------------------
/opt/airflow/dags/mlops_orchestration.py                           1           0  0.11s           2026-04-20T17:21:26
================================================================================
[2026-04-20T17:21:56.435+0000] {manager.py:878} INFO - 
================================================================================
DAG File Processing Stats

File Path                                 PID    Runtime      # DAGs    # Errors  Last Runtime    Last Run
----------------------------------------  -----  ---------  --------  ----------  --------------  -------------------
/opt/airflow/dags/mlops_orchestration.py                           1           0  0.21s           2026-04-20T17:21:56
================================================================================
[2026-04-20T17:22:26.628+0000] {manager.py:878} INFO - 
================================================================================
DAG File Processing Stats

File Path                                 PID    Runtime      # DAGs    # Errors  Last Runtime    Last Run
----------------------------------------  -----  ---------  --------  ----------  --------------  -------------------
/opt/airflow/dags/mlops_orchestration.py                           1           0  0.11s           2026-04-20T17:22:26
================================================================================
[2026-04-20T17:22:56.900+0000] {manager.py:878} INFO - 
================================================================================
DAG File Processing Stats

File Path                                 PID    Runtime      # DAGs    # Errors  Last Runtime    Last Run
----------------------------------------  -----  ---------  --------  ----------  --------------  -------------------
/opt/airflow/dags/mlops_orchestration.py                           1           0  0.21s           2026-04-20T17:22:56
================================================================================
[2026-04-20T17:23:27.193+0000] {manager.py:878} INFO - 
================================================================================
DAG File Processing Stats

File Path                                 PID    Runtime      # DAGs    # Errors  Last Runtime    Last Run
----------------------------------------  -----  ---------  --------  ----------  --------------  -------------------
/opt/airflow/dags/mlops_orchestration.py                           1           0  0.21s           2026-04-20T17:23:27
================================================================================
[2026-04-20T17:23:57.389+0000] {manager.py:878} INFO - 
================================================================================
DAG File Processing Stats

File Path                                 PID    Runtime      # DAGs    # Errors  Last Runtime    Last Run
----------------------------------------  -----  ---------  --------  ----------  --------------  -------------------
/opt/airflow/dags/mlops_orchestration.py                           1           0  0.11s           2026-04-20T17:23:57
================================================================================
[2026-04-20T17:24:14.622+0000] {manager.py:737} INFO - Searching for files in /opt/airflow/dags
[2026-04-20T17:24:14.643+0000] {manager.py:740} INFO - There are 1 files in /opt/airflow/dags
[2026-04-20T17:24:27.674+0000] {manager.py:878} INFO - 
================================================================================
DAG File Processing Stats

File Path                                 PID    Runtime      # DAGs    # Errors  Last Runtime    Last Run
----------------------------------------  -----  ---------  --------  ----------  --------------  -------------------
/opt/airflow/dags/mlops_orchestration.py                           1           0  0.21s           2026-04-20T17:24:27
================================================================================
[2026-04-20T17:24:57.959+0000] {manager.py:878} INFO - 
================================================================================
DAG File Processing Stats

File Path                                 PID    Runtime      # DAGs    # Errors  Last Runtime    Last Run
----------------------------------------  -----  ---------  --------  ----------  --------------  -------------------
/opt/airflow/dags/mlops_orchestration.py                           1           0  0.21s           2026-04-20T17:24:57
================================================================================
[2026-04-20T17:25:28.261+0000] {manager.py:878} INFO - 
================================================================================
DAG File Processing Stats

File Path                                 PID    Runtime      # DAGs    # Errors  Last Runtime    Last Run
----------------------------------------  -----  ---------  --------  ----------  --------------  -------------------
/opt/airflow/dags/mlops_orchestration.py                           1           0  0.21s           2026-04-20T17:25:28
================================================================================
[2026-04-20T17:25:58.462+0000] {manager.py:878} INFO - 
================================================================================
DAG File Processing Stats

File Path                                 PID    Runtime      # DAGs    # Errors  Last Runtime    Last Run
----------------------------------------  -----  ---------  --------  ----------  --------------  -------------------
/opt/airflow/dags/mlops_orchestration.py                           1           0  0.11s           2026-04-20T17:25:58
================================================================================
[2026-04-20T17:26:28.740+0000] {manager.py:878} INFO - 
================================================================================
DAG File Processing Stats

File Path                                 PID    Runtime      # DAGs    # Errors  Last Runtime    Last Run
----------------------------------------  -----  ---------  --------  ----------  --------------  -------------------
/opt/airflow/dags/mlops_orchestration.py                           1           0  0.21s           2026-04-20T17:26:28
================================================================================
[2026-04-20T17:26:59.022+0000] {manager.py:878} INFO - 
================================================================================
DAG File Processing Stats

File Path                                 PID    Runtime      # DAGs    # Errors  Last Runtime    Last Run
----------------------------------------  -----  ---------  --------  ----------  --------------  -------------------
/opt/airflow/dags/mlops_orchestration.py                           1           0  0.21s           2026-04-20T17:26:59
================================================================================
[2026-04-20T17:27:29.311+0000] {manager.py:878} INFO - 
================================================================================
DAG File Processing Stats

File Path                                 PID    Runtime      # DAGs    # Errors  Last Runtime    Last Run
----------------------------------------  -----  ---------  --------  ----------  --------------  -------------------
/opt/airflow/dags/mlops_orchestration.py                           1           0  0.21s           2026-04-20T17:27:29
================================================================================
[2026-04-20T17:27:59.598+0000] {manager.py:878} INFO - 
================================================================================
DAG File Processing Stats

File Path                                 PID    Runtime      # DAGs    # Errors  Last Runtime    Last Run
----------------------------------------  -----  ---------  --------  ----------  --------------  -------------------
/opt/airflow/dags/mlops_orchestration.py                           1           0  0.21s           2026-04-20T17:27:59
================================================================================
[2026-04-20T17:28:29.889+0000] {manager.py:878} INFO - 
================================================================================
DAG File Processing Stats

File Path                                 PID    Runtime      # DAGs    # Errors  Last Runtime    Last Run
----------------------------------------  -----  ---------  --------  ----------  --------------  -------------------
/opt/airflow/dags/mlops_orchestration.py                           1           0  0.21s           2026-04-20T17:28:29
================================================================================
[2026-04-20T17:29:00.169+0000] {manager.py:878} INFO - 
================================================================================
DAG File Processing Stats

File Path                                 PID    Runtime      # DAGs    # Errors  Last Runtime    Last Run
----------------------------------------  -----  ---------  --------  ----------  --------------  -------------------
/opt/airflow/dags/mlops_orchestration.py                           1           0  0.21s           2026-04-20T17:29:00
================================================================================
[2026-04-20T17:29:14.928+0000] {manager.py:737} INFO - Searching for files in /opt/airflow/dags
[2026-04-20T17:29:14.970+0000] {manager.py:740} INFO - There are 1 files in /opt/airflow/dags
[2026-04-20T17:29:30.450+0000] {manager.py:878} INFO - 
================================================================================
DAG File Processing Stats

File Path                                 PID    Runtime      # DAGs    # Errors  Last Runtime    Last Run
----------------------------------------  -----  ---------  --------  ----------  --------------  -------------------
/opt/airflow/dags/mlops_orchestration.py                           1           0  0.21s           2026-04-20T17:29:30
================================================================================
[2026-04-20T17:30:00.643+0000] {manager.py:878} INFO - 
================================================================================
DAG File Processing Stats

File Path                                 PID    Runtime      # DAGs    # Errors  Last Runtime    Last Run
----------------------------------------  -----  ---------  --------  ----------  --------------  -------------------
/opt/airflow/dags/mlops_orchestration.py                           1           0  0.11s           2026-04-20T17:30:00
================================================================================
[2026-04-20T17:30:30.924+0000] {manager.py:878} INFO - 
================================================================================
DAG File Processing Stats

File Path                                 PID    Runtime      # DAGs    # Errors  Last Runtime    Last Run
----------------------------------------  -----  ---------  --------  ----------  --------------  -------------------
/opt/airflow/dags/mlops_orchestration.py                           1           0  0.21s           2026-04-20T17:30:30
================================================================================
[2026-04-20T17:31:01.207+0000] {manager.py:878} INFO - 
================================================================================
DAG File Processing Stats

File Path                                 PID    Runtime      # DAGs    # Errors  Last Runtime    Last Run
----------------------------------------  -----  ---------  --------  ----------  --------------  -------------------
/opt/airflow/dags/mlops_orchestration.py                           1           0  0.21s           2026-04-20T17:31:01
================================================================================
[2026-04-20T17:31:31.502+0000] {manager.py:878} INFO - 
================================================================================
DAG File Processing Stats

File Path                                 PID    Runtime      # DAGs    # Errors  Last Runtime    Last Run
----------------------------------------  -----  ---------  --------  ----------  --------------  -------------------
/opt/airflow/dags/mlops_orchestration.py                           1           0  0.21s           2026-04-20T17:31:31
================================================================================
[2026-04-20T17:32:01.700+0000] {manager.py:878} INFO - 
================================================================================
DAG File Processing Stats

File Path                                 PID    Runtime      # DAGs    # Errors  Last Runtime    Last Run
----------------------------------------  -----  ---------  --------  ----------  --------------  -------------------
/opt/airflow/dags/mlops_orchestration.py                           1           0  0.11s           2026-04-20T17:32:01
================================================================================
[2026-04-20T17:32:31.977+0000] {manager.py:878} INFO - 
================================================================================
DAG File Processing Stats

File Path                                 PID    Runtime      # DAGs    # Errors  Last Runtime    Last Run
----------------------------------------  -----  ---------  --------  ----------  --------------  -------------------
/opt/airflow/dags/mlops_orchestration.py                           1           0  0.21s           2026-04-20T17:32:31
================================================================================
[2026-04-20T17:33:02.168+0000] {manager.py:878} INFO - 
================================================================================
DAG File Processing Stats

File Path                                 PID    Runtime      # DAGs    # Errors  Last Runtime    Last Run
----------------------------------------  -----  ---------  --------  ----------  --------------  -------------------
/opt/airflow/dags/mlops_orchestration.py                           1           0  0.11s           2026-04-20T17:33:02
================================================================================
[2026-04-20T17:33:32.449+0000] {manager.py:878} INFO - 
================================================================================
DAG File Processing Stats

File Path                                 PID    Runtime      # DAGs    # Errors  Last Runtime    Last Run
----------------------------------------  -----  ---------  --------  ----------  --------------  -------------------
/opt/airflow/dags/mlops_orchestration.py                           1           0  0.21s           2026-04-20T17:33:32
================================================================================
[2026-04-20T17:34:02.740+0000] {manager.py:878} INFO - 
================================================================================
DAG File Processing Stats

File Path                                 PID    Runtime      # DAGs    # Errors  Last Runtime    Last Run
----------------------------------------  -----  ---------  --------  ----------  --------------  -------------------
/opt/airflow/dags/mlops_orchestration.py                           1           0  0.21s           2026-04-20T17:34:02
================================================================================
[2026-04-20T17:34:14.931+0000] {manager.py:737} INFO - Searching for files in /opt/airflow/dags
[2026-04-20T17:34:14.958+0000] {manager.py:740} INFO - There are 1 files in /opt/airflow/dags
[2026-04-20T17:34:33.037+0000] {manager.py:878} INFO - 
================================================================================
DAG File Processing Stats

File Path                                 PID    Runtime      # DAGs    # Errors  Last Runtime    Last Run
----------------------------------------  -----  ---------  --------  ----------  --------------  -------------------
/opt/airflow/dags/mlops_orchestration.py                           1           0  0.21s           2026-04-20T17:34:33
================================================================================
[2026-04-20T17:35:03.332+0000] {manager.py:878} INFO - 
================================================================================
DAG File Processing Stats

File Path                                 PID    Runtime      # DAGs    # Errors  Last Runtime    Last Run
----------------------------------------  -----  ---------  --------  ----------  --------------  -------------------
/opt/airflow/dags/mlops_orchestration.py                           1           0  0.21s           2026-04-20T17:35:03
================================================================================
[2026-04-20T17:35:33.629+0000] {manager.py:878} INFO - 
================================================================================
DAG File Processing Stats

File Path                                 PID    Runtime      # DAGs    # Errors  Last Runtime    Last Run
----------------------------------------  -----  ---------  --------  ----------  --------------  -------------------
/opt/airflow/dags/mlops_orchestration.py                           1           0  0.21s           2026-04-20T17:35:33
================================================================================
[2026-04-20T17:36:03.922+0000] {manager.py:878} INFO - 
================================================================================
DAG File Processing Stats

File Path                                 PID    Runtime      # DAGs    # Errors  Last Runtime    Last Run
----------------------------------------  -----  ---------  --------  ----------  --------------  -------------------
/opt/airflow/dags/mlops_orchestration.py                           1           0  0.21s           2026-04-20T17:36:03
================================================================================
[2026-04-20T17:36:34.214+0000] {manager.py:878} INFO - 
================================================================================
DAG File Processing Stats

File Path                                 PID    Runtime      # DAGs    # Errors  Last Runtime    Last Run
----------------------------------------  -----  ---------  --------  ----------  --------------  -------------------
/opt/airflow/dags/mlops_orchestration.py                           1           0  0.21s           2026-04-20T17:36:34
================================================================================
[2026-04-20T17:37:04.497+0000] {manager.py:878} INFO - 
================================================================================
DAG File Processing Stats

File Path                                 PID    Runtime      # DAGs    # Errors  Last Runtime    Last Run
----------------------------------------  -----  ---------  --------  ----------  --------------  -------------------
/opt/airflow/dags/mlops_orchestration.py                           1           0  0.21s           2026-04-20T17:37:04
================================================================================
[2026-04-20T17:37:34.789+0000] {manager.py:878} INFO - 
================================================================================
DAG File Processing Stats

File Path                                 PID    Runtime      # DAGs    # Errors  Last Runtime    Last Run
----------------------------------------  -----  ---------  --------  ----------  --------------  -------------------
/opt/airflow/dags/mlops_orchestration.py                           1           0  0.21s           2026-04-20T17:37:34
================================================================================
[2026-04-20T17:38:05.090+0000] {manager.py:878} INFO - 
================================================================================
DAG File Processing Stats

File Path                                 PID    Runtime      # DAGs    # Errors  Last Runtime    Last Run
----------------------------------------  -----  ---------  --------  ----------  --------------  -------------------
/opt/airflow/dags/mlops_orchestration.py                           1           0  0.21s           2026-04-20T17:38:05
================================================================================
[2026-04-20T17:38:35.282+0000] {manager.py:878} INFO - 
================================================================================
DAG File Processing Stats

File Path                                 PID    Runtime      # DAGs    # Errors  Last Runtime    Last Run
----------------------------------------  -----  ---------  --------  ----------  --------------  -------------------
/opt/airflow/dags/mlops_orchestration.py                           1           0  0.12s           2026-04-20T17:38:35
================================================================================
[2026-04-20T17:39:05.557+0000] {manager.py:878} INFO - 
================================================================================
DAG File Processing Stats

File Path                                 PID    Runtime      # DAGs    # Errors  Last Runtime    Last Run
----------------------------------------  -----  ---------  --------  ----------  --------------  -------------------
/opt/airflow/dags/mlops_orchestration.py                           1           0  0.21s           2026-04-20T17:39:05
================================================================================
[2026-04-20T17:39:15.243+0000] {manager.py:737} INFO - Searching for files in /opt/airflow/dags
[2026-04-20T17:39:15.270+0000] {manager.py:740} INFO - There are 1 files in /opt/airflow/dags
[2026-04-20T17:39:35.849+0000] {manager.py:878} INFO - 
================================================================================
DAG File Processing Stats

File Path                                 PID    Runtime      # DAGs    # Errors  Last Runtime    Last Run
----------------------------------------  -----  ---------  --------  ----------  --------------  -------------------
/opt/airflow/dags/mlops_orchestration.py                           1           0  0.21s           2026-04-20T17:39:35
================================================================================
[2026-04-20T17:40:06.135+0000] {manager.py:878} INFO - 
================================================================================
DAG File Processing Stats

File Path                                 PID    Runtime      # DAGs    # Errors  Last Runtime    Last Run
----------------------------------------  -----  ---------  --------  ----------  --------------  -------------------
/opt/airflow/dags/mlops_orchestration.py                           1           0  0.21s           2026-04-20T17:40:06
================================================================================
[2026-04-20T17:40:36.338+0000] {manager.py:878} INFO - 
================================================================================
DAG File Processing Stats

File Path                                 PID    Runtime      # DAGs    # Errors  Last Runtime    Last Run
----------------------------------------  -----  ---------  --------  ----------  --------------  -------------------
/opt/airflow/dags/mlops_orchestration.py                           1           0  0.11s           2026-04-20T17:40:36
================================================================================
[2026-04-20T17:41:06.623+0000] {manager.py:878} INFO - 
================================================================================
DAG File Processing Stats

File Path                                 PID    Runtime      # DAGs    # Errors  Last Runtime    Last Run
----------------------------------------  -----  ---------  --------  ----------  --------------  -------------------
/opt/airflow/dags/mlops_orchestration.py                           1           0  0.21s           2026-04-20T17:41:06
================================================================================
[2026-04-20T17:41:36.819+0000] {manager.py:878} INFO - 
================================================================================
DAG File Processing Stats

File Path                                 PID    Runtime      # DAGs    # Errors  Last Runtime    Last Run
----------------------------------------  -----  ---------  --------  ----------  --------------  -------------------
/opt/airflow/dags/mlops_orchestration.py                           1           0  0.11s           2026-04-20T17:41:36
================================================================================
[2026-04-20T17:42:07.103+0000] {manager.py:878} INFO - 
================================================================================
DAG File Processing Stats

File Path                                 PID    Runtime      # DAGs    # Errors  Last Runtime    Last Run
----------------------------------------  -----  ---------  --------  ----------  --------------  -------------------
/opt/airflow/dags/mlops_orchestration.py                           1           0  0.21s           2026-04-20T17:42:07
================================================================================
[2026-04-20T17:42:37.397+0000] {manager.py:878} INFO - 
================================================================================
DAG File Processing Stats

File Path                                 PID    Runtime      # DAGs    # Errors  Last Runtime    Last Run
----------------------------------------  -----  ---------  --------  ----------  --------------  -------------------
/opt/airflow/dags/mlops_orchestration.py                           1           0  0.21s           2026-04-20T17:42:37
================================================================================
[2026-04-20T17:43:07.688+0000] {manager.py:878} INFO - 
================================================================================
DAG File Processing Stats

File Path                                 PID    Runtime      # DAGs    # Errors  Last Runtime    Last Run
----------------------------------------  -----  ---------  --------  ----------  --------------  -------------------
/opt/airflow/dags/mlops_orchestration.py                           1           0  0.21s           2026-04-20T17:43:07
================================================================================
[2026-04-20T17:43:37.964+0000] {manager.py:878} INFO - 
================================================================================
DAG File Processing Stats

File Path                                 PID    Runtime      # DAGs    # Errors  Last Runtime    Last Run
----------------------------------------  -----  ---------  --------  ----------  --------------  -------------------
/opt/airflow/dags/mlops_orchestration.py                           1           0  0.21s           2026-04-20T17:43:37
================================================================================
[2026-04-20T17:44:08.255+0000] {manager.py:878} INFO - 
================================================================================
DAG File Processing Stats

File Path                                 PID    Runtime      # DAGs    # Errors  Last Runtime    Last Run
----------------------------------------  -----  ---------  --------  ----------  --------------  -------------------
/opt/airflow/dags/mlops_orchestration.py                           1           0  0.21s           2026-04-20T17:44:08
================================================================================
[2026-04-20T17:44:15.370+0000] {manager.py:737} INFO - Searching for files in /opt/airflow/dags
[2026-04-20T17:44:15.410+0000] {manager.py:740} INFO - There are 1 files in /opt/airflow/dags
[2026-04-20T17:44:38.545+0000] {manager.py:878} INFO - 
================================================================================
DAG File Processing Stats

File Path                                 PID    Runtime      # DAGs    # Errors  Last Runtime    Last Run
----------------------------------------  -----  ---------  --------  ----------  --------------  -------------------
/opt/airflow/dags/mlops_orchestration.py                           1           0  0.21s           2026-04-20T17:44:38
================================================================================
[2026-04-20T17:45:08.747+0000] {manager.py:878} INFO - 
================================================================================
DAG File Processing Stats

File Path                                 PID    Runtime      # DAGs    # Errors  Last Runtime    Last Run
----------------------------------------  -----  ---------  --------  ----------  --------------  -------------------
/opt/airflow/dags/mlops_orchestration.py                           1           0  0.11s           2026-04-20T17:45:08
================================================================================
[2026-04-20T17:45:39.033+0000] {manager.py:878} INFO - 
================================================================================
DAG File Processing Stats

File Path                                 PID    Runtime      # DAGs    # Errors  Last Runtime    Last Run
----------------------------------------  -----  ---------  --------  ----------  --------------  -------------------
/opt/airflow/dags/mlops_orchestration.py                           1           0  0.21s           2026-04-20T17:45:39
================================================================================
[2026-04-20T17:46:09.328+0000] {manager.py:878} INFO - 
================================================================================
DAG File Processing Stats

File Path                                 PID    Runtime      # DAGs    # Errors  Last Runtime    Last Run
----------------------------------------  -----  ---------  --------  ----------  --------------  -------------------
/opt/airflow/dags/mlops_orchestration.py                           1           0  0.21s           2026-04-20T17:46:09
================================================================================
[2026-04-20T17:46:39.519+0000] {manager.py:878} INFO - 
================================================================================
DAG File Processing Stats

File Path                                 PID    Runtime      # DAGs    # Errors  Last Runtime    Last Run
----------------------------------------  -----  ---------  --------  ----------  --------------  -------------------
/opt/airflow/dags/mlops_orchestration.py                           1           0  0.11s           2026-04-20T17:46:39
================================================================================
[2026-04-20T17:47:09.797+0000] {manager.py:878} INFO - 
================================================================================
DAG File Processing Stats

File Path                                 PID    Runtime      # DAGs    # Errors  Last Runtime    Last Run
----------------------------------------  -----  ---------  --------  ----------  --------------  -------------------
/opt/airflow/dags/mlops_orchestration.py                           1           0  0.21s           2026-04-20T17:47:09
================================================================================
[2026-04-20T17:47:40.085+0000] {manager.py:878} INFO - 
================================================================================
DAG File Processing Stats

File Path                                 PID    Runtime      # DAGs    # Errors  Last Runtime    Last Run
----------------------------------------  -----  ---------  --------  ----------  --------------  -------------------
/opt/airflow/dags/mlops_orchestration.py                           1           0  0.21s           2026-04-20T17:47:40
================================================================================
[2026-04-20T17:48:10.380+0000] {manager.py:878} INFO - 
================================================================================
DAG File Processing Stats

File Path                                 PID    Runtime      # DAGs    # Errors  Last Runtime    Last Run
----------------------------------------  -----  ---------  --------  ----------  --------------  -------------------
/opt/airflow/dags/mlops_orchestration.py                           1           0  0.21s           2026-04-20T17:48:10
================================================================================
[2026-04-20T17:48:40.664+0000] {manager.py:878} INFO - 
================================================================================
DAG File Processing Stats

File Path                                 PID    Runtime      # DAGs    # Errors  Last Runtime    Last Run
----------------------------------------  -----  ---------  --------  ----------  --------------  -------------------
/opt/airflow/dags/mlops_orchestration.py                           1           0  0.21s           2026-04-20T17:48:40
================================================================================
[2026-04-20T17:49:10.950+0000] {manager.py:878} INFO - 
================================================================================
DAG File Processing Stats

File Path                                 PID    Runtime      # DAGs    # Errors  Last Runtime    Last Run
----------------------------------------  -----  ---------  --------  ----------  --------------  -------------------
/opt/airflow/dags/mlops_orchestration.py                           1           0  0.21s           2026-04-20T17:49:10
================================================================================
[2026-04-20T17:49:15.564+0000] {manager.py:737} INFO - Searching for files in /opt/airflow/dags
[2026-04-20T17:49:15.590+0000] {manager.py:740} INFO - There are 1 files in /opt/airflow/dags
[2026-04-20T17:49:41.139+0000] {manager.py:878} INFO - 
================================================================================
DAG File Processing Stats

File Path                                 PID    Runtime      # DAGs    # Errors  Last Runtime    Last Run
----------------------------------------  -----  ---------  --------  ----------  --------------  -------------------
/opt/airflow/dags/mlops_orchestration.py                           1           0  0.11s           2026-04-20T17:49:41
================================================================================
[2026-04-20T17:50:11.422+0000] {manager.py:878} INFO - 
================================================================================
DAG File Processing Stats

File Path                                 PID    Runtime      # DAGs    # Errors  Last Runtime    Last Run
----------------------------------------  -----  ---------  --------  ----------  --------------  -------------------
/opt/airflow/dags/mlops_orchestration.py                           1           0  0.21s           2026-04-20T17:50:11
================================================================================
[2026-04-20T17:50:41.708+0000] {manager.py:878} INFO - 
================================================================================
DAG File Processing Stats

File Path                                 PID    Runtime      # DAGs    # Errors  Last Runtime    Last Run
----------------------------------------  -----  ---------  --------  ----------  --------------  -------------------
/opt/airflow/dags/mlops_orchestration.py                           1           0  0.21s           2026-04-20T17:50:41
================================================================================
[2026-04-20T17:51:12.007+0000] {manager.py:878} INFO - 
================================================================================
DAG File Processing Stats

File Path                                 PID    Runtime      # DAGs    # Errors  Last Runtime    Last Run
----------------------------------------  -----  ---------  --------  ----------  --------------  -------------------
/opt/airflow/dags/mlops_orchestration.py                           1           0  0.21s           2026-04-20T17:51:12
================================================================================
[2026-04-20T17:51:42.305+0000] {manager.py:878} INFO - 
================================================================================
DAG File Processing Stats

File Path                                 PID    Runtime      # DAGs    # Errors  Last Runtime    Last Run
----------------------------------------  -----  ---------  --------  ----------  --------------  -------------------
/opt/airflow/dags/mlops_orchestration.py                           1           0  0.21s           2026-04-20T17:51:42
================================================================================
[2026-04-20T17:52:12.600+0000] {manager.py:878} INFO - 
================================================================================
DAG File Processing Stats

File Path                                 PID    Runtime      # DAGs    # Errors  Last Runtime    Last Run
----------------------------------------  -----  ---------  --------  ----------  --------------  -------------------
/opt/airflow/dags/mlops_orchestration.py                           1           0  0.21s           2026-04-20T17:52:12
================================================================================
[2026-04-20T17:52:42.894+0000] {manager.py:878} INFO - 
================================================================================
DAG File Processing Stats

File Path                                 PID    Runtime      # DAGs    # Errors  Last Runtime    Last Run
----------------------------------------  -----  ---------  --------  ----------  --------------  -------------------
/opt/airflow/dags/mlops_orchestration.py                           1           0  0.21s           2026-04-20T17:52:42
================================================================================
[2026-04-20T17:53:13.082+0000] {manager.py:878} INFO - 
================================================================================
DAG File Processing Stats

File Path                                 PID    Runtime      # DAGs    # Errors  Last Runtime    Last Run
----------------------------------------  -----  ---------  --------  ----------  --------------  -------------------
/opt/airflow/dags/mlops_orchestration.py                           1           0  0.11s           2026-04-20T17:53:13
================================================================================
[2026-04-20T17:53:43.364+0000] {manager.py:878} INFO - 
================================================================================
DAG File Processing Stats

File Path                                 PID    Runtime      # DAGs    # Errors  Last Runtime    Last Run
----------------------------------------  -----  ---------  --------  ----------  --------------  -------------------
/opt/airflow/dags/mlops_orchestration.py                           1           0  0.21s           2026-04-20T17:53:43
================================================================================
[2026-04-20T17:54:13.649+0000] {manager.py:878} INFO - 
================================================================================
DAG File Processing Stats

File Path                                 PID    Runtime      # DAGs    # Errors  Last Runtime    Last Run
----------------------------------------  -----  ---------  --------  ----------  --------------  -------------------
/opt/airflow/dags/mlops_orchestration.py                           1           0  0.21s           2026-04-20T17:54:13
================================================================================
[2026-04-20T17:54:15.723+0000] {manager.py:737} INFO - Searching for files in /opt/airflow/dags
[2026-04-20T17:54:15.761+0000] {manager.py:740} INFO - There are 1 files in /opt/airflow/dags
[2026-04-20T17:54:43.841+0000] {manager.py:878} INFO - 
================================================================================
DAG File Processing Stats

File Path                                 PID    Runtime      # DAGs    # Errors  Last Runtime    Last Run
----------------------------------------  -----  ---------  --------  ----------  --------------  -------------------
/opt/airflow/dags/mlops_orchestration.py                           1           0  0.11s           2026-04-20T17:54:43
================================================================================
[2026-04-20T17:55:14.029+0000] {manager.py:878} INFO - 
================================================================================
DAG File Processing Stats

File Path                                 PID    Runtime      # DAGs    # Errors  Last Runtime    Last Run
----------------------------------------  -----  ---------  --------  ----------  --------------  -------------------
/opt/airflow/dags/mlops_orchestration.py                           1           0  0.11s           2026-04-20T17:55:14
================================================================================
[2026-04-20T17:55:44.315+0000] {manager.py:878} INFO - 
================================================================================
DAG File Processing Stats

File Path                                 PID    Runtime      # DAGs    # Errors  Last Runtime    Last Run
----------------------------------------  -----  ---------  --------  ----------  --------------  -------------------
/opt/airflow/dags/mlops_orchestration.py                           1           0  0.21s           2026-04-20T17:55:44
================================================================================
[2026-04-20T17:56:14.602+0000] {manager.py:878} INFO - 
================================================================================
DAG File Processing Stats

File Path                                 PID    Runtime      # DAGs    # Errors  Last Runtime    Last Run
----------------------------------------  -----  ---------  --------  ----------  --------------  -------------------
/opt/airflow/dags/mlops_orchestration.py                           1           0  0.21s           2026-04-20T17:56:14
================================================================================
[2026-04-20T17:56:44.899+0000] {manager.py:878} INFO - 
================================================================================
DAG File Processing Stats

File Path                                 PID    Runtime      # DAGs    # Errors  Last Runtime    Last Run
----------------------------------------  -----  ---------  --------  ----------  --------------  -------------------
/opt/airflow/dags/mlops_orchestration.py                           1           0  0.21s           2026-04-20T17:56:44
================================================================================
[2026-04-20T17:57:15.202+0000] {manager.py:878} INFO - 
================================================================================
DAG File Processing Stats

File Path                                 PID    Runtime      # DAGs    # Errors  Last Runtime    Last Run
----------------------------------------  -----  ---------  --------  ----------  --------------  -------------------
/opt/airflow/dags/mlops_orchestration.py                           1           0  0.21s           2026-04-20T17:57:15
================================================================================
[2026-04-20T17:57:45.485+0000] {manager.py:878} INFO - 
================================================================================
DAG File Processing Stats

File Path                                 PID    Runtime      # DAGs    # Errors  Last Runtime    Last Run
----------------------------------------  -----  ---------  --------  ----------  --------------  -------------------
/opt/airflow/dags/mlops_orchestration.py                           1           0  0.21s           2026-04-20T17:57:45
================================================================================
[2026-04-20T17:58:15.778+0000] {manager.py:878} INFO - 
================================================================================
DAG File Processing Stats

File Path                                 PID    Runtime      # DAGs    # Errors  Last Runtime    Last Run
----------------------------------------  -----  ---------  --------  ----------  --------------  -------------------
/opt/airflow/dags/mlops_orchestration.py                           1           0  0.21s           2026-04-20T17:58:15
================================================================================
[2026-04-20T17:58:46.077+0000] {manager.py:878} INFO - 
================================================================================
DAG File Processing Stats

File Path                                 PID    Runtime      # DAGs    # Errors  Last Runtime    Last Run
----------------------------------------  -----  ---------  --------  ----------  --------------  -------------------
/opt/airflow/dags/mlops_orchestration.py                           1           0  0.21s           2026-04-20T17:58:46
================================================================================
[2026-04-20T17:59:15.930+0000] {manager.py:737} INFO - Searching for files in /opt/airflow/dags
[2026-04-20T17:59:15.953+0000] {manager.py:740} INFO - There are 1 files in /opt/airflow/dags
[2026-04-20T17:59:16.272+0000] {manager.py:878} INFO - 
================================================================================
DAG File Processing Stats

File Path                                 PID    Runtime      # DAGs    # Errors  Last Runtime    Last Run
----------------------------------------  -----  ---------  --------  ----------  --------------  -------------------
/opt/airflow/dags/mlops_orchestration.py                           1           0  0.11s           2026-04-20T17:59:16
================================================================================
[2026-04-20T17:59:46.465+0000] {manager.py:878} INFO - 
================================================================================
DAG File Processing Stats

File Path                                 PID    Runtime      # DAGs    # Errors  Last Runtime    Last Run
----------------------------------------  -----  ---------  --------  ----------  --------------  -------------------
/opt/airflow/dags/mlops_orchestration.py                           1           0  0.11s           2026-04-20T17:59:46
================================================================================
[2026-04-20T18:00:16.741+0000] {manager.py:878} INFO - 
================================================================================
DAG File Processing Stats

File Path                                 PID    Runtime      # DAGs    # Errors  Last Runtime    Last Run
----------------------------------------  -----  ---------  --------  ----------  --------------  -------------------
/opt/airflow/dags/mlops_orchestration.py                           1           0  0.21s           2026-04-20T18:00:16
================================================================================
[2026-04-20T18:00:46.931+0000] {manager.py:878} INFO - 
================================================================================
DAG File Processing Stats

File Path                                 PID    Runtime      # DAGs    # Errors  Last Runtime    Last Run
----------------------------------------  -----  ---------  --------  ----------  --------------  -------------------
/opt/airflow/dags/mlops_orchestration.py                           1           0  0.11s           2026-04-20T18:00:46
================================================================================
[2026-04-20T18:01:17.211+0000] {manager.py:878} INFO - 
================================================================================
DAG File Processing Stats

File Path                                 PID    Runtime      # DAGs    # Errors  Last Runtime    Last Run
----------------------------------------  -----  ---------  --------  ----------  --------------  -------------------
/opt/airflow/dags/mlops_orchestration.py                           1           0  0.21s           2026-04-20T18:01:17
================================================================================
[2026-04-20T18:01:47.498+0000] {manager.py:878} INFO - 
================================================================================
DAG File Processing Stats

File Path                                 PID    Runtime      # DAGs    # Errors  Last Runtime    Last Run
----------------------------------------  -----  ---------  --------  ----------  --------------  -------------------
/opt/airflow/dags/mlops_orchestration.py                           1           0  0.21s           2026-04-20T18:01:47
================================================================================
[2026-04-20T18:02:17.795+0000] {manager.py:878} INFO - 
================================================================================
DAG File Processing Stats

File Path                                 PID    Runtime      # DAGs    # Errors  Last Runtime    Last Run
----------------------------------------  -----  ---------  --------  ----------  --------------  -------------------
/opt/airflow/dags/mlops_orchestration.py                           1           0  0.21s           2026-04-20T18:02:17
================================================================================
[2026-04-20T18:02:48.086+0000] {manager.py:878} INFO - 
================================================================================
DAG File Processing Stats

File Path                                 PID    Runtime      # DAGs    # Errors  Last Runtime    Last Run
----------------------------------------  -----  ---------  --------  ----------  --------------  -------------------
/opt/airflow/dags/mlops_orchestration.py                           1           0  0.21s           2026-04-20T18:02:48
================================================================================
[2026-04-20T18:03:18.364+0000] {manager.py:878} INFO - 
================================================================================
DAG File Processing Stats

File Path                                 PID    Runtime      # DAGs    # Errors  Last Runtime    Last Run
----------------------------------------  -----  ---------  --------  ----------  --------------  -------------------
/opt/airflow/dags/mlops_orchestration.py                           1           0  0.21s           2026-04-20T18:03:18
================================================================================
[2026-04-20T18:03:48.559+0000] {manager.py:878} INFO - 
================================================================================
DAG File Processing Stats

File Path                                 PID    Runtime      # DAGs    # Errors  Last Runtime    Last Run
----------------------------------------  -----  ---------  --------  ----------  --------------  -------------------
/opt/airflow/dags/mlops_orchestration.py                           1           0  0.11s           2026-04-20T18:03:48
================================================================================
[2026-04-20T18:04:16.102+0000] {manager.py:737} INFO - Searching for files in /opt/airflow/dags
[2026-04-20T18:04:16.127+0000] {manager.py:740} INFO - There are 1 files in /opt/airflow/dags
[2026-04-20T18:04:18.832+0000] {manager.py:878} INFO - 
================================================================================
DAG File Processing Stats

File Path                                 PID    Runtime      # DAGs    # Errors  Last Runtime    Last Run
----------------------------------------  -----  ---------  --------  ----------  --------------  -------------------
/opt/airflow/dags/mlops_orchestration.py                           1           0  0.21s           2026-04-20T18:04:18
================================================================================
[2026-04-20T18:04:49.119+0000] {manager.py:878} INFO - 
================================================================================
DAG File Processing Stats

File Path                                 PID    Runtime      # DAGs    # Errors  Last Runtime    Last Run
----------------------------------------  -----  ---------  --------  ----------  --------------  -------------------
/opt/airflow/dags/mlops_orchestration.py                           1           0  0.21s           2026-04-20T18:04:49
================================================================================
[2026-04-20T18:05:19.318+0000] {manager.py:878} INFO - 
================================================================================
DAG File Processing Stats

File Path                                 PID    Runtime      # DAGs    # Errors  Last Runtime    Last Run
----------------------------------------  -----  ---------  --------  ----------  --------------  -------------------
/opt/airflow/dags/mlops_orchestration.py                           1           0  0.11s           2026-04-20T18:05:19
================================================================================
[2026-04-20T18:05:49.601+0000] {manager.py:878} INFO - 
================================================================================
DAG File Processing Stats

File Path                                 PID    Runtime      # DAGs    # Errors  Last Runtime    Last Run
----------------------------------------  -----  ---------  --------  ----------  --------------  -------------------
/opt/airflow/dags/mlops_orchestration.py                           1           0  0.21s           2026-04-20T18:05:49
================================================================================
[2026-04-20T18:06:19.894+0000] {manager.py:878} INFO - 
================================================================================
DAG File Processing Stats

File Path                                 PID    Runtime      # DAGs    # Errors  Last Runtime    Last Run
----------------------------------------  -----  ---------  --------  ----------  --------------  -------------------
/opt/airflow/dags/mlops_orchestration.py                           1           0  0.21s           2026-04-20T18:06:19
================================================================================
[2026-04-20T18:06:50.089+0000] {manager.py:878} INFO - 
================================================================================
DAG File Processing Stats

File Path                                 PID    Runtime      # DAGs    # Errors  Last Runtime    Last Run
----------------------------------------  -----  ---------  --------  ----------  --------------  -------------------
/opt/airflow/dags/mlops_orchestration.py                           1           0  0.11s           2026-04-20T18:06:50
================================================================================
[2026-04-20T18:07:20.376+0000] {manager.py:878} INFO - 
================================================================================
DAG File Processing Stats

File Path                                 PID    Runtime      # DAGs    # Errors  Last Runtime    Last Run
----------------------------------------  -----  ---------  --------  ----------  --------------  -------------------
/opt/airflow/dags/mlops_orchestration.py                           1           0  0.21s           2026-04-20T18:07:20
================================================================================
[2026-04-20T18:07:50.667+0000] {manager.py:878} INFO - 
================================================================================
DAG File Processing Stats

File Path                                 PID    Runtime      # DAGs    # Errors  Last Runtime    Last Run
----------------------------------------  -----  ---------  --------  ----------  --------------  -------------------
/opt/airflow/dags/mlops_orchestration.py                           1           0  0.21s           2026-04-20T18:07:50
================================================================================
[2026-04-20T18:08:20.949+0000] {manager.py:878} INFO - 
================================================================================
DAG File Processing Stats

File Path                                 PID    Runtime      # DAGs    # Errors  Last Runtime    Last Run
----------------------------------------  -----  ---------  --------  ----------  --------------  -------------------
/opt/airflow/dags/mlops_orchestration.py                           1           0  0.21s           2026-04-20T18:08:20
================================================================================
[2026-04-20T18:08:51.137+0000] {manager.py:878} INFO - 
================================================================================
DAG File Processing Stats

File Path                                 PID    Runtime      # DAGs    # Errors  Last Runtime    Last Run
----------------------------------------  -----  ---------  --------  ----------  --------------  -------------------
/opt/airflow/dags/mlops_orchestration.py                           1           0  0.11s           2026-04-20T18:08:51
================================================================================
[2026-04-20T18:09:16.282+0000] {manager.py:737} INFO - Searching for files in /opt/airflow/dags
[2026-04-20T18:09:16.323+0000] {manager.py:740} INFO - There are 1 files in /opt/airflow/dags
[2026-04-20T18:09:21.722+0000] {manager.py:878} INFO - 
================================================================================
DAG File Processing Stats

File Path                                 PID    Runtime      # DAGs    # Errors  Last Runtime    Last Run
----------------------------------------  -----  ---------  --------  ----------  --------------  -------------------
/opt/airflow/dags/mlops_orchestration.py                           1           0  0.51s           2026-04-20T18:09:21
================================================================================
[2026-04-20T18:09:52.014+0000] {manager.py:878} INFO - 
================================================================================
DAG File Processing Stats

File Path                                 PID    Runtime      # DAGs    # Errors  Last Runtime    Last Run
----------------------------------------  -----  ---------  --------  ----------  --------------  -------------------
/opt/airflow/dags/mlops_orchestration.py                           1           0  0.21s           2026-04-20T18:09:52
================================================================================
[2026-04-20T18:10:22.293+0000] {manager.py:878} INFO - 
================================================================================
DAG File Processing Stats

File Path                                 PID    Runtime      # DAGs    # Errors  Last Runtime    Last Run
----------------------------------------  -----  ---------  --------  ----------  --------------  -------------------
/opt/airflow/dags/mlops_orchestration.py                           1           0  0.21s           2026-04-20T18:10:22
================================================================================
[2026-04-20T18:10:52.576+0000] {manager.py:878} INFO - 
================================================================================
DAG File Processing Stats

File Path                                 PID    Runtime      # DAGs    # Errors  Last Runtime    Last Run
----------------------------------------  -----  ---------  --------  ----------  --------------  -------------------
/opt/airflow/dags/mlops_orchestration.py                           1           0  0.21s           2026-04-20T18:10:52
================================================================================
[2026-04-20T18:11:22.873+0000] {manager.py:878} INFO - 
================================================================================
DAG File Processing Stats

File Path                                 PID    Runtime      # DAGs    # Errors  Last Runtime    Last Run
----------------------------------------  -----  ---------  --------  ----------  --------------  -------------------
/opt/airflow/dags/mlops_orchestration.py                           1           0  0.21s           2026-04-20T18:11:22
================================================================================
[2026-04-20T18:11:53.088+0000] {manager.py:878} INFO - 
================================================================================
DAG File Processing Stats

File Path                                 PID    Runtime      # DAGs    # Errors  Last Runtime    Last Run
----------------------------------------  -----  ---------  --------  ----------  --------------  -------------------
/opt/airflow/dags/mlops_orchestration.py                           1           0  0.11s           2026-04-20T18:11:53
================================================================================
[2026-04-20T18:12:23.277+0000] {manager.py:878} INFO - 
================================================================================
DAG File Processing Stats

File Path                                 PID    Runtime      # DAGs    # Errors  Last Runtime    Last Run
----------------------------------------  -----  ---------  --------  ----------  --------------  -------------------
/opt/airflow/dags/mlops_orchestration.py                           1           0  0.11s           2026-04-20T18:12:23
================================================================================
[2026-04-20T18:12:53.471+0000] {manager.py:878} INFO - 
================================================================================
DAG File Processing Stats

File Path                                 PID    Runtime      # DAGs    # Errors  Last Runtime    Last Run
----------------------------------------  -----  ---------  --------  ----------  --------------  -------------------
/opt/airflow/dags/mlops_orchestration.py                           1           0  0.11s           2026-04-20T18:12:53
================================================================================
[2026-04-20T18:13:23.747+0000] {manager.py:878} INFO - 
================================================================================
DAG File Processing Stats

File Path                                 PID    Runtime      # DAGs    # Errors  Last Runtime    Last Run
----------------------------------------  -----  ---------  --------  ----------  --------------  -------------------
/opt/airflow/dags/mlops_orchestration.py                           1           0  0.21s           2026-04-20T18:13:23
================================================================================
[2026-04-20T18:13:53.934+0000] {manager.py:878} INFO - 
================================================================================
DAG File Processing Stats

File Path                                 PID    Runtime      # DAGs    # Errors  Last Runtime    Last Run
----------------------------------------  -----  ---------  --------  ----------  --------------  -------------------
/opt/airflow/dags/mlops_orchestration.py                           1           0  0.11s           2026-04-20T18:13:53
================================================================================
[2026-04-20T18:14:16.381+0000] {manager.py:737} INFO - Searching for files in /opt/airflow/dags
[2026-04-20T18:14:16.410+0000] {manager.py:740} INFO - There are 1 files in /opt/airflow/dags
[2026-04-20T18:14:24.119+0000] {manager.py:878} INFO - 
================================================================================
DAG File Processing Stats

File Path                                 PID    Runtime      # DAGs    # Errors  Last Runtime    Last Run
----------------------------------------  -----  ---------  --------  ----------  --------------  -------------------
/opt/airflow/dags/mlops_orchestration.py                           1           0  0.11s           2026-04-20T18:14:24
================================================================================
[2026-04-20T18:14:54.412+0000] {manager.py:878} INFO - 
================================================================================
DAG File Processing Stats

File Path                                 PID    Runtime      # DAGs    # Errors  Last Runtime    Last Run
----------------------------------------  -----  ---------  --------  ----------  --------------  -------------------
/opt/airflow/dags/mlops_orchestration.py                           1           0  0.21s           2026-04-20T18:14:54
================================================================================
[2026-04-20T18:15:24.693+0000] {manager.py:878} INFO - 
================================================================================
DAG File Processing Stats

File Path                                 PID    Runtime      # DAGs    # Errors  Last Runtime    Last Run
----------------------------------------  -----  ---------  --------  ----------  --------------  -------------------
/opt/airflow/dags/mlops_orchestration.py                           1           0  0.21s           2026-04-20T18:15:24
================================================================================
[2026-04-20T18:15:54.976+0000] {manager.py:878} INFO - 
================================================================================
DAG File Processing Stats

File Path                                 PID    Runtime      # DAGs    # Errors  Last Runtime    Last Run
----------------------------------------  -----  ---------  --------  ----------  --------------  -------------------
/opt/airflow/dags/mlops_orchestration.py                           1           0  0.21s           2026-04-20T18:15:54
================================================================================
[2026-04-20T18:16:25.268+0000] {manager.py:878} INFO - 
================================================================================
DAG File Processing Stats

File Path                                 PID    Runtime      # DAGs    # Errors  Last Runtime    Last Run
----------------------------------------  -----  ---------  --------  ----------  --------------  -------------------
/opt/airflow/dags/mlops_orchestration.py                           1           0  0.21s           2026-04-20T18:16:25
================================================================================
[2026-04-20T18:16:55.552+0000] {manager.py:878} INFO - 
================================================================================
DAG File Processing Stats

File Path                                 PID    Runtime      # DAGs    # Errors  Last Runtime    Last Run
----------------------------------------  -----  ---------  --------  ----------  --------------  -------------------
/opt/airflow/dags/mlops_orchestration.py                           1           0  0.21s           2026-04-20T18:16:55
================================================================================
[2026-04-20T18:17:25.744+0000] {manager.py:878} INFO - 
================================================================================
DAG File Processing Stats

File Path                                 PID    Runtime      # DAGs    # Errors  Last Runtime    Last Run
----------------------------------------  -----  ---------  --------  ----------  --------------  -------------------
/opt/airflow/dags/mlops_orchestration.py                           1           0  0.11s           2026-04-20T18:17:25
================================================================================
[2026-04-20T18:17:56.027+0000] {manager.py:878} INFO - 
================================================================================
DAG File Processing Stats

File Path                                 PID    Runtime      # DAGs    # Errors  Last Runtime    Last Run
----------------------------------------  -----  ---------  --------  ----------  --------------  -------------------
/opt/airflow/dags/mlops_orchestration.py                           1           0  0.21s           2026-04-20T18:17:56
================================================================================
[2026-04-20T18:18:26.312+0000] {manager.py:878} INFO - 
================================================================================
DAG File Processing Stats

File Path                                 PID    Runtime      # DAGs    # Errors  Last Runtime    Last Run
----------------------------------------  -----  ---------  --------  ----------  --------------  -------------------
/opt/airflow/dags/mlops_orchestration.py                           1           0  0.21s           2026-04-20T18:18:26
================================================================================
[2026-04-20T18:18:56.586+0000] {manager.py:878} INFO - 
================================================================================
DAG File Processing Stats

File Path                                 PID    Runtime      # DAGs    # Errors  Last Runtime    Last Run
----------------------------------------  -----  ---------  --------  ----------  --------------  -------------------
/opt/airflow/dags/mlops_orchestration.py                           1           0  0.21s           2026-04-20T18:18:56
================================================================================
[2026-04-20T18:19:16.627+0000] {manager.py:737} INFO - Searching for files in /opt/airflow/dags
[2026-04-20T18:19:16.663+0000] {manager.py:740} INFO - There are 1 files in /opt/airflow/dags
[2026-04-20T18:19:26.883+0000] {manager.py:878} INFO - 
================================================================================
DAG File Processing Stats

File Path                                 PID    Runtime      # DAGs    # Errors  Last Runtime    Last Run
----------------------------------------  -----  ---------  --------  ----------  --------------  -------------------
/opt/airflow/dags/mlops_orchestration.py                           1           0  0.21s           2026-04-20T18:19:26
================================================================================
[2026-04-20T18:19:57.175+0000] {manager.py:878} INFO - 
================================================================================
DAG File Processing Stats

File Path                                 PID    Runtime      # DAGs    # Errors  Last Runtime    Last Run
----------------------------------------  -----  ---------  --------  ----------  --------------  -------------------
/opt/airflow/dags/mlops_orchestration.py                           1           0  0.21s           2026-04-20T18:19:57
================================================================================
[2026-04-20T18:20:27.365+0000] {manager.py:878} INFO - 
================================================================================
DAG File Processing Stats

File Path                                 PID    Runtime      # DAGs    # Errors  Last Runtime    Last Run
----------------------------------------  -----  ---------  --------  ----------  --------------  -------------------
/opt/airflow/dags/mlops_orchestration.py                           1           0  0.11s           2026-04-20T18:20:27
================================================================================
[2026-04-20T18:20:57.634+0000] {manager.py:878} INFO - 
================================================================================
DAG File Processing Stats

File Path                                 PID    Runtime      # DAGs    # Errors  Last Runtime    Last Run
----------------------------------------  -----  ---------  --------  ----------  --------------  -------------------
/opt/airflow/dags/mlops_orchestration.py                           1           0  0.21s           2026-04-20T18:20:57
================================================================================
[2026-04-20T18:21:27.821+0000] {manager.py:878} INFO - 
================================================================================
DAG File Processing Stats

File Path                                 PID    Runtime      # DAGs    # Errors  Last Runtime    Last Run
----------------------------------------  -----  ---------  --------  ----------  --------------  -------------------
/opt/airflow/dags/mlops_orchestration.py                           1           0  0.11s           2026-04-20T18:21:27
================================================================================
[2026-04-20T18:21:58.006+0000] {manager.py:878} INFO - 
================================================================================
DAG File Processing Stats

File Path                                 PID    Runtime      # DAGs    # Errors  Last Runtime    Last Run
----------------------------------------  -----  ---------  --------  ----------  --------------  -------------------
/opt/airflow/dags/mlops_orchestration.py                           1           0  0.11s           2026-04-20T18:21:58
================================================================================
[2026-04-20T18:22:28.284+0000] {manager.py:878} INFO - 
================================================================================
DAG File Processing Stats

File Path                                 PID    Runtime      # DAGs    # Errors  Last Runtime    Last Run
----------------------------------------  -----  ---------  --------  ----------  --------------  -------------------
/opt/airflow/dags/mlops_orchestration.py                           1           0  0.21s           2026-04-20T18:22:28
================================================================================
[2026-04-20T18:22:58.571+0000] {manager.py:878} INFO - 
================================================================================
DAG File Processing Stats

File Path                                 PID    Runtime      # DAGs    # Errors  Last Runtime    Last Run
----------------------------------------  -----  ---------  --------  ----------  --------------  -------------------
/opt/airflow/dags/mlops_orchestration.py                           1           0  0.21s           2026-04-20T18:22:58
================================================================================
[2026-04-20T18:23:28.763+0000] {manager.py:878} INFO - 
================================================================================
DAG File Processing Stats

File Path                                 PID    Runtime      # DAGs    # Errors  Last Runtime    Last Run
----------------------------------------  -----  ---------  --------  ----------  --------------  -------------------
/opt/airflow/dags/mlops_orchestration.py                           1           0  0.11s           2026-04-20T18:23:28
================================================================================
[2026-04-20T18:23:59.043+0000] {manager.py:878} INFO - 
================================================================================
DAG File Processing Stats

File Path                                 PID    Runtime      # DAGs    # Errors  Last Runtime    Last Run
----------------------------------------  -----  ---------  --------  ----------  --------------  -------------------
/opt/airflow/dags/mlops_orchestration.py                           1           0  0.21s           2026-04-20T18:23:59
================================================================================
[2026-04-20T18:24:16.818+0000] {manager.py:737} INFO - Searching for files in /opt/airflow/dags
[2026-04-20T18:24:16.837+0000] {manager.py:740} INFO - There are 1 files in /opt/airflow/dags
[2026-04-20T18:24:29.237+0000] {manager.py:878} INFO - 
================================================================================
DAG File Processing Stats

File Path                                 PID    Runtime      # DAGs    # Errors  Last Runtime    Last Run
----------------------------------------  -----  ---------  --------  ----------  --------------  -------------------
/opt/airflow/dags/mlops_orchestration.py                           1           0  0.11s           2026-04-20T18:24:29
================================================================================
[2026-04-20T18:24:59.431+0000] {manager.py:878} INFO - 
================================================================================
DAG File Processing Stats

File Path                                 PID    Runtime      # DAGs    # Errors  Last Runtime    Last Run
----------------------------------------  -----  ---------  --------  ----------  --------------  -------------------
/opt/airflow/dags/mlops_orchestration.py                           1           0  0.11s           2026-04-20T18:24:59
================================================================================
[2026-04-20T18:25:29.707+0000] {manager.py:878} INFO - 
================================================================================
DAG File Processing Stats

File Path                                 PID    Runtime      # DAGs    # Errors  Last Runtime    Last Run
----------------------------------------  -----  ---------  --------  ----------  --------------  -------------------
/opt/airflow/dags/mlops_orchestration.py                           1           0  0.21s           2026-04-20T18:25:29
================================================================================
[2026-04-20T18:25:59.889+0000] {manager.py:878} INFO - 
================================================================================
DAG File Processing Stats

File Path                                 PID    Runtime      # DAGs    # Errors  Last Runtime    Last Run
----------------------------------------  -----  ---------  --------  ----------  --------------  -------------------
/opt/airflow/dags/mlops_orchestration.py                           1           0  0.11s           2026-04-20T18:25:59
================================================================================
[2026-04-20T18:26:30.077+0000] {manager.py:878} INFO - 
================================================================================
DAG File Processing Stats

File Path                                 PID    Runtime      # DAGs    # Errors  Last Runtime    Last Run
----------------------------------------  -----  ---------  --------  ----------  --------------  -------------------
/opt/airflow/dags/mlops_orchestration.py                           1           0  0.11s           2026-04-20T18:26:30
================================================================================
[2026-04-20T18:27:00.354+0000] {manager.py:878} INFO - 
================================================================================
DAG File Processing Stats

File Path                                 PID    Runtime      # DAGs    # Errors  Last Runtime    Last Run
----------------------------------------  -----  ---------  --------  ----------  --------------  -------------------
/opt/airflow/dags/mlops_orchestration.py                           1           0  0.21s           2026-04-20T18:27:00
================================================================================
[2026-04-20T18:27:30.641+0000] {manager.py:878} INFO - 
================================================================================
DAG File Processing Stats

File Path                                 PID    Runtime      # DAGs    # Errors  Last Runtime    Last Run
----------------------------------------  -----  ---------  --------  ----------  --------------  -------------------
/opt/airflow/dags/mlops_orchestration.py                           1           0  0.21s           2026-04-20T18:27:30
================================================================================
[2026-04-20T18:28:00.928+0000] {manager.py:878} INFO - 
================================================================================
DAG File Processing Stats

File Path                                 PID    Runtime      # DAGs    # Errors  Last Runtime    Last Run
----------------------------------------  -----  ---------  --------  ----------  --------------  -------------------
/opt/airflow/dags/mlops_orchestration.py                           1           0  0.21s           2026-04-20T18:28:00
================================================================================
[2026-04-20T18:28:31.216+0000] {manager.py:878} INFO - 
================================================================================
DAG File Processing Stats

File Path                                 PID    Runtime      # DAGs    # Errors  Last Runtime    Last Run
----------------------------------------  -----  ---------  --------  ----------  --------------  -------------------
/opt/airflow/dags/mlops_orchestration.py                           1           0  0.21s           2026-04-20T18:28:31
================================================================================
[2026-04-20T18:29:01.501+0000] {manager.py:878} INFO - 
================================================================================
DAG File Processing Stats

File Path                                 PID    Runtime      # DAGs    # Errors  Last Runtime    Last Run
----------------------------------------  -----  ---------  --------  ----------  --------------  -------------------
/opt/airflow/dags/mlops_orchestration.py                           1           0  0.21s           2026-04-20T18:29:01
================================================================================
[2026-04-20T18:29:16.986+0000] {manager.py:737} INFO - Searching for files in /opt/airflow/dags
[2026-04-20T18:29:17.013+0000] {manager.py:740} INFO - There are 1 files in /opt/airflow/dags
[2026-04-20T18:29:31.694+0000] {manager.py:878} INFO - 
================================================================================
DAG File Processing Stats

File Path                                 PID    Runtime      # DAGs    # Errors  Last Runtime    Last Run
----------------------------------------  -----  ---------  --------  ----------  --------------  -------------------
/opt/airflow/dags/mlops_orchestration.py                           1           0  0.11s           2026-04-20T18:29:31
================================================================================
[2026-04-20T18:30:01.976+0000] {manager.py:878} INFO - 
================================================================================
DAG File Processing Stats

File Path                                 PID    Runtime      # DAGs    # Errors  Last Runtime    Last Run
----------------------------------------  -----  ---------  --------  ----------  --------------  -------------------
/opt/airflow/dags/mlops_orchestration.py                           1           0  0.21s           2026-04-20T18:30:01
================================================================================
[2026-04-20T18:30:32.251+0000] {manager.py:878} INFO - 
================================================================================
DAG File Processing Stats

File Path                                 PID    Runtime      # DAGs    # Errors  Last Runtime    Last Run
----------------------------------------  -----  ---------  --------  ----------  --------------  -------------------
/opt/airflow/dags/mlops_orchestration.py                           1           0  0.21s           2026-04-20T18:30:32
================================================================================
[2026-04-20T18:31:02.542+0000] {manager.py:878} INFO - 
================================================================================
DAG File Processing Stats

File Path                                 PID    Runtime      # DAGs    # Errors  Last Runtime    Last Run
----------------------------------------  -----  ---------  --------  ----------  --------------  -------------------
/opt/airflow/dags/mlops_orchestration.py                           1           0  0.21s           2026-04-20T18:31:02
================================================================================
[2026-04-20T18:31:32.840+0000] {manager.py:878} INFO - 
================================================================================
DAG File Processing Stats

File Path                                 PID    Runtime      # DAGs    # Errors  Last Runtime    Last Run
----------------------------------------  -----  ---------  --------  ----------  --------------  -------------------
/opt/airflow/dags/mlops_orchestration.py                           1           0  0.22s           2026-04-20T18:31:32
================================================================================
[2026-04-20T18:32:03.040+0000] {manager.py:878} INFO - 
================================================================================
DAG File Processing Stats

File Path                                 PID    Runtime      # DAGs    # Errors  Last Runtime    Last Run
----------------------------------------  -----  ---------  --------  ----------  --------------  -------------------
/opt/airflow/dags/mlops_orchestration.py                           1           0  0.11s           2026-04-20T18:32:03
================================================================================
[2026-04-20T18:32:33.327+0000] {manager.py:878} INFO - 
================================================================================
DAG File Processing Stats

File Path                                 PID    Runtime      # DAGs    # Errors  Last Runtime    Last Run
----------------------------------------  -----  ---------  --------  ----------  --------------  -------------------
/opt/airflow/dags/mlops_orchestration.py                           1           0  0.21s           2026-04-20T18:32:33
================================================================================
[2026-04-20T18:33:03.616+0000] {manager.py:878} INFO - 
================================================================================
DAG File Processing Stats

File Path                                 PID    Runtime      # DAGs    # Errors  Last Runtime    Last Run
----------------------------------------  -----  ---------  --------  ----------  --------------  -------------------
/opt/airflow/dags/mlops_orchestration.py                           1           0  0.21s           2026-04-20T18:33:03
================================================================================
[2026-04-20T18:33:33.903+0000] {manager.py:878} INFO - 
================================================================================
DAG File Processing Stats

File Path                                 PID    Runtime      # DAGs    # Errors  Last Runtime    Last Run
----------------------------------------  -----  ---------  --------  ----------  --------------  -------------------
/opt/airflow/dags/mlops_orchestration.py                           1           0  0.21s           2026-04-20T18:33:33
================================================================================
[2026-04-20T18:34:04.200+0000] {manager.py:878} INFO - 
================================================================================
DAG File Processing Stats

File Path                                 PID    Runtime      # DAGs    # Errors  Last Runtime    Last Run
----------------------------------------  -----  ---------  --------  ----------  --------------  -------------------
/opt/airflow/dags/mlops_orchestration.py                           1           0  0.21s           2026-04-20T18:34:04
================================================================================
[2026-04-20T18:34:17.166+0000] {manager.py:737} INFO - Searching for files in /opt/airflow/dags
[2026-04-20T18:34:17.204+0000] {manager.py:740} INFO - There are 1 files in /opt/airflow/dags
[2026-04-20T18:34:34.486+0000] {manager.py:878} INFO - 
================================================================================
DAG File Processing Stats

File Path                                 PID    Runtime      # DAGs    # Errors  Last Runtime    Last Run
----------------------------------------  -----  ---------  --------  ----------  --------------  -------------------
/opt/airflow/dags/mlops_orchestration.py                           1           0  0.21s           2026-04-20T18:34:34
================================================================================
[2026-04-20T18:35:04.773+0000] {manager.py:878} INFO - 
================================================================================
DAG File Processing Stats

File Path                                 PID    Runtime      # DAGs    # Errors  Last Runtime    Last Run
----------------------------------------  -----  ---------  --------  ----------  --------------  -------------------
/opt/airflow/dags/mlops_orchestration.py                           1           0  0.21s           2026-04-20T18:35:04
================================================================================
[2026-04-20T18:35:35.067+0000] {manager.py:878} INFO - 
================================================================================
DAG File Processing Stats

File Path                                 PID    Runtime      # DAGs    # Errors  Last Runtime    Last Run
----------------------------------------  -----  ---------  --------  ----------  --------------  -------------------
/opt/airflow/dags/mlops_orchestration.py                           1           0  0.21s           2026-04-20T18:35:35
================================================================================
[2026-04-20T18:36:05.358+0000] {manager.py:878} INFO - 
================================================================================
DAG File Processing Stats

File Path                                 PID    Runtime      # DAGs    # Errors  Last Runtime    Last Run
----------------------------------------  -----  ---------  --------  ----------  --------------  -------------------
/opt/airflow/dags/mlops_orchestration.py                           1           0  0.21s           2026-04-20T18:36:05
================================================================================
[2026-04-20T18:36:35.549+0000] {manager.py:878} INFO - 
================================================================================
DAG File Processing Stats

File Path                                 PID    Runtime      # DAGs    # Errors  Last Runtime    Last Run
----------------------------------------  -----  ---------  --------  ----------  --------------  -------------------
/opt/airflow/dags/mlops_orchestration.py                           1           0  0.11s           2026-04-20T18:36:35
================================================================================
[2026-04-20T18:37:05.830+0000] {manager.py:878} INFO - 
================================================================================
DAG File Processing Stats

File Path                                 PID    Runtime      # DAGs    # Errors  Last Runtime    Last Run
----------------------------------------  -----  ---------  --------  ----------  --------------  -------------------
/opt/airflow/dags/mlops_orchestration.py                           1           0  0.21s           2026-04-20T18:37:05
================================================================================
[2026-04-20T18:37:36.135+0000] {manager.py:878} INFO - 
================================================================================
DAG File Processing Stats

File Path                                 PID    Runtime      # DAGs    # Errors  Last Runtime    Last Run
----------------------------------------  -----  ---------  --------  ----------  --------------  -------------------
/opt/airflow/dags/mlops_orchestration.py                           1           0  0.21s           2026-04-20T18:37:36
================================================================================
[2026-04-20T18:38:06.339+0000] {manager.py:878} INFO - 
================================================================================
DAG File Processing Stats

File Path                                 PID    Runtime      # DAGs    # Errors  Last Runtime    Last Run
----------------------------------------  -----  ---------  --------  ----------  --------------  -------------------
/opt/airflow/dags/mlops_orchestration.py                           1           0  0.11s           2026-04-20T18:38:06
================================================================================
[2026-04-20T18:38:36.631+0000] {manager.py:878} INFO - 
================================================================================
DAG File Processing Stats

File Path                                 PID    Runtime      # DAGs    # Errors  Last Runtime    Last Run
----------------------------------------  -----  ---------  --------  ----------  --------------  -------------------
/opt/airflow/dags/mlops_orchestration.py                           1           0  0.21s           2026-04-20T18:38:36
================================================================================
[2026-04-20T18:39:06.815+0000] {manager.py:878} INFO - 
================================================================================
DAG File Processing Stats

File Path                                 PID    Runtime      # DAGs    # Errors  Last Runtime    Last Run
----------------------------------------  -----  ---------  --------  ----------  --------------  -------------------
/opt/airflow/dags/mlops_orchestration.py                           1           0  0.11s           2026-04-20T18:39:06
================================================================================
[2026-04-20T18:39:17.377+0000] {manager.py:737} INFO - Searching for files in /opt/airflow/dags
[2026-04-20T18:39:17.401+0000] {manager.py:740} INFO - There are 1 files in /opt/airflow/dags
[2026-04-20T18:39:37.105+0000] {manager.py:878} INFO - 
================================================================================
DAG File Processing Stats

File Path                                 PID    Runtime      # DAGs    # Errors  Last Runtime    Last Run
----------------------------------------  -----  ---------  --------  ----------  --------------  -------------------
/opt/airflow/dags/mlops_orchestration.py                           1           0  0.21s           2026-04-20T18:39:37
================================================================================
[2026-04-20T18:40:07.406+0000] {manager.py:878} INFO - 
================================================================================
DAG File Processing Stats

File Path                                 PID    Runtime      # DAGs    # Errors  Last Runtime    Last Run
----------------------------------------  -----  ---------  --------  ----------  --------------  -------------------
/opt/airflow/dags/mlops_orchestration.py                           1           0  0.21s           2026-04-20T18:40:07
================================================================================
[2026-04-20T18:40:37.697+0000] {manager.py:878} INFO - 
================================================================================
DAG File Processing Stats

File Path                                 PID    Runtime      # DAGs    # Errors  Last Runtime    Last Run
----------------------------------------  -----  ---------  --------  ----------  --------------  -------------------
/opt/airflow/dags/mlops_orchestration.py                           1           0  0.21s           2026-04-20T18:40:37
================================================================================
[2026-04-20T18:41:07.889+0000] {manager.py:878} INFO - 
================================================================================
DAG File Processing Stats

File Path                                 PID    Runtime      # DAGs    # Errors  Last Runtime    Last Run
----------------------------------------  -----  ---------  --------  ----------  --------------  -------------------
/opt/airflow/dags/mlops_orchestration.py                           1           0  0.12s           2026-04-20T18:41:07
================================================================================
[2026-04-20T18:41:38.169+0000] {manager.py:878} INFO - 
================================================================================
DAG File Processing Stats

File Path                                 PID    Runtime      # DAGs    # Errors  Last Runtime    Last Run
----------------------------------------  -----  ---------  --------  ----------  --------------  -------------------
/opt/airflow/dags/mlops_orchestration.py                           1           0  0.21s           2026-04-20T18:41:38
================================================================================
[2026-04-20T18:42:08.368+0000] {manager.py:878} INFO - 
================================================================================
DAG File Processing Stats

File Path                                 PID    Runtime      # DAGs    # Errors  Last Runtime    Last Run
----------------------------------------  -----  ---------  --------  ----------  --------------  -------------------
/opt/airflow/dags/mlops_orchestration.py                           1           0  0.11s           2026-04-20T18:42:08
================================================================================
[2026-04-20T18:42:38.555+0000] {manager.py:878} INFO - 
================================================================================
DAG File Processing Stats

File Path                                 PID    Runtime      # DAGs    # Errors  Last Runtime    Last Run
----------------------------------------  -----  ---------  --------  ----------  --------------  -------------------
/opt/airflow/dags/mlops_orchestration.py                           1           0  0.11s           2026-04-20T18:42:38
================================================================================
[2026-04-20T18:43:08.839+0000] {manager.py:878} INFO - 
================================================================================
DAG File Processing Stats

File Path                                 PID    Runtime      # DAGs    # Errors  Last Runtime    Last Run
----------------------------------------  -----  ---------  --------  ----------  --------------  -------------------
/opt/airflow/dags/mlops_orchestration.py                           1           0  0.22s           2026-04-20T18:43:08
================================================================================
[2026-04-20T18:43:39.123+0000] {manager.py:878} INFO - 
================================================================================
DAG File Processing Stats

File Path                                 PID    Runtime      # DAGs    # Errors  Last Runtime    Last Run
----------------------------------------  -----  ---------  --------  ----------  --------------  -------------------
/opt/airflow/dags/mlops_orchestration.py                           1           0  0.21s           2026-04-20T18:43:39
================================================================================
[2026-04-20T18:44:09.415+0000] {manager.py:878} INFO - 
================================================================================
DAG File Processing Stats

File Path                                 PID    Runtime      # DAGs    # Errors  Last Runtime    Last Run
----------------------------------------  -----  ---------  --------  ----------  --------------  -------------------
/opt/airflow/dags/mlops_orchestration.py                           1           0  0.21s           2026-04-20T18:44:09
================================================================================
[2026-04-20T18:44:17.568+0000] {manager.py:737} INFO - Searching for files in /opt/airflow/dags
[2026-04-20T18:44:17.592+0000] {manager.py:740} INFO - There are 1 files in /opt/airflow/dags
[2026-04-20T18:44:39.703+0000] {manager.py:878} INFO - 
================================================================================
DAG File Processing Stats

File Path                                 PID    Runtime      # DAGs    # Errors  Last Runtime    Last Run
----------------------------------------  -----  ---------  --------  ----------  --------------  -------------------
/opt/airflow/dags/mlops_orchestration.py                           1           0  0.21s           2026-04-20T18:44:39
================================================================================
[2026-04-20T18:45:09.899+0000] {manager.py:878} INFO - 
================================================================================
DAG File Processing Stats

File Path                                 PID    Runtime      # DAGs    # Errors  Last Runtime    Last Run
----------------------------------------  -----  ---------  --------  ----------  --------------  -------------------
/opt/airflow/dags/mlops_orchestration.py                           1           0  0.11s           2026-04-20T18:45:09
================================================================================
[2026-04-20T18:45:40.176+0000] {manager.py:878} INFO - 
================================================================================
DAG File Processing Stats

File Path                                 PID    Runtime      # DAGs    # Errors  Last Runtime    Last Run
----------------------------------------  -----  ---------  --------  ----------  --------------  -------------------
/opt/airflow/dags/mlops_orchestration.py                           1           0  0.21s           2026-04-20T18:45:40
================================================================================
[2026-04-20T18:46:10.473+0000] {manager.py:878} INFO - 
================================================================================
DAG File Processing Stats

File Path                                 PID    Runtime      # DAGs    # Errors  Last Runtime    Last Run
----------------------------------------  -----  ---------  --------  ----------  --------------  -------------------
/opt/airflow/dags/mlops_orchestration.py                           1           0  0.21s           2026-04-20T18:46:10
================================================================================
[2026-04-20T18:46:40.772+0000] {manager.py:878} INFO - 
================================================================================
DAG File Processing Stats

File Path                                 PID    Runtime      # DAGs    # Errors  Last Runtime    Last Run
----------------------------------------  -----  ---------  --------  ----------  --------------  -------------------
/opt/airflow/dags/mlops_orchestration.py                           1           0  0.21s           2026-04-20T18:46:40
================================================================================
[2026-04-20T18:47:10.959+0000] {manager.py:878} INFO - 
================================================================================
DAG File Processing Stats

File Path                                 PID    Runtime      # DAGs    # Errors  Last Runtime    Last Run
----------------------------------------  -----  ---------  --------  ----------  --------------  -------------------
/opt/airflow/dags/mlops_orchestration.py                           1           0  0.11s           2026-04-20T18:47:10
================================================================================
[2026-04-20T18:47:41.246+0000] {manager.py:878} INFO - 
================================================================================
DAG File Processing Stats

File Path                                 PID    Runtime      # DAGs    # Errors  Last Runtime    Last Run
----------------------------------------  -----  ---------  --------  ----------  --------------  -------------------
/opt/airflow/dags/mlops_orchestration.py                           1           0  0.21s           2026-04-20T18:47:41
================================================================================
[2026-04-20T18:48:11.538+0000] {manager.py:878} INFO - 
================================================================================
DAG File Processing Stats

File Path                                 PID    Runtime      # DAGs    # Errors  Last Runtime    Last Run
----------------------------------------  -----  ---------  --------  ----------  --------------  -------------------
/opt/airflow/dags/mlops_orchestration.py                           1           0  0.21s           2026-04-20T18:48:11
================================================================================
[2026-04-20T18:48:41.836+0000] {manager.py:878} INFO - 
================================================================================
DAG File Processing Stats

File Path                                 PID    Runtime      # DAGs    # Errors  Last Runtime    Last Run
----------------------------------------  -----  ---------  --------  ----------  --------------  -------------------
/opt/airflow/dags/mlops_orchestration.py                           1           0  0.21s           2026-04-20T18:48:41
================================================================================
[2026-04-20T18:49:12.135+0000] {manager.py:878} INFO - 
================================================================================
DAG File Processing Stats

File Path                                 PID    Runtime      # DAGs    # Errors  Last Runtime    Last Run
----------------------------------------  -----  ---------  --------  ----------  --------------  -------------------
/opt/airflow/dags/mlops_orchestration.py                           1           0  0.21s           2026-04-20T18:49:12
================================================================================
[2026-04-20T18:49:17.760+0000] {manager.py:737} INFO - Searching for files in /opt/airflow/dags
[2026-04-20T18:49:17.783+0000] {manager.py:740} INFO - There are 1 files in /opt/airflow/dags
[2026-04-20T18:49:42.327+0000] {manager.py:878} INFO - 
================================================================================
DAG File Processing Stats

File Path                                 PID    Runtime      # DAGs    # Errors  Last Runtime    Last Run
----------------------------------------  -----  ---------  --------  ----------  --------------  -------------------
/opt/airflow/dags/mlops_orchestration.py                           1           0  0.11s           2026-04-20T18:49:42
================================================================================
[2026-04-20T18:50:12.611+0000] {manager.py:878} INFO - 
================================================================================
DAG File Processing Stats

File Path                                 PID    Runtime      # DAGs    # Errors  Last Runtime    Last Run
----------------------------------------  -----  ---------  --------  ----------  --------------  -------------------
/opt/airflow/dags/mlops_orchestration.py                           1           0  0.21s           2026-04-20T18:50:12
================================================================================
[2026-04-20T18:50:42.914+0000] {manager.py:878} INFO - 
================================================================================
DAG File Processing Stats

File Path                                 PID    Runtime      # DAGs    # Errors  Last Runtime    Last Run
----------------------------------------  -----  ---------  --------  ----------  --------------  -------------------
/opt/airflow/dags/mlops_orchestration.py                           1           0  0.21s           2026-04-20T18:50:42
================================================================================
[2026-04-20T18:51:13.101+0000] {manager.py:878} INFO - 
================================================================================
DAG File Processing Stats

File Path                                 PID    Runtime      # DAGs    # Errors  Last Runtime    Last Run
----------------------------------------  -----  ---------  --------  ----------  --------------  -------------------
/opt/airflow/dags/mlops_orchestration.py                           1           0  0.11s           2026-04-20T18:51:13
================================================================================
[2026-04-20T18:51:43.374+0000] {manager.py:878} INFO - 
================================================================================
DAG File Processing Stats

File Path                                 PID    Runtime      # DAGs    # Errors  Last Runtime    Last Run
----------------------------------------  -----  ---------  --------  ----------  --------------  -------------------
/opt/airflow/dags/mlops_orchestration.py                           1           0  0.21s           2026-04-20T18:51:43
================================================================================
[2026-04-20T18:52:13.575+0000] {manager.py:878} INFO - 
================================================================================
DAG File Processing Stats

File Path                                 PID    Runtime      # DAGs    # Errors  Last Runtime    Last Run
----------------------------------------  -----  ---------  --------  ----------  --------------  -------------------
/opt/airflow/dags/mlops_orchestration.py                           1           0  0.11s           2026-04-20T18:52:13
================================================================================
[2026-04-20T18:52:43.862+0000] {manager.py:878} INFO - 
================================================================================
DAG File Processing Stats

File Path                                 PID    Runtime      # DAGs    # Errors  Last Runtime    Last Run
----------------------------------------  -----  ---------  --------  ----------  --------------  -------------------
/opt/airflow/dags/mlops_orchestration.py                           1           0  0.21s           2026-04-20T18:52:43
================================================================================
[2026-04-20T18:53:14.164+0000] {manager.py:878} INFO - 
================================================================================
DAG File Processing Stats

File Path                                 PID    Runtime      # DAGs    # Errors  Last Runtime    Last Run
----------------------------------------  -----  ---------  --------  ----------  --------------  -------------------
/opt/airflow/dags/mlops_orchestration.py                           1           0  0.21s           2026-04-20T18:53:14
================================================================================
[2026-04-20T18:53:44.451+0000] {manager.py:878} INFO - 
================================================================================
DAG File Processing Stats

File Path                                 PID    Runtime      # DAGs    # Errors  Last Runtime    Last Run
----------------------------------------  -----  ---------  --------  ----------  --------------  -------------------
/opt/airflow/dags/mlops_orchestration.py                           1           0  0.21s           2026-04-20T18:53:44
================================================================================
[2026-04-20T18:54:14.747+0000] {manager.py:878} INFO - 
================================================================================
DAG File Processing Stats

File Path                                 PID    Runtime      # DAGs    # Errors  Last Runtime    Last Run
----------------------------------------  -----  ---------  --------  ----------  --------------  -------------------
/opt/airflow/dags/mlops_orchestration.py                           1           0  0.21s           2026-04-20T18:54:14
================================================================================
[2026-04-20T18:54:17.853+0000] {manager.py:737} INFO - Searching for files in /opt/airflow/dags
[2026-04-20T18:54:17.874+0000] {manager.py:740} INFO - There are 1 files in /opt/airflow/dags
[2026-04-20T18:54:45.046+0000] {manager.py:878} INFO - 
================================================================================
DAG File Processing Stats

File Path                                 PID    Runtime      # DAGs    # Errors  Last Runtime    Last Run
----------------------------------------  -----  ---------  --------  ----------  --------------  -------------------
/opt/airflow/dags/mlops_orchestration.py                           1           0  0.21s           2026-04-20T18:54:45
================================================================================
[2026-04-20T18:55:15.342+0000] {manager.py:878} INFO - 
================================================================================
DAG File Processing Stats

File Path                                 PID    Runtime      # DAGs    # Errors  Last Runtime    Last Run
----------------------------------------  -----  ---------  --------  ----------  --------------  -------------------
/opt/airflow/dags/mlops_orchestration.py                           1           0  0.21s           2026-04-20T18:55:15
================================================================================
[2026-04-20T18:55:45.546+0000] {manager.py:878} INFO - 
================================================================================
DAG File Processing Stats

File Path                                 PID    Runtime      # DAGs    # Errors  Last Runtime    Last Run
----------------------------------------  -----  ---------  --------  ----------  --------------  -------------------
/opt/airflow/dags/mlops_orchestration.py                           1           0  0.11s           2026-04-20T18:55:45
================================================================================
[2026-04-20T18:56:15.836+0000] {manager.py:878} INFO - 
================================================================================
DAG File Processing Stats

File Path                                 PID    Runtime      # DAGs    # Errors  Last Runtime    Last Run
----------------------------------------  -----  ---------  --------  ----------  --------------  -------------------
/opt/airflow/dags/mlops_orchestration.py                           1           0  0.21s           2026-04-20T18:56:15
================================================================================
[2026-04-20T18:56:46.126+0000] {manager.py:878} INFO - 
================================================================================
DAG File Processing Stats

File Path                                 PID    Runtime      # DAGs    # Errors  Last Runtime    Last Run
----------------------------------------  -----  ---------  --------  ----------  --------------  -------------------
/opt/airflow/dags/mlops_orchestration.py                           1           0  0.21s           2026-04-20T18:56:46
================================================================================
[2026-04-20T18:57:16.411+0000] {manager.py:878} INFO - 
================================================================================
DAG File Processing Stats

File Path                                 PID    Runtime      # DAGs    # Errors  Last Runtime    Last Run
----------------------------------------  -----  ---------  --------  ----------  --------------  -------------------
/opt/airflow/dags/mlops_orchestration.py                           1           0  0.21s           2026-04-20T18:57:16
================================================================================
[2026-04-20T18:57:46.701+0000] {manager.py:878} INFO - 
================================================================================
DAG File Processing Stats

File Path                                 PID    Runtime      # DAGs    # Errors  Last Runtime    Last Run
----------------------------------------  -----  ---------  --------  ----------  --------------  -------------------
/opt/airflow/dags/mlops_orchestration.py                           1           0  0.21s           2026-04-20T18:57:46
================================================================================
[2026-04-20T18:58:16.995+0000] {manager.py:878} INFO - 
================================================================================
DAG File Processing Stats

File Path                                 PID    Runtime      # DAGs    # Errors  Last Runtime    Last Run
----------------------------------------  -----  ---------  --------  ----------  --------------  -------------------
/opt/airflow/dags/mlops_orchestration.py                           1           0  0.21s           2026-04-20T18:58:16
================================================================================
[2026-04-20T18:58:47.293+0000] {manager.py:878} INFO - 
================================================================================
DAG File Processing Stats

File Path                                 PID    Runtime      # DAGs    # Errors  Last Runtime    Last Run
----------------------------------------  -----  ---------  --------  ----------  --------------  -------------------
/opt/airflow/dags/mlops_orchestration.py                           1           0  0.21s           2026-04-20T18:58:47
================================================================================
[2026-04-20T18:59:17.588+0000] {manager.py:878} INFO - 
================================================================================
DAG File Processing Stats

File Path                                 PID    Runtime      # DAGs    # Errors  Last Runtime    Last Run
----------------------------------------  -----  ---------  --------  ----------  --------------  -------------------
/opt/airflow/dags/mlops_orchestration.py                           1           0  0.21s           2026-04-20T18:59:17
================================================================================
[2026-04-20T18:59:18.081+0000] {manager.py:737} INFO - Searching for files in /opt/airflow/dags
[2026-04-20T18:59:18.126+0000] {manager.py:740} INFO - There are 1 files in /opt/airflow/dags
[2026-04-20T18:59:47.876+0000] {manager.py:878} INFO - 
================================================================================
DAG File Processing Stats

File Path                                 PID    Runtime      # DAGs    # Errors  Last Runtime    Last Run
----------------------------------------  -----  ---------  --------  ----------  --------------  -------------------
/opt/airflow/dags/mlops_orchestration.py                           1           0  0.21s           2026-04-20T18:59:47
================================================================================
[2026-04-20T19:00:18.157+0000] {manager.py:878} INFO - 
================================================================================
DAG File Processing Stats

File Path                                 PID    Runtime      # DAGs    # Errors  Last Runtime    Last Run
----------------------------------------  -----  ---------  --------  ----------  --------------  -------------------
/opt/airflow/dags/mlops_orchestration.py                           1           0  0.21s           2026-04-20T19:00:18
================================================================================
[2026-04-20T19:00:48.452+0000] {manager.py:878} INFO - 
================================================================================
DAG File Processing Stats

File Path                                 PID    Runtime      # DAGs    # Errors  Last Runtime    Last Run
----------------------------------------  -----  ---------  --------  ----------  --------------  -------------------
/opt/airflow/dags/mlops_orchestration.py                           1           0  0.21s           2026-04-20T19:00:48
================================================================================
[2026-04-20T19:01:18.741+0000] {manager.py:878} INFO - 
================================================================================
DAG File Processing Stats

File Path                                 PID    Runtime      # DAGs    # Errors  Last Runtime    Last Run
----------------------------------------  -----  ---------  --------  ----------  --------------  -------------------
/opt/airflow/dags/mlops_orchestration.py                           1           0  0.21s           2026-04-20T19:01:18
================================================================================
[2026-04-20T19:01:49.027+0000] {manager.py:878} INFO - 
================================================================================
DAG File Processing Stats

File Path                                 PID    Runtime      # DAGs    # Errors  Last Runtime    Last Run
----------------------------------------  -----  ---------  --------  ----------  --------------  -------------------
/opt/airflow/dags/mlops_orchestration.py                           1           0  0.21s           2026-04-20T19:01:49
================================================================================
[2026-04-20T19:02:19.322+0000] {manager.py:878} INFO - 
================================================================================
DAG File Processing Stats

File Path                                 PID    Runtime      # DAGs    # Errors  Last Runtime    Last Run
----------------------------------------  -----  ---------  --------  ----------  --------------  -------------------
/opt/airflow/dags/mlops_orchestration.py                           1           0  0.21s           2026-04-20T19:02:19
================================================================================
[2026-04-20T19:02:49.513+0000] {manager.py:878} INFO - 
================================================================================
DAG File Processing Stats

File Path                                 PID    Runtime      # DAGs    # Errors  Last Runtime    Last Run
----------------------------------------  -----  ---------  --------  ----------  --------------  -------------------
/opt/airflow/dags/mlops_orchestration.py                           1           0  0.11s           2026-04-20T19:02:49
================================================================================
[2026-04-20T19:03:19.703+0000] {manager.py:878} INFO - 
================================================================================
DAG File Processing Stats

File Path                                 PID    Runtime      # DAGs    # Errors  Last Runtime    Last Run
----------------------------------------  -----  ---------  --------  ----------  --------------  -------------------
/opt/airflow/dags/mlops_orchestration.py                           1           0  0.11s           2026-04-20T19:03:19
================================================================================
[2026-04-20T19:03:49.989+0000] {manager.py:878} INFO - 
================================================================================
DAG File Processing Stats

File Path                                 PID    Runtime      # DAGs    # Errors  Last Runtime    Last Run
----------------------------------------  -----  ---------  --------  ----------  --------------  -------------------
/opt/airflow/dags/mlops_orchestration.py                           1           0  0.21s           2026-04-20T19:03:49
================================================================================
[2026-04-20T19:04:18.282+0000] {manager.py:737} INFO - Searching for files in /opt/airflow/dags
[2026-04-20T19:04:18.308+0000] {manager.py:740} INFO - There are 1 files in /opt/airflow/dags
[2026-04-20T19:04:20.181+0000] {manager.py:878} INFO - 
================================================================================
DAG File Processing Stats

File Path                                 PID    Runtime      # DAGs    # Errors  Last Runtime    Last Run
----------------------------------------  -----  ---------  --------  ----------  --------------  -------------------
/opt/airflow/dags/mlops_orchestration.py                           1           0  0.11s           2026-04-20T19:04:20
================================================================================
[2026-04-20T19:04:50.368+0000] {manager.py:878} INFO - 
================================================================================
DAG File Processing Stats

File Path                                 PID    Runtime      # DAGs    # Errors  Last Runtime    Last Run
----------------------------------------  -----  ---------  --------  ----------  --------------  -------------------
/opt/airflow/dags/mlops_orchestration.py                           1           0  0.11s           2026-04-20T19:04:50
================================================================================
[2026-04-20T19:05:20.620+0000] {manager.py:878} INFO - 
================================================================================
DAG File Processing Stats

File Path                                 PID    Runtime      # DAGs    # Errors  Last Runtime    Last Run
----------------------------------------  -----  ---------  --------  ----------  --------------  -------------------
/opt/airflow/dags/mlops_orchestration.py                           1           0  0.21s           2026-04-20T19:05:20
================================================================================
[2026-04-20T19:05:50.814+0000] {manager.py:878} INFO - 
================================================================================
DAG File Processing Stats

File Path                                 PID    Runtime      # DAGs    # Errors  Last Runtime    Last Run
----------------------------------------  -----  ---------  --------  ----------  --------------  -------------------
/opt/airflow/dags/mlops_orchestration.py                           1           0  0.12s           2026-04-20T19:05:50
================================================================================
[2026-04-20T19:06:20.997+0000] {manager.py:878} INFO - 
================================================================================
DAG File Processing Stats

File Path                                 PID    Runtime      # DAGs    # Errors  Last Runtime    Last Run
----------------------------------------  -----  ---------  --------  ----------  --------------  -------------------
/opt/airflow/dags/mlops_orchestration.py                           1           0  0.11s           2026-04-20T19:06:20
================================================================================
[2026-04-20T19:06:51.272+0000] {manager.py:878} INFO - 
================================================================================
DAG File Processing Stats

File Path                                 PID    Runtime      # DAGs    # Errors  Last Runtime    Last Run
----------------------------------------  -----  ---------  --------  ----------  --------------  -------------------
/opt/airflow/dags/mlops_orchestration.py                           1           0  0.21s           2026-04-20T19:06:51
================================================================================
[2026-04-20T19:07:21.561+0000] {manager.py:878} INFO - 
================================================================================
DAG File Processing Stats

File Path                                 PID    Runtime      # DAGs    # Errors  Last Runtime    Last Run
----------------------------------------  -----  ---------  --------  ----------  --------------  -------------------
/opt/airflow/dags/mlops_orchestration.py                           1           0  0.21s           2026-04-20T19:07:21
================================================================================
[2026-04-20T19:07:51.849+0000] {manager.py:878} INFO - 
================================================================================
DAG File Processing Stats

File Path                                 PID    Runtime      # DAGs    # Errors  Last Runtime    Last Run
----------------------------------------  -----  ---------  --------  ----------  --------------  -------------------
/opt/airflow/dags/mlops_orchestration.py                           1           0  0.21s           2026-04-20T19:07:51
================================================================================
[2026-04-20T19:08:22.140+0000] {manager.py:878} INFO - 
================================================================================
DAG File Processing Stats

File Path                                 PID    Runtime      # DAGs    # Errors  Last Runtime    Last Run
----------------------------------------  -----  ---------  --------  ----------  --------------  -------------------
/opt/airflow/dags/mlops_orchestration.py                           1           0  0.21s           2026-04-20T19:08:22
================================================================================
[2026-04-20T19:08:52.323+0000] {manager.py:878} INFO - 
================================================================================
DAG File Processing Stats

File Path                                 PID    Runtime      # DAGs    # Errors  Last Runtime    Last Run
----------------------------------------  -----  ---------  --------  ----------  --------------  -------------------
/opt/airflow/dags/mlops_orchestration.py                           1           0  0.11s           2026-04-20T19:08:52
================================================================================
[2026-04-20T19:09:18.442+0000] {manager.py:737} INFO - Searching for files in /opt/airflow/dags
[2026-04-20T19:09:18.469+0000] {manager.py:740} INFO - There are 1 files in /opt/airflow/dags
[2026-04-20T19:09:22.598+0000] {manager.py:878} INFO - 
================================================================================
DAG File Processing Stats

File Path                                 PID    Runtime      # DAGs    # Errors  Last Runtime    Last Run
----------------------------------------  -----  ---------  --------  ----------  --------------  -------------------
/opt/airflow/dags/mlops_orchestration.py                           1           0  0.21s           2026-04-20T19:09:22
================================================================================
[2026-04-20T19:09:52.875+0000] {manager.py:878} INFO - 
================================================================================
DAG File Processing Stats

File Path                                 PID    Runtime      # DAGs    # Errors  Last Runtime    Last Run
----------------------------------------  -----  ---------  --------  ----------  --------------  -------------------
/opt/airflow/dags/mlops_orchestration.py                           1           0  0.21s           2026-04-20T19:09:52
================================================================================
[2026-04-20T19:10:23.158+0000] {manager.py:878} INFO - 
================================================================================
DAG File Processing Stats

File Path                                 PID    Runtime      # DAGs    # Errors  Last Runtime    Last Run
----------------------------------------  -----  ---------  --------  ----------  --------------  -------------------
/opt/airflow/dags/mlops_orchestration.py                           1           0  0.21s           2026-04-20T19:10:23
================================================================================
[2026-04-20T19:10:53.451+0000] {manager.py:878} INFO - 
================================================================================
DAG File Processing Stats

File Path                                 PID    Runtime      # DAGs    # Errors  Last Runtime    Last Run
----------------------------------------  -----  ---------  --------  ----------  --------------  -------------------
/opt/airflow/dags/mlops_orchestration.py                           1           0  0.21s           2026-04-20T19:10:53
================================================================================
[2026-04-20T19:11:23.727+0000] {manager.py:878} INFO - 
================================================================================
DAG File Processing Stats

File Path                                 PID    Runtime      # DAGs    # Errors  Last Runtime    Last Run
----------------------------------------  -----  ---------  --------  ----------  --------------  -------------------
/opt/airflow/dags/mlops_orchestration.py                           1           0  0.21s           2026-04-20T19:11:23
================================================================================
[2026-04-20T19:11:54.014+0000] {manager.py:878} INFO - 
================================================================================
DAG File Processing Stats

File Path                                 PID    Runtime      # DAGs    # Errors  Last Runtime    Last Run
----------------------------------------  -----  ---------  --------  ----------  --------------  -------------------
/opt/airflow/dags/mlops_orchestration.py                           1           0  0.21s           2026-04-20T19:11:54
================================================================================
[2026-04-20T19:12:24.306+0000] {manager.py:878} INFO - 
================================================================================
DAG File Processing Stats

File Path                                 PID    Runtime      # DAGs    # Errors  Last Runtime    Last Run
----------------------------------------  -----  ---------  --------  ----------  --------------  -------------------
/opt/airflow/dags/mlops_orchestration.py                           1           0  0.21s           2026-04-20T19:12:24
================================================================================
[2026-04-20T19:12:54.593+0000] {manager.py:878} INFO - 
================================================================================
DAG File Processing Stats

File Path                                 PID    Runtime      # DAGs    # Errors  Last Runtime    Last Run
----------------------------------------  -----  ---------  --------  ----------  --------------  -------------------
/opt/airflow/dags/mlops_orchestration.py                           1           0  0.21s           2026-04-20T19:12:54
================================================================================
[2026-04-20T19:13:24.898+0000] {manager.py:878} INFO - 
================================================================================
DAG File Processing Stats

File Path                                 PID    Runtime      # DAGs    # Errors  Last Runtime    Last Run
----------------------------------------  -----  ---------  --------  ----------  --------------  -------------------
/opt/airflow/dags/mlops_orchestration.py                           1           0  0.21s           2026-04-20T19:13:24
================================================================================
[2026-04-20T19:13:55.192+0000] {manager.py:878} INFO - 
================================================================================
DAG File Processing Stats

File Path                                 PID    Runtime      # DAGs    # Errors  Last Runtime    Last Run
----------------------------------------  -----  ---------  --------  ----------  --------------  -------------------
/opt/airflow/dags/mlops_orchestration.py                           1           0  0.21s           2026-04-20T19:13:55
================================================================================
[2026-04-20T19:14:18.620+0000] {manager.py:737} INFO - Searching for files in /opt/airflow/dags
[2026-04-20T19:14:18.649+0000] {manager.py:740} INFO - There are 1 files in /opt/airflow/dags
[2026-04-20T19:14:25.484+0000] {manager.py:878} INFO - 
================================================================================
DAG File Processing Stats

File Path                                 PID    Runtime      # DAGs    # Errors  Last Runtime    Last Run
----------------------------------------  -----  ---------  --------  ----------  --------------  -------------------
/opt/airflow/dags/mlops_orchestration.py                           1           0  0.21s           2026-04-20T19:14:25
================================================================================
[2026-04-20T19:14:55.676+0000] {manager.py:878} INFO - 
================================================================================
DAG File Processing Stats

File Path                                 PID    Runtime      # DAGs    # Errors  Last Runtime    Last Run
----------------------------------------  -----  ---------  --------  ----------  --------------  -------------------
/opt/airflow/dags/mlops_orchestration.py                           1           0  0.11s           2026-04-20T19:14:55
================================================================================
[2026-04-20T19:15:25.959+0000] {manager.py:878} INFO - 
================================================================================
DAG File Processing Stats

File Path                                 PID    Runtime      # DAGs    # Errors  Last Runtime    Last Run
----------------------------------------  -----  ---------  --------  ----------  --------------  -------------------
/opt/airflow/dags/mlops_orchestration.py                           1           0  0.21s           2026-04-20T19:15:25
================================================================================
[2026-04-20T19:15:56.155+0000] {manager.py:878} INFO - 
================================================================================
DAG File Processing Stats

File Path                                 PID    Runtime      # DAGs    # Errors  Last Runtime    Last Run
----------------------------------------  -----  ---------  --------  ----------  --------------  -------------------
/opt/airflow/dags/mlops_orchestration.py                           1           0  0.11s           2026-04-20T19:15:56
================================================================================
[2026-04-20T19:16:26.437+0000] {manager.py:878} INFO - 
================================================================================
DAG File Processing Stats

File Path                                 PID    Runtime      # DAGs    # Errors  Last Runtime    Last Run
----------------------------------------  -----  ---------  --------  ----------  --------------  -------------------
/opt/airflow/dags/mlops_orchestration.py                           1           0  0.21s           2026-04-20T19:16:26
================================================================================
[2026-04-20T19:16:56.723+0000] {manager.py:878} INFO - 
================================================================================
DAG File Processing Stats

File Path                                 PID    Runtime      # DAGs    # Errors  Last Runtime    Last Run
----------------------------------------  -----  ---------  --------  ----------  --------------  -------------------
/opt/airflow/dags/mlops_orchestration.py                           1           0  0.21s           2026-04-20T19:16:56
================================================================================
[2026-04-20T19:17:27.008+0000] {manager.py:878} INFO - 
================================================================================
DAG File Processing Stats

File Path                                 PID    Runtime      # DAGs    # Errors  Last Runtime    Last Run
----------------------------------------  -----  ---------  --------  ----------  --------------  -------------------
/opt/airflow/dags/mlops_orchestration.py                           1           0  0.21s           2026-04-20T19:17:27
================================================================================
[2026-04-20T19:17:57.287+0000] {manager.py:878} INFO - 
================================================================================
DAG File Processing Stats

File Path                                 PID    Runtime      # DAGs    # Errors  Last Runtime    Last Run
----------------------------------------  -----  ---------  --------  ----------  --------------  -------------------
/opt/airflow/dags/mlops_orchestration.py                           1           0  0.21s           2026-04-20T19:17:57
================================================================================
[2026-04-20T19:18:27.581+0000] {manager.py:878} INFO - 
================================================================================
DAG File Processing Stats

File Path                                 PID    Runtime      # DAGs    # Errors  Last Runtime    Last Run
----------------------------------------  -----  ---------  --------  ----------  --------------  -------------------
/opt/airflow/dags/mlops_orchestration.py                           1           0  0.21s           2026-04-20T19:18:27
================================================================================
[2026-04-20T19:18:57.882+0000] {manager.py:878} INFO - 
================================================================================
DAG File Processing Stats

File Path                                 PID    Runtime      # DAGs    # Errors  Last Runtime    Last Run
----------------------------------------  -----  ---------  --------  ----------  --------------  -------------------
/opt/airflow/dags/mlops_orchestration.py                           1           0  0.21s           2026-04-20T19:18:57
================================================================================
[2026-04-20T19:19:18.796+0000] {manager.py:737} INFO - Searching for files in /opt/airflow/dags
[2026-04-20T19:19:18.825+0000] {manager.py:740} INFO - There are 1 files in /opt/airflow/dags
[2026-04-20T19:19:28.081+0000] {manager.py:878} INFO - 
================================================================================
DAG File Processing Stats

File Path                                 PID    Runtime      # DAGs    # Errors  Last Runtime    Last Run
----------------------------------------  -----  ---------  --------  ----------  --------------  -------------------
/opt/airflow/dags/mlops_orchestration.py                           1           0  0.11s           2026-04-20T19:19:28
================================================================================
[2026-04-20T19:19:58.358+0000] {manager.py:878} INFO - 
================================================================================
DAG File Processing Stats

File Path                                 PID    Runtime      # DAGs    # Errors  Last Runtime    Last Run
----------------------------------------  -----  ---------  --------  ----------  --------------  -------------------
/opt/airflow/dags/mlops_orchestration.py                           1           0  0.21s           2026-04-20T19:19:58
================================================================================
[2026-04-20T19:20:28.647+0000] {manager.py:878} INFO - 
================================================================================
DAG File Processing Stats

File Path                                 PID    Runtime      # DAGs    # Errors  Last Runtime    Last Run
----------------------------------------  -----  ---------  --------  ----------  --------------  -------------------
/opt/airflow/dags/mlops_orchestration.py                           1           0  0.21s           2026-04-20T19:20:28
================================================================================
[2026-04-20T19:20:58.856+0000] {manager.py:878} INFO - 
================================================================================
DAG File Processing Stats

File Path                                 PID    Runtime      # DAGs    # Errors  Last Runtime    Last Run
----------------------------------------  -----  ---------  --------  ----------  --------------  -------------------
/opt/airflow/dags/mlops_orchestration.py                           1           0  0.11s           2026-04-20T19:20:58
================================================================================
[2026-04-20T19:21:29.130+0000] {manager.py:878} INFO - 
================================================================================
DAG File Processing Stats

File Path                                 PID    Runtime      # DAGs    # Errors  Last Runtime    Last Run
----------------------------------------  -----  ---------  --------  ----------  --------------  -------------------
/opt/airflow/dags/mlops_orchestration.py                           1           0  0.21s           2026-04-20T19:21:29
================================================================================
[2026-04-20T19:21:59.406+0000] {manager.py:878} INFO - 
================================================================================
DAG File Processing Stats

File Path                                 PID    Runtime      # DAGs    # Errors  Last Runtime    Last Run
----------------------------------------  -----  ---------  --------  ----------  --------------  -------------------
/opt/airflow/dags/mlops_orchestration.py                           1           0  0.21s           2026-04-20T19:21:59
================================================================================
[2026-04-20T19:22:29.690+0000] {manager.py:878} INFO - 
================================================================================
DAG File Processing Stats

File Path                                 PID    Runtime      # DAGs    # Errors  Last Runtime    Last Run
----------------------------------------  -----  ---------  --------  ----------  --------------  -------------------
/opt/airflow/dags/mlops_orchestration.py                           1           0  0.21s           2026-04-20T19:22:29
================================================================================
[2026-04-20T19:22:59.973+0000] {manager.py:878} INFO - 
================================================================================
DAG File Processing Stats

File Path                                 PID    Runtime      # DAGs    # Errors  Last Runtime    Last Run
----------------------------------------  -----  ---------  --------  ----------  --------------  -------------------
/opt/airflow/dags/mlops_orchestration.py                           1           0  0.21s           2026-04-20T19:22:59
================================================================================
[2026-04-20T19:23:30.258+0000] {manager.py:878} INFO - 
================================================================================
DAG File Processing Stats

File Path                                 PID    Runtime      # DAGs    # Errors  Last Runtime    Last Run
----------------------------------------  -----  ---------  --------  ----------  --------------  -------------------
/opt/airflow/dags/mlops_orchestration.py                           1           0  0.21s           2026-04-20T19:23:30
================================================================================
[2026-04-20T19:24:00.544+0000] {manager.py:878} INFO - 
================================================================================
DAG File Processing Stats

File Path                                 PID    Runtime      # DAGs    # Errors  Last Runtime    Last Run
----------------------------------------  -----  ---------  --------  ----------  --------------  -------------------
/opt/airflow/dags/mlops_orchestration.py                           1           0  0.21s           2026-04-20T19:24:00
================================================================================
[2026-04-20T19:24:18.969+0000] {manager.py:737} INFO - Searching for files in /opt/airflow/dags
[2026-04-20T19:24:19.005+0000] {manager.py:740} INFO - There are 1 files in /opt/airflow/dags
[2026-04-20T19:24:30.832+0000] {manager.py:878} INFO - 
================================================================================
DAG File Processing Stats

File Path                                 PID    Runtime      # DAGs    # Errors  Last Runtime    Last Run
----------------------------------------  -----  ---------  --------  ----------  --------------  -------------------
/opt/airflow/dags/mlops_orchestration.py                           1           0  0.21s           2026-04-20T19:24:30
================================================================================
[2026-04-20T19:25:01.122+0000] {manager.py:878} INFO - 
================================================================================
DAG File Processing Stats

File Path                                 PID    Runtime      # DAGs    # Errors  Last Runtime    Last Run
----------------------------------------  -----  ---------  --------  ----------  --------------  -------------------
/opt/airflow/dags/mlops_orchestration.py                           1           0  0.21s           2026-04-20T19:25:01
================================================================================
[2026-04-20T19:25:31.313+0000] {manager.py:878} INFO - 
================================================================================
DAG File Processing Stats

File Path                                 PID    Runtime      # DAGs    # Errors  Last Runtime    Last Run
----------------------------------------  -----  ---------  --------  ----------  --------------  -------------------
/opt/airflow/dags/mlops_orchestration.py                           1           0  0.11s           2026-04-20T19:25:31
================================================================================
[2026-04-20T19:26:01.589+0000] {manager.py:878} INFO - 
================================================================================
DAG File Processing Stats

File Path                                 PID    Runtime      # DAGs    # Errors  Last Runtime    Last Run
----------------------------------------  -----  ---------  --------  ----------  --------------  -------------------
/opt/airflow/dags/mlops_orchestration.py                           1           0  0.21s           2026-04-20T19:26:01
================================================================================
[2026-04-20T19:26:31.882+0000] {manager.py:878} INFO - 
================================================================================
DAG File Processing Stats

File Path                                 PID    Runtime      # DAGs    # Errors  Last Runtime    Last Run
----------------------------------------  -----  ---------  --------  ----------  --------------  -------------------
/opt/airflow/dags/mlops_orchestration.py                           1           0  0.21s           2026-04-20T19:26:31
================================================================================
[2026-04-20T19:27:02.165+0000] {manager.py:878} INFO - 
================================================================================
DAG File Processing Stats

File Path                                 PID    Runtime      # DAGs    # Errors  Last Runtime    Last Run
----------------------------------------  -----  ---------  --------  ----------  --------------  -------------------
/opt/airflow/dags/mlops_orchestration.py                           1           0  0.21s           2026-04-20T19:27:02
================================================================================
[2026-04-20T19:27:32.454+0000] {manager.py:878} INFO - 
================================================================================
DAG File Processing Stats

File Path                                 PID    Runtime      # DAGs    # Errors  Last Runtime    Last Run
----------------------------------------  -----  ---------  --------  ----------  --------------  -------------------
/opt/airflow/dags/mlops_orchestration.py                           1           0  0.21s           2026-04-20T19:27:32
================================================================================
[2026-04-20T19:28:02.749+0000] {manager.py:878} INFO - 
================================================================================
DAG File Processing Stats

File Path                                 PID    Runtime      # DAGs    # Errors  Last Runtime    Last Run
----------------------------------------  -----  ---------  --------  ----------  --------------  -------------------
/opt/airflow/dags/mlops_orchestration.py                           1           0  0.21s           2026-04-20T19:28:02
================================================================================
[2026-04-20T19:28:33.038+0000] {manager.py:878} INFO - 
================================================================================
DAG File Processing Stats

File Path                                 PID    Runtime      # DAGs    # Errors  Last Runtime    Last Run
----------------------------------------  -----  ---------  --------  ----------  --------------  -------------------
/opt/airflow/dags/mlops_orchestration.py                           1           0  0.21s           2026-04-20T19:28:33
================================================================================
[2026-04-20T19:29:03.330+0000] {manager.py:878} INFO - 
================================================================================
DAG File Processing Stats

File Path                                 PID    Runtime      # DAGs    # Errors  Last Runtime    Last Run
----------------------------------------  -----  ---------  --------  ----------  --------------  -------------------
/opt/airflow/dags/mlops_orchestration.py                           1           0  0.21s           2026-04-20T19:29:03
================================================================================
[2026-04-20T19:29:19.170+0000] {manager.py:737} INFO - Searching for files in /opt/airflow/dags
[2026-04-20T19:29:19.198+0000] {manager.py:740} INFO - There are 1 files in /opt/airflow/dags
[2026-04-20T19:29:33.525+0000] {manager.py:878} INFO - 
================================================================================
DAG File Processing Stats

File Path                                 PID    Runtime      # DAGs    # Errors  Last Runtime    Last Run
----------------------------------------  -----  ---------  --------  ----------  --------------  -------------------
/opt/airflow/dags/mlops_orchestration.py                           1           0  0.11s           2026-04-20T19:29:33
================================================================================
[2026-04-20T19:30:03.810+0000] {manager.py:878} INFO - 
================================================================================
DAG File Processing Stats

File Path                                 PID    Runtime      # DAGs    # Errors  Last Runtime    Last Run
----------------------------------------  -----  ---------  --------  ----------  --------------  -------------------
/opt/airflow/dags/mlops_orchestration.py                           1           0  0.21s           2026-04-20T19:30:03
================================================================================
[2026-04-20T19:30:24.495+0000] {manager.py:452} INFO - Exiting gracefully upon receiving signal 15
