[2026-04-20T13:04:11.203+0000] {processor.py:161} INFO - Started process (PID=74) to work on /opt/airflow/dags/mlops_orchestration.py
[2026-04-20T13:04:11.205+0000] {processor.py:830} INFO - Processing file /opt/airflow/dags/mlops_orchestration.py for tasks to queue
[2026-04-20T13:04:11.208+0000] {logging_mixin.py:188} INFO - [2026-04-20T13:04:11.207+0000] {dagbag.py:545} INFO - Filling up the DagBag from /opt/airflow/dags/mlops_orchestration.py
[2026-04-20T13:04:11.274+0000] {processor.py:840} INFO - DAG(s) 'mlops_orchestration' retrieved from /opt/airflow/dags/mlops_orchestration.py
[2026-04-20T13:04:11.525+0000] {logging_mixin.py:188} INFO - [2026-04-20T13:04:11.524+0000] {override.py:1829} INFO - Created Permission View: can delete on DAG:mlops_orchestration
[2026-04-20T13:04:11.540+0000] {logging_mixin.py:188} INFO - [2026-04-20T13:04:11.539+0000] {override.py:1829} INFO - Created Permission View: can read on DAG:mlops_orchestration
[2026-04-20T13:04:11.547+0000] {logging_mixin.py:188} INFO - [2026-04-20T13:04:11.546+0000] {override.py:1829} INFO - Created Permission View: can edit on DAG:mlops_orchestration
[2026-04-20T13:04:11.548+0000] {logging_mixin.py:188} INFO - [2026-04-20T13:04:11.548+0000] {dag.py:3096} INFO - Sync 1 DAGs
[2026-04-20T13:04:11.570+0000] {logging_mixin.py:188} INFO - [2026-04-20T13:04:11.569+0000] {dag.py:3118} INFO - Creating ORM DAG for mlops_orchestration
[2026-04-20T13:04:11.590+0000] {logging_mixin.py:188} INFO - [2026-04-20T13:04:11.590+0000] {dag.py:3954} INFO - Setting next_dagrun for mlops_orchestration to 2026-04-19 02:00:00+00:00, run_after=2026-04-20 02:00:00+00:00
[2026-04-20T13:04:11.692+0000] {processor.py:183} INFO - Processing /opt/airflow/dags/mlops_orchestration.py took 0.499 seconds
[2026-04-20T13:04:42.668+0000] {processor.py:161} INFO - Started process (PID=86) to work on /opt/airflow/dags/mlops_orchestration.py
[2026-04-20T13:04:42.669+0000] {processor.py:830} INFO - Processing file /opt/airflow/dags/mlops_orchestration.py for tasks to queue
[2026-04-20T13:04:42.671+0000] {logging_mixin.py:188} INFO - [2026-04-20T13:04:42.671+0000] {dagbag.py:545} INFO - Filling up the DagBag from /opt/airflow/dags/mlops_orchestration.py
[2026-04-20T13:04:42.702+0000] {processor.py:840} INFO - DAG(s) 'mlops_orchestration' retrieved from /opt/airflow/dags/mlops_orchestration.py
[2026-04-20T13:04:42.759+0000] {logging_mixin.py:188} INFO - [2026-04-20T13:04:42.759+0000] {dag.py:3096} INFO - Sync 1 DAGs
[2026-04-20T13:04:42.790+0000] {logging_mixin.py:188} INFO - [2026-04-20T13:04:42.790+0000] {dag.py:3954} INFO - Setting next_dagrun for mlops_orchestration to 2026-04-19 02:00:00+00:00, run_after=2026-04-20 02:00:00+00:00
[2026-04-20T13:04:42.818+0000] {processor.py:183} INFO - Processing /opt/airflow/dags/mlops_orchestration.py took 0.160 seconds
[2026-04-20T13:05:13.240+0000] {processor.py:161} INFO - Started process (PID=106) to work on /opt/airflow/dags/mlops_orchestration.py
[2026-04-20T13:05:13.241+0000] {processor.py:830} INFO - Processing file /opt/airflow/dags/mlops_orchestration.py for tasks to queue
[2026-04-20T13:05:13.243+0000] {logging_mixin.py:188} INFO - [2026-04-20T13:05:13.243+0000] {dagbag.py:545} INFO - Filling up the DagBag from /opt/airflow/dags/mlops_orchestration.py
[2026-04-20T13:05:13.264+0000] {processor.py:840} INFO - DAG(s) 'mlops_orchestration' retrieved from /opt/airflow/dags/mlops_orchestration.py
[2026-04-20T13:05:13.296+0000] {logging_mixin.py:188} INFO - [2026-04-20T13:05:13.296+0000] {dag.py:3096} INFO - Sync 1 DAGs
[2026-04-20T13:05:13.314+0000] {logging_mixin.py:188} INFO - [2026-04-20T13:05:13.314+0000] {dag.py:3954} INFO - Setting next_dagrun for mlops_orchestration to 2026-04-19 02:00:00+00:00, run_after=2026-04-20 02:00:00+00:00
[2026-04-20T13:05:13.341+0000] {processor.py:183} INFO - Processing /opt/airflow/dags/mlops_orchestration.py took 0.107 seconds
[2026-04-20T13:05:43.545+0000] {processor.py:161} INFO - Started process (PID=121) to work on /opt/airflow/dags/mlops_orchestration.py
[2026-04-20T13:05:43.546+0000] {processor.py:830} INFO - Processing file /opt/airflow/dags/mlops_orchestration.py for tasks to queue
[2026-04-20T13:05:43.548+0000] {logging_mixin.py:188} INFO - [2026-04-20T13:05:43.548+0000] {dagbag.py:545} INFO - Filling up the DagBag from /opt/airflow/dags/mlops_orchestration.py
[2026-04-20T13:05:43.568+0000] {processor.py:840} INFO - DAG(s) 'mlops_orchestration' retrieved from /opt/airflow/dags/mlops_orchestration.py
[2026-04-20T13:05:43.603+0000] {logging_mixin.py:188} INFO - [2026-04-20T13:05:43.602+0000] {dag.py:3096} INFO - Sync 1 DAGs
[2026-04-20T13:05:43.634+0000] {logging_mixin.py:188} INFO - [2026-04-20T13:05:43.634+0000] {dag.py:3954} INFO - Setting next_dagrun for mlops_orchestration to 2026-04-19 02:00:00+00:00, run_after=2026-04-20 02:00:00+00:00
[2026-04-20T13:05:43.660+0000] {processor.py:183} INFO - Processing /opt/airflow/dags/mlops_orchestration.py took 0.120 seconds
[2026-04-20T13:06:13.851+0000] {processor.py:161} INFO - Started process (PID=134) to work on /opt/airflow/dags/mlops_orchestration.py
[2026-04-20T13:06:13.852+0000] {processor.py:830} INFO - Processing file /opt/airflow/dags/mlops_orchestration.py for tasks to queue
[2026-04-20T13:06:13.854+0000] {logging_mixin.py:188} INFO - [2026-04-20T13:06:13.853+0000] {dagbag.py:545} INFO - Filling up the DagBag from /opt/airflow/dags/mlops_orchestration.py
[2026-04-20T13:06:13.877+0000] {processor.py:840} INFO - DAG(s) 'mlops_orchestration' retrieved from /opt/airflow/dags/mlops_orchestration.py
[2026-04-20T13:06:13.909+0000] {logging_mixin.py:188} INFO - [2026-04-20T13:06:13.909+0000] {dag.py:3096} INFO - Sync 1 DAGs
[2026-04-20T13:06:13.930+0000] {logging_mixin.py:188} INFO - [2026-04-20T13:06:13.930+0000] {dag.py:3954} INFO - Setting next_dagrun for mlops_orchestration to 2026-04-19 02:00:00+00:00, run_after=2026-04-20 02:00:00+00:00
[2026-04-20T13:06:13.953+0000] {processor.py:183} INFO - Processing /opt/airflow/dags/mlops_orchestration.py took 0.108 seconds
[2026-04-20T13:06:44.170+0000] {processor.py:161} INFO - Started process (PID=135) to work on /opt/airflow/dags/mlops_orchestration.py
[2026-04-20T13:06:44.171+0000] {processor.py:830} INFO - Processing file /opt/airflow/dags/mlops_orchestration.py for tasks to queue
[2026-04-20T13:06:44.173+0000] {logging_mixin.py:188} INFO - [2026-04-20T13:06:44.172+0000] {dagbag.py:545} INFO - Filling up the DagBag from /opt/airflow/dags/mlops_orchestration.py
[2026-04-20T13:06:44.192+0000] {processor.py:840} INFO - DAG(s) 'mlops_orchestration' retrieved from /opt/airflow/dags/mlops_orchestration.py
[2026-04-20T13:06:44.223+0000] {logging_mixin.py:188} INFO - [2026-04-20T13:06:44.222+0000] {dag.py:3096} INFO - Sync 1 DAGs
[2026-04-20T13:06:44.241+0000] {logging_mixin.py:188} INFO - [2026-04-20T13:06:44.240+0000] {dag.py:3954} INFO - Setting next_dagrun for mlops_orchestration to 2026-04-19 02:00:00+00:00, run_after=2026-04-20 02:00:00+00:00
[2026-04-20T13:06:44.259+0000] {processor.py:183} INFO - Processing /opt/airflow/dags/mlops_orchestration.py took 0.094 seconds
[2026-04-20T13:07:14.558+0000] {processor.py:161} INFO - Started process (PID=136) to work on /opt/airflow/dags/mlops_orchestration.py
[2026-04-20T13:07:14.559+0000] {processor.py:830} INFO - Processing file /opt/airflow/dags/mlops_orchestration.py for tasks to queue
[2026-04-20T13:07:14.563+0000] {logging_mixin.py:188} INFO - [2026-04-20T13:07:14.561+0000] {dagbag.py:545} INFO - Filling up the DagBag from /opt/airflow/dags/mlops_orchestration.py
[2026-04-20T13:07:14.588+0000] {processor.py:840} INFO - DAG(s) 'mlops_orchestration' retrieved from /opt/airflow/dags/mlops_orchestration.py
[2026-04-20T13:07:14.619+0000] {logging_mixin.py:188} INFO - [2026-04-20T13:07:14.619+0000] {dag.py:3096} INFO - Sync 1 DAGs
[2026-04-20T13:07:14.636+0000] {logging_mixin.py:188} INFO - [2026-04-20T13:07:14.636+0000] {dag.py:3954} INFO - Setting next_dagrun for mlops_orchestration to 2026-04-19 02:00:00+00:00, run_after=2026-04-20 02:00:00+00:00
[2026-04-20T13:07:14.657+0000] {processor.py:183} INFO - Processing /opt/airflow/dags/mlops_orchestration.py took 0.106 seconds
[2026-04-20T13:07:44.880+0000] {processor.py:161} INFO - Started process (PID=137) to work on /opt/airflow/dags/mlops_orchestration.py
[2026-04-20T13:07:44.882+0000] {processor.py:830} INFO - Processing file /opt/airflow/dags/mlops_orchestration.py for tasks to queue
[2026-04-20T13:07:44.884+0000] {logging_mixin.py:188} INFO - [2026-04-20T13:07:44.883+0000] {dagbag.py:545} INFO - Filling up the DagBag from /opt/airflow/dags/mlops_orchestration.py
[2026-04-20T13:07:44.907+0000] {processor.py:840} INFO - DAG(s) 'mlops_orchestration' retrieved from /opt/airflow/dags/mlops_orchestration.py
[2026-04-20T13:07:44.939+0000] {logging_mixin.py:188} INFO - [2026-04-20T13:07:44.938+0000] {dag.py:3096} INFO - Sync 1 DAGs
[2026-04-20T13:07:44.957+0000] {logging_mixin.py:188} INFO - [2026-04-20T13:07:44.957+0000] {dag.py:3954} INFO - Setting next_dagrun for mlops_orchestration to 2026-04-19 02:00:00+00:00, run_after=2026-04-20 02:00:00+00:00
[2026-04-20T13:07:44.979+0000] {processor.py:183} INFO - Processing /opt/airflow/dags/mlops_orchestration.py took 0.104 seconds
[2026-04-20T13:08:15.162+0000] {processor.py:161} INFO - Started process (PID=145) to work on /opt/airflow/dags/mlops_orchestration.py
[2026-04-20T13:08:15.163+0000] {processor.py:830} INFO - Processing file /opt/airflow/dags/mlops_orchestration.py for tasks to queue
[2026-04-20T13:08:15.165+0000] {logging_mixin.py:188} INFO - [2026-04-20T13:08:15.164+0000] {dagbag.py:545} INFO - Filling up the DagBag from /opt/airflow/dags/mlops_orchestration.py
[2026-04-20T13:08:15.184+0000] {processor.py:840} INFO - DAG(s) 'mlops_orchestration' retrieved from /opt/airflow/dags/mlops_orchestration.py
[2026-04-20T13:08:15.212+0000] {logging_mixin.py:188} INFO - [2026-04-20T13:08:15.212+0000] {dag.py:3096} INFO - Sync 1 DAGs
[2026-04-20T13:08:15.228+0000] {logging_mixin.py:188} INFO - [2026-04-20T13:08:15.228+0000] {dag.py:3954} INFO - Setting next_dagrun for mlops_orchestration to 2026-04-19 02:00:00+00:00, run_after=2026-04-20 02:00:00+00:00
[2026-04-20T13:08:15.247+0000] {processor.py:183} INFO - Processing /opt/airflow/dags/mlops_orchestration.py took 0.090 seconds
[2026-04-20T13:09:05.105+0000] {processor.py:161} INFO - Started process (PID=75) to work on /opt/airflow/dags/mlops_orchestration.py
[2026-04-20T13:09:05.106+0000] {processor.py:830} INFO - Processing file /opt/airflow/dags/mlops_orchestration.py for tasks to queue
[2026-04-20T13:09:05.108+0000] {logging_mixin.py:188} INFO - [2026-04-20T13:09:05.108+0000] {dagbag.py:545} INFO - Filling up the DagBag from /opt/airflow/dags/mlops_orchestration.py
[2026-04-20T13:09:05.136+0000] {processor.py:840} INFO - DAG(s) 'mlops_orchestration' retrieved from /opt/airflow/dags/mlops_orchestration.py
[2026-04-20T13:09:05.295+0000] {logging_mixin.py:188} INFO - [2026-04-20T13:09:05.294+0000] {override.py:1829} INFO - Created Permission View: can delete on DAG:mlops_orchestration
[2026-04-20T13:09:05.306+0000] {logging_mixin.py:188} INFO - [2026-04-20T13:09:05.306+0000] {override.py:1829} INFO - Created Permission View: can edit on DAG:mlops_orchestration
[2026-04-20T13:09:05.314+0000] {logging_mixin.py:188} INFO - [2026-04-20T13:09:05.313+0000] {override.py:1829} INFO - Created Permission View: can read on DAG:mlops_orchestration
[2026-04-20T13:09:05.315+0000] {logging_mixin.py:188} INFO - [2026-04-20T13:09:05.315+0000] {dag.py:3096} INFO - Sync 1 DAGs
[2026-04-20T13:09:05.330+0000] {logging_mixin.py:188} INFO - [2026-04-20T13:09:05.330+0000] {dag.py:3118} INFO - Creating ORM DAG for mlops_orchestration
[2026-04-20T13:09:05.341+0000] {logging_mixin.py:188} INFO - [2026-04-20T13:09:05.340+0000] {dag.py:3954} INFO - Setting next_dagrun for mlops_orchestration to 2026-04-19 02:00:00+00:00, run_after=2026-04-20 02:00:00+00:00
[2026-04-20T13:09:05.366+0000] {processor.py:183} INFO - Processing /opt/airflow/dags/mlops_orchestration.py took 0.268 seconds
[2026-04-20T13:09:35.808+0000] {processor.py:161} INFO - Started process (PID=94) to work on /opt/airflow/dags/mlops_orchestration.py
[2026-04-20T13:09:35.811+0000] {processor.py:830} INFO - Processing file /opt/airflow/dags/mlops_orchestration.py for tasks to queue
[2026-04-20T13:09:35.816+0000] {logging_mixin.py:188} INFO - [2026-04-20T13:09:35.815+0000] {dagbag.py:545} INFO - Filling up the DagBag from /opt/airflow/dags/mlops_orchestration.py
[2026-04-20T13:09:35.834+0000] {processor.py:840} INFO - DAG(s) 'mlops_orchestration' retrieved from /opt/airflow/dags/mlops_orchestration.py
[2026-04-20T13:09:35.888+0000] {logging_mixin.py:188} INFO - [2026-04-20T13:09:35.888+0000] {dag.py:3096} INFO - Sync 1 DAGs
[2026-04-20T13:09:35.932+0000] {logging_mixin.py:188} INFO - [2026-04-20T13:09:35.932+0000] {dag.py:3954} INFO - Setting next_dagrun for mlops_orchestration to 2026-04-19 02:00:00+00:00, run_after=2026-04-20 02:00:00+00:00
[2026-04-20T13:09:35.962+0000] {processor.py:183} INFO - Processing /opt/airflow/dags/mlops_orchestration.py took 0.172 seconds
[2026-04-20T13:10:06.032+0000] {processor.py:161} INFO - Started process (PID=107) to work on /opt/airflow/dags/mlops_orchestration.py
[2026-04-20T13:10:06.033+0000] {processor.py:830} INFO - Processing file /opt/airflow/dags/mlops_orchestration.py for tasks to queue
[2026-04-20T13:10:06.035+0000] {logging_mixin.py:188} INFO - [2026-04-20T13:10:06.035+0000] {dagbag.py:545} INFO - Filling up the DagBag from /opt/airflow/dags/mlops_orchestration.py
[2026-04-20T13:10:06.056+0000] {processor.py:840} INFO - DAG(s) 'mlops_orchestration' retrieved from /opt/airflow/dags/mlops_orchestration.py
[2026-04-20T13:10:06.085+0000] {logging_mixin.py:188} INFO - [2026-04-20T13:10:06.085+0000] {dag.py:3096} INFO - Sync 1 DAGs
[2026-04-20T13:10:06.103+0000] {logging_mixin.py:188} INFO - [2026-04-20T13:10:06.103+0000] {dag.py:3954} INFO - Setting next_dagrun for mlops_orchestration to 2026-04-19 02:00:00+00:00, run_after=2026-04-20 02:00:00+00:00
[2026-04-20T13:10:06.124+0000] {processor.py:183} INFO - Processing /opt/airflow/dags/mlops_orchestration.py took 0.096 seconds
[2026-04-20T13:10:36.289+0000] {processor.py:161} INFO - Started process (PID=108) to work on /opt/airflow/dags/mlops_orchestration.py
[2026-04-20T13:10:36.290+0000] {processor.py:830} INFO - Processing file /opt/airflow/dags/mlops_orchestration.py for tasks to queue
[2026-04-20T13:10:36.292+0000] {logging_mixin.py:188} INFO - [2026-04-20T13:10:36.291+0000] {dagbag.py:545} INFO - Filling up the DagBag from /opt/airflow/dags/mlops_orchestration.py
[2026-04-20T13:10:36.311+0000] {processor.py:840} INFO - DAG(s) 'mlops_orchestration' retrieved from /opt/airflow/dags/mlops_orchestration.py
[2026-04-20T13:10:36.341+0000] {logging_mixin.py:188} INFO - [2026-04-20T13:10:36.341+0000] {dag.py:3096} INFO - Sync 1 DAGs
[2026-04-20T13:10:36.359+0000] {logging_mixin.py:188} INFO - [2026-04-20T13:10:36.359+0000] {dag.py:3954} INFO - Setting next_dagrun for mlops_orchestration to 2026-04-19 02:00:00+00:00, run_after=2026-04-20 02:00:00+00:00
[2026-04-20T13:10:36.381+0000] {processor.py:183} INFO - Processing /opt/airflow/dags/mlops_orchestration.py took 0.097 seconds
[2026-04-20T13:11:06.526+0000] {processor.py:161} INFO - Started process (PID=109) to work on /opt/airflow/dags/mlops_orchestration.py
[2026-04-20T13:11:06.527+0000] {processor.py:830} INFO - Processing file /opt/airflow/dags/mlops_orchestration.py for tasks to queue
[2026-04-20T13:11:06.529+0000] {logging_mixin.py:188} INFO - [2026-04-20T13:11:06.528+0000] {dagbag.py:545} INFO - Filling up the DagBag from /opt/airflow/dags/mlops_orchestration.py
[2026-04-20T13:11:06.548+0000] {processor.py:840} INFO - DAG(s) 'mlops_orchestration' retrieved from /opt/airflow/dags/mlops_orchestration.py
[2026-04-20T13:11:06.576+0000] {logging_mixin.py:188} INFO - [2026-04-20T13:11:06.576+0000] {dag.py:3096} INFO - Sync 1 DAGs
[2026-04-20T13:11:06.594+0000] {logging_mixin.py:188} INFO - [2026-04-20T13:11:06.594+0000] {dag.py:3954} INFO - Setting next_dagrun for mlops_orchestration to 2026-04-19 02:00:00+00:00, run_after=2026-04-20 02:00:00+00:00
[2026-04-20T13:11:06.616+0000] {processor.py:183} INFO - Processing /opt/airflow/dags/mlops_orchestration.py took 0.096 seconds
[2026-04-20T13:11:36.761+0000] {processor.py:161} INFO - Started process (PID=110) to work on /opt/airflow/dags/mlops_orchestration.py
[2026-04-20T13:11:36.762+0000] {processor.py:830} INFO - Processing file /opt/airflow/dags/mlops_orchestration.py for tasks to queue
[2026-04-20T13:11:36.764+0000] {logging_mixin.py:188} INFO - [2026-04-20T13:11:36.763+0000] {dagbag.py:545} INFO - Filling up the DagBag from /opt/airflow/dags/mlops_orchestration.py
[2026-04-20T13:11:36.791+0000] {processor.py:840} INFO - DAG(s) 'mlops_orchestration' retrieved from /opt/airflow/dags/mlops_orchestration.py
[2026-04-20T13:11:36.833+0000] {logging_mixin.py:188} INFO - [2026-04-20T13:11:36.833+0000] {dag.py:3096} INFO - Sync 1 DAGs
[2026-04-20T13:11:36.861+0000] {logging_mixin.py:188} INFO - [2026-04-20T13:11:36.861+0000] {dag.py:3954} INFO - Setting next_dagrun for mlops_orchestration to 2026-04-19 02:00:00+00:00, run_after=2026-04-20 02:00:00+00:00
[2026-04-20T13:11:36.885+0000] {processor.py:183} INFO - Processing /opt/airflow/dags/mlops_orchestration.py took 0.130 seconds
[2026-04-20T13:12:06.996+0000] {processor.py:161} INFO - Started process (PID=111) to work on /opt/airflow/dags/mlops_orchestration.py
[2026-04-20T13:12:06.997+0000] {processor.py:830} INFO - Processing file /opt/airflow/dags/mlops_orchestration.py for tasks to queue
[2026-04-20T13:12:06.999+0000] {logging_mixin.py:188} INFO - [2026-04-20T13:12:06.999+0000] {dagbag.py:545} INFO - Filling up the DagBag from /opt/airflow/dags/mlops_orchestration.py
[2026-04-20T13:12:07.019+0000] {processor.py:840} INFO - DAG(s) 'mlops_orchestration' retrieved from /opt/airflow/dags/mlops_orchestration.py
[2026-04-20T13:12:07.048+0000] {logging_mixin.py:188} INFO - [2026-04-20T13:12:07.048+0000] {dag.py:3096} INFO - Sync 1 DAGs
[2026-04-20T13:12:07.064+0000] {logging_mixin.py:188} INFO - [2026-04-20T13:12:07.064+0000] {dag.py:3954} INFO - Setting next_dagrun for mlops_orchestration to 2026-04-19 02:00:00+00:00, run_after=2026-04-20 02:00:00+00:00
[2026-04-20T13:12:07.086+0000] {processor.py:183} INFO - Processing /opt/airflow/dags/mlops_orchestration.py took 0.096 seconds
[2026-04-20T13:12:38.235+0000] {processor.py:161} INFO - Started process (PID=112) to work on /opt/airflow/dags/mlops_orchestration.py
[2026-04-20T13:12:38.237+0000] {processor.py:830} INFO - Processing file /opt/airflow/dags/mlops_orchestration.py for tasks to queue
[2026-04-20T13:12:38.239+0000] {logging_mixin.py:188} INFO - [2026-04-20T13:12:38.238+0000] {dagbag.py:545} INFO - Filling up the DagBag from /opt/airflow/dags/mlops_orchestration.py
[2026-04-20T13:12:38.274+0000] {processor.py:840} INFO - DAG(s) 'mlops_orchestration' retrieved from /opt/airflow/dags/mlops_orchestration.py
[2026-04-20T13:12:38.311+0000] {logging_mixin.py:188} INFO - [2026-04-20T13:12:38.310+0000] {dag.py:3096} INFO - Sync 1 DAGs
[2026-04-20T13:12:38.330+0000] {logging_mixin.py:188} INFO - [2026-04-20T13:12:38.330+0000] {dag.py:3954} INFO - Setting next_dagrun for mlops_orchestration to 2026-04-19 02:00:00+00:00, run_after=2026-04-20 02:00:00+00:00
[2026-04-20T13:12:38.350+0000] {processor.py:183} INFO - Processing /opt/airflow/dags/mlops_orchestration.py took 0.124 seconds
[2026-04-20T13:13:08.459+0000] {processor.py:161} INFO - Started process (PID=113) to work on /opt/airflow/dags/mlops_orchestration.py
[2026-04-20T13:13:08.460+0000] {processor.py:830} INFO - Processing file /opt/airflow/dags/mlops_orchestration.py for tasks to queue
[2026-04-20T13:13:08.463+0000] {logging_mixin.py:188} INFO - [2026-04-20T13:13:08.462+0000] {dagbag.py:545} INFO - Filling up the DagBag from /opt/airflow/dags/mlops_orchestration.py
[2026-04-20T13:13:08.484+0000] {processor.py:840} INFO - DAG(s) 'mlops_orchestration' retrieved from /opt/airflow/dags/mlops_orchestration.py
[2026-04-20T13:13:08.515+0000] {logging_mixin.py:188} INFO - [2026-04-20T13:13:08.515+0000] {dag.py:3096} INFO - Sync 1 DAGs
[2026-04-20T13:13:08.533+0000] {logging_mixin.py:188} INFO - [2026-04-20T13:13:08.533+0000] {dag.py:3954} INFO - Setting next_dagrun for mlops_orchestration to 2026-04-19 02:00:00+00:00, run_after=2026-04-20 02:00:00+00:00
[2026-04-20T13:13:08.555+0000] {processor.py:183} INFO - Processing /opt/airflow/dags/mlops_orchestration.py took 0.102 seconds
[2026-04-20T13:13:38.691+0000] {processor.py:161} INFO - Started process (PID=114) to work on /opt/airflow/dags/mlops_orchestration.py
[2026-04-20T13:13:38.692+0000] {processor.py:830} INFO - Processing file /opt/airflow/dags/mlops_orchestration.py for tasks to queue
[2026-04-20T13:13:38.694+0000] {logging_mixin.py:188} INFO - [2026-04-20T13:13:38.694+0000] {dagbag.py:545} INFO - Filling up the DagBag from /opt/airflow/dags/mlops_orchestration.py
[2026-04-20T13:13:38.715+0000] {processor.py:840} INFO - DAG(s) 'mlops_orchestration' retrieved from /opt/airflow/dags/mlops_orchestration.py
[2026-04-20T13:13:38.745+0000] {logging_mixin.py:188} INFO - [2026-04-20T13:13:38.745+0000] {dag.py:3096} INFO - Sync 1 DAGs
[2026-04-20T13:13:38.761+0000] {logging_mixin.py:188} INFO - [2026-04-20T13:13:38.761+0000] {dag.py:3954} INFO - Setting next_dagrun for mlops_orchestration to 2026-04-19 02:00:00+00:00, run_after=2026-04-20 02:00:00+00:00
[2026-04-20T13:13:38.781+0000] {processor.py:183} INFO - Processing /opt/airflow/dags/mlops_orchestration.py took 0.097 seconds
[2026-04-20T13:14:08.908+0000] {processor.py:161} INFO - Started process (PID=115) to work on /opt/airflow/dags/mlops_orchestration.py
[2026-04-20T13:14:08.909+0000] {processor.py:830} INFO - Processing file /opt/airflow/dags/mlops_orchestration.py for tasks to queue
[2026-04-20T13:14:08.911+0000] {logging_mixin.py:188} INFO - [2026-04-20T13:14:08.911+0000] {dagbag.py:545} INFO - Filling up the DagBag from /opt/airflow/dags/mlops_orchestration.py
[2026-04-20T13:14:08.931+0000] {processor.py:840} INFO - DAG(s) 'mlops_orchestration' retrieved from /opt/airflow/dags/mlops_orchestration.py
[2026-04-20T13:14:08.960+0000] {logging_mixin.py:188} INFO - [2026-04-20T13:14:08.960+0000] {dag.py:3096} INFO - Sync 1 DAGs
[2026-04-20T13:14:08.976+0000] {logging_mixin.py:188} INFO - [2026-04-20T13:14:08.976+0000] {dag.py:3954} INFO - Setting next_dagrun for mlops_orchestration to 2026-04-19 02:00:00+00:00, run_after=2026-04-20 02:00:00+00:00
[2026-04-20T13:14:08.997+0000] {processor.py:183} INFO - Processing /opt/airflow/dags/mlops_orchestration.py took 0.094 seconds
[2026-04-20T13:14:39.193+0000] {processor.py:161} INFO - Started process (PID=116) to work on /opt/airflow/dags/mlops_orchestration.py
[2026-04-20T13:14:39.194+0000] {processor.py:830} INFO - Processing file /opt/airflow/dags/mlops_orchestration.py for tasks to queue
[2026-04-20T13:14:39.195+0000] {logging_mixin.py:188} INFO - [2026-04-20T13:14:39.195+0000] {dagbag.py:545} INFO - Filling up the DagBag from /opt/airflow/dags/mlops_orchestration.py
[2026-04-20T13:14:39.216+0000] {processor.py:840} INFO - DAG(s) 'mlops_orchestration' retrieved from /opt/airflow/dags/mlops_orchestration.py
[2026-04-20T13:14:39.247+0000] {logging_mixin.py:188} INFO - [2026-04-20T13:14:39.247+0000] {dag.py:3096} INFO - Sync 1 DAGs
[2026-04-20T13:14:39.266+0000] {logging_mixin.py:188} INFO - [2026-04-20T13:14:39.266+0000] {dag.py:3954} INFO - Setting next_dagrun for mlops_orchestration to 2026-04-19 02:00:00+00:00, run_after=2026-04-20 02:00:00+00:00
[2026-04-20T13:14:39.285+0000] {processor.py:183} INFO - Processing /opt/airflow/dags/mlops_orchestration.py took 0.097 seconds
[2026-04-20T13:15:09.432+0000] {processor.py:161} INFO - Started process (PID=117) to work on /opt/airflow/dags/mlops_orchestration.py
[2026-04-20T13:15:09.434+0000] {processor.py:830} INFO - Processing file /opt/airflow/dags/mlops_orchestration.py for tasks to queue
[2026-04-20T13:15:09.436+0000] {logging_mixin.py:188} INFO - [2026-04-20T13:15:09.435+0000] {dagbag.py:545} INFO - Filling up the DagBag from /opt/airflow/dags/mlops_orchestration.py
[2026-04-20T13:15:09.456+0000] {processor.py:840} INFO - DAG(s) 'mlops_orchestration' retrieved from /opt/airflow/dags/mlops_orchestration.py
[2026-04-20T13:15:09.493+0000] {logging_mixin.py:188} INFO - [2026-04-20T13:15:09.492+0000] {dag.py:3096} INFO - Sync 1 DAGs
[2026-04-20T13:15:09.510+0000] {logging_mixin.py:188} INFO - [2026-04-20T13:15:09.510+0000] {dag.py:3954} INFO - Setting next_dagrun for mlops_orchestration to 2026-04-19 02:00:00+00:00, run_after=2026-04-20 02:00:00+00:00
[2026-04-20T13:15:09.533+0000] {processor.py:183} INFO - Processing /opt/airflow/dags/mlops_orchestration.py took 0.108 seconds
[2026-04-20T13:15:40.679+0000] {processor.py:161} INFO - Started process (PID=118) to work on /opt/airflow/dags/mlops_orchestration.py
[2026-04-20T13:15:40.681+0000] {processor.py:830} INFO - Processing file /opt/airflow/dags/mlops_orchestration.py for tasks to queue
[2026-04-20T13:15:40.684+0000] {logging_mixin.py:188} INFO - [2026-04-20T13:15:40.683+0000] {dagbag.py:545} INFO - Filling up the DagBag from /opt/airflow/dags/mlops_orchestration.py
[2026-04-20T13:15:40.707+0000] {processor.py:840} INFO - DAG(s) 'mlops_orchestration' retrieved from /opt/airflow/dags/mlops_orchestration.py
[2026-04-20T13:15:40.738+0000] {logging_mixin.py:188} INFO - [2026-04-20T13:15:40.738+0000] {dag.py:3096} INFO - Sync 1 DAGs
[2026-04-20T13:15:40.758+0000] {logging_mixin.py:188} INFO - [2026-04-20T13:15:40.758+0000] {dag.py:3954} INFO - Setting next_dagrun for mlops_orchestration to 2026-04-19 02:00:00+00:00, run_after=2026-04-20 02:00:00+00:00
[2026-04-20T13:15:40.783+0000] {processor.py:183} INFO - Processing /opt/airflow/dags/mlops_orchestration.py took 0.109 seconds
[2026-04-20T13:16:10.893+0000] {processor.py:161} INFO - Started process (PID=119) to work on /opt/airflow/dags/mlops_orchestration.py
[2026-04-20T13:16:10.894+0000] {processor.py:830} INFO - Processing file /opt/airflow/dags/mlops_orchestration.py for tasks to queue
[2026-04-20T13:16:10.896+0000] {logging_mixin.py:188} INFO - [2026-04-20T13:16:10.895+0000] {dagbag.py:545} INFO - Filling up the DagBag from /opt/airflow/dags/mlops_orchestration.py
[2026-04-20T13:16:10.915+0000] {processor.py:840} INFO - DAG(s) 'mlops_orchestration' retrieved from /opt/airflow/dags/mlops_orchestration.py
[2026-04-20T13:16:10.945+0000] {logging_mixin.py:188} INFO - [2026-04-20T13:16:10.945+0000] {dag.py:3096} INFO - Sync 1 DAGs
[2026-04-20T13:16:10.964+0000] {logging_mixin.py:188} INFO - [2026-04-20T13:16:10.963+0000] {dag.py:3954} INFO - Setting next_dagrun for mlops_orchestration to 2026-04-19 02:00:00+00:00, run_after=2026-04-20 02:00:00+00:00
[2026-04-20T13:16:10.986+0000] {processor.py:183} INFO - Processing /opt/airflow/dags/mlops_orchestration.py took 0.100 seconds
[2026-04-20T13:16:42.179+0000] {processor.py:161} INFO - Started process (PID=120) to work on /opt/airflow/dags/mlops_orchestration.py
[2026-04-20T13:16:42.181+0000] {processor.py:830} INFO - Processing file /opt/airflow/dags/mlops_orchestration.py for tasks to queue
[2026-04-20T13:16:42.183+0000] {logging_mixin.py:188} INFO - [2026-04-20T13:16:42.182+0000] {dagbag.py:545} INFO - Filling up the DagBag from /opt/airflow/dags/mlops_orchestration.py
[2026-04-20T13:16:42.202+0000] {processor.py:840} INFO - DAG(s) 'mlops_orchestration' retrieved from /opt/airflow/dags/mlops_orchestration.py
[2026-04-20T13:16:42.231+0000] {logging_mixin.py:188} INFO - [2026-04-20T13:16:42.231+0000] {dag.py:3096} INFO - Sync 1 DAGs
[2026-04-20T13:16:42.249+0000] {logging_mixin.py:188} INFO - [2026-04-20T13:16:42.248+0000] {dag.py:3954} INFO - Setting next_dagrun for mlops_orchestration to 2026-04-19 02:00:00+00:00, run_after=2026-04-20 02:00:00+00:00
[2026-04-20T13:16:42.267+0000] {processor.py:183} INFO - Processing /opt/airflow/dags/mlops_orchestration.py took 0.094 seconds
[2026-04-20T13:17:13.261+0000] {processor.py:161} INFO - Started process (PID=121) to work on /opt/airflow/dags/mlops_orchestration.py
[2026-04-20T13:17:13.262+0000] {processor.py:830} INFO - Processing file /opt/airflow/dags/mlops_orchestration.py for tasks to queue
[2026-04-20T13:17:13.263+0000] {logging_mixin.py:188} INFO - [2026-04-20T13:17:13.263+0000] {dagbag.py:545} INFO - Filling up the DagBag from /opt/airflow/dags/mlops_orchestration.py
[2026-04-20T13:17:13.286+0000] {processor.py:840} INFO - DAG(s) 'mlops_orchestration' retrieved from /opt/airflow/dags/mlops_orchestration.py
[2026-04-20T13:17:13.316+0000] {logging_mixin.py:188} INFO - [2026-04-20T13:17:13.316+0000] {dag.py:3096} INFO - Sync 1 DAGs
[2026-04-20T13:17:13.338+0000] {logging_mixin.py:188} INFO - [2026-04-20T13:17:13.338+0000] {dag.py:3954} INFO - Setting next_dagrun for mlops_orchestration to 2026-04-19 02:00:00+00:00, run_after=2026-04-20 02:00:00+00:00
[2026-04-20T13:17:13.362+0000] {processor.py:183} INFO - Processing /opt/airflow/dags/mlops_orchestration.py took 0.107 seconds
[2026-04-20T13:17:43.705+0000] {processor.py:161} INFO - Started process (PID=122) to work on /opt/airflow/dags/mlops_orchestration.py
[2026-04-20T13:17:43.708+0000] {processor.py:830} INFO - Processing file /opt/airflow/dags/mlops_orchestration.py for tasks to queue
[2026-04-20T13:17:43.713+0000] {logging_mixin.py:188} INFO - [2026-04-20T13:17:43.712+0000] {dagbag.py:545} INFO - Filling up the DagBag from /opt/airflow/dags/mlops_orchestration.py
[2026-04-20T13:17:43.760+0000] {processor.py:840} INFO - DAG(s) 'mlops_orchestration' retrieved from /opt/airflow/dags/mlops_orchestration.py
[2026-04-20T13:17:43.837+0000] {logging_mixin.py:188} INFO - [2026-04-20T13:17:43.836+0000] {dag.py:3096} INFO - Sync 1 DAGs
[2026-04-20T13:17:43.883+0000] {logging_mixin.py:188} INFO - [2026-04-20T13:17:43.883+0000] {dag.py:3954} INFO - Setting next_dagrun for mlops_orchestration to 2026-04-19 02:00:00+00:00, run_after=2026-04-20 02:00:00+00:00
[2026-04-20T13:17:43.921+0000] {processor.py:183} INFO - Processing /opt/airflow/dags/mlops_orchestration.py took 0.231 seconds
[2026-04-20T13:18:14.269+0000] {processor.py:161} INFO - Started process (PID=123) to work on /opt/airflow/dags/mlops_orchestration.py
[2026-04-20T13:18:14.270+0000] {processor.py:830} INFO - Processing file /opt/airflow/dags/mlops_orchestration.py for tasks to queue
[2026-04-20T13:18:14.272+0000] {logging_mixin.py:188} INFO - [2026-04-20T13:18:14.272+0000] {dagbag.py:545} INFO - Filling up the DagBag from /opt/airflow/dags/mlops_orchestration.py
[2026-04-20T13:18:14.292+0000] {processor.py:840} INFO - DAG(s) 'mlops_orchestration' retrieved from /opt/airflow/dags/mlops_orchestration.py
[2026-04-20T13:18:14.325+0000] {logging_mixin.py:188} INFO - [2026-04-20T13:18:14.325+0000] {dag.py:3096} INFO - Sync 1 DAGs
[2026-04-20T13:18:14.344+0000] {logging_mixin.py:188} INFO - [2026-04-20T13:18:14.344+0000] {dag.py:3954} INFO - Setting next_dagrun for mlops_orchestration to 2026-04-19 02:00:00+00:00, run_after=2026-04-20 02:00:00+00:00
[2026-04-20T13:18:14.364+0000] {processor.py:183} INFO - Processing /opt/airflow/dags/mlops_orchestration.py took 0.103 seconds
[2026-04-20T13:18:44.731+0000] {processor.py:161} INFO - Started process (PID=124) to work on /opt/airflow/dags/mlops_orchestration.py
[2026-04-20T13:18:44.734+0000] {processor.py:830} INFO - Processing file /opt/airflow/dags/mlops_orchestration.py for tasks to queue
[2026-04-20T13:18:44.741+0000] {logging_mixin.py:188} INFO - [2026-04-20T13:18:44.740+0000] {dagbag.py:545} INFO - Filling up the DagBag from /opt/airflow/dags/mlops_orchestration.py
[2026-04-20T13:18:44.796+0000] {processor.py:840} INFO - DAG(s) 'mlops_orchestration' retrieved from /opt/airflow/dags/mlops_orchestration.py
[2026-04-20T13:18:44.863+0000] {logging_mixin.py:188} INFO - [2026-04-20T13:18:44.863+0000] {dag.py:3096} INFO - Sync 1 DAGs
[2026-04-20T13:18:44.913+0000] {logging_mixin.py:188} INFO - [2026-04-20T13:18:44.913+0000] {dag.py:3954} INFO - Setting next_dagrun for mlops_orchestration to 2026-04-19 02:00:00+00:00, run_after=2026-04-20 02:00:00+00:00
[2026-04-20T13:18:44.950+0000] {processor.py:183} INFO - Processing /opt/airflow/dags/mlops_orchestration.py took 0.232 seconds
[2026-04-20T13:19:15.274+0000] {processor.py:161} INFO - Started process (PID=125) to work on /opt/airflow/dags/mlops_orchestration.py
[2026-04-20T13:19:15.275+0000] {processor.py:830} INFO - Processing file /opt/airflow/dags/mlops_orchestration.py for tasks to queue
[2026-04-20T13:19:15.277+0000] {logging_mixin.py:188} INFO - [2026-04-20T13:19:15.277+0000] {dagbag.py:545} INFO - Filling up the DagBag from /opt/airflow/dags/mlops_orchestration.py
[2026-04-20T13:19:15.297+0000] {processor.py:840} INFO - DAG(s) 'mlops_orchestration' retrieved from /opt/airflow/dags/mlops_orchestration.py
[2026-04-20T13:19:15.328+0000] {logging_mixin.py:188} INFO - [2026-04-20T13:19:15.327+0000] {dag.py:3096} INFO - Sync 1 DAGs
[2026-04-20T13:19:15.361+0000] {logging_mixin.py:188} INFO - [2026-04-20T13:19:15.361+0000] {dag.py:3954} INFO - Setting next_dagrun for mlops_orchestration to 2026-04-19 02:00:00+00:00, run_after=2026-04-20 02:00:00+00:00
[2026-04-20T13:19:15.395+0000] {processor.py:183} INFO - Processing /opt/airflow/dags/mlops_orchestration.py took 0.128 seconds
[2026-04-20T13:19:45.737+0000] {processor.py:161} INFO - Started process (PID=126) to work on /opt/airflow/dags/mlops_orchestration.py
[2026-04-20T13:19:45.738+0000] {processor.py:830} INFO - Processing file /opt/airflow/dags/mlops_orchestration.py for tasks to queue
[2026-04-20T13:19:45.744+0000] {logging_mixin.py:188} INFO - [2026-04-20T13:19:45.742+0000] {dagbag.py:545} INFO - Filling up the DagBag from /opt/airflow/dags/mlops_orchestration.py
[2026-04-20T13:19:45.778+0000] {processor.py:840} INFO - DAG(s) 'mlops_orchestration' retrieved from /opt/airflow/dags/mlops_orchestration.py
[2026-04-20T13:19:45.808+0000] {logging_mixin.py:188} INFO - [2026-04-20T13:19:45.807+0000] {dag.py:3096} INFO - Sync 1 DAGs
[2026-04-20T13:19:45.825+0000] {logging_mixin.py:188} INFO - [2026-04-20T13:19:45.825+0000] {dag.py:3954} INFO - Setting next_dagrun for mlops_orchestration to 2026-04-19 02:00:00+00:00, run_after=2026-04-20 02:00:00+00:00
[2026-04-20T13:19:45.846+0000] {processor.py:183} INFO - Processing /opt/airflow/dags/mlops_orchestration.py took 0.126 seconds
[2026-04-20T13:20:16.214+0000] {processor.py:161} INFO - Started process (PID=127) to work on /opt/airflow/dags/mlops_orchestration.py
[2026-04-20T13:20:16.217+0000] {processor.py:830} INFO - Processing file /opt/airflow/dags/mlops_orchestration.py for tasks to queue
[2026-04-20T13:20:16.223+0000] {logging_mixin.py:188} INFO - [2026-04-20T13:20:16.222+0000] {dagbag.py:545} INFO - Filling up the DagBag from /opt/airflow/dags/mlops_orchestration.py
[2026-04-20T13:20:16.261+0000] {processor.py:840} INFO - DAG(s) 'mlops_orchestration' retrieved from /opt/airflow/dags/mlops_orchestration.py
[2026-04-20T13:20:16.319+0000] {logging_mixin.py:188} INFO - [2026-04-20T13:20:16.319+0000] {dag.py:3096} INFO - Sync 1 DAGs
[2026-04-20T13:20:16.369+0000] {logging_mixin.py:188} INFO - [2026-04-20T13:20:16.369+0000] {dag.py:3954} INFO - Setting next_dagrun for mlops_orchestration to 2026-04-19 02:00:00+00:00, run_after=2026-04-20 02:00:00+00:00
[2026-04-20T13:20:16.409+0000] {processor.py:183} INFO - Processing /opt/airflow/dags/mlops_orchestration.py took 0.212 seconds
[2026-04-20T13:20:46.667+0000] {processor.py:161} INFO - Started process (PID=128) to work on /opt/airflow/dags/mlops_orchestration.py
[2026-04-20T13:20:46.669+0000] {processor.py:830} INFO - Processing file /opt/airflow/dags/mlops_orchestration.py for tasks to queue
[2026-04-20T13:20:46.671+0000] {logging_mixin.py:188} INFO - [2026-04-20T13:20:46.670+0000] {dagbag.py:545} INFO - Filling up the DagBag from /opt/airflow/dags/mlops_orchestration.py
[2026-04-20T13:20:46.689+0000] {processor.py:840} INFO - DAG(s) 'mlops_orchestration' retrieved from /opt/airflow/dags/mlops_orchestration.py
[2026-04-20T13:20:46.722+0000] {logging_mixin.py:188} INFO - [2026-04-20T13:20:46.722+0000] {dag.py:3096} INFO - Sync 1 DAGs
[2026-04-20T13:20:46.739+0000] {logging_mixin.py:188} INFO - [2026-04-20T13:20:46.739+0000] {dag.py:3954} INFO - Setting next_dagrun for mlops_orchestration to 2026-04-19 02:00:00+00:00, run_after=2026-04-20 02:00:00+00:00
[2026-04-20T13:20:46.767+0000] {processor.py:183} INFO - Processing /opt/airflow/dags/mlops_orchestration.py took 0.108 seconds
[2026-04-20T13:21:16.987+0000] {processor.py:161} INFO - Started process (PID=129) to work on /opt/airflow/dags/mlops_orchestration.py
[2026-04-20T13:21:16.989+0000] {processor.py:830} INFO - Processing file /opt/airflow/dags/mlops_orchestration.py for tasks to queue
[2026-04-20T13:21:16.991+0000] {logging_mixin.py:188} INFO - [2026-04-20T13:21:16.991+0000] {dagbag.py:545} INFO - Filling up the DagBag from /opt/airflow/dags/mlops_orchestration.py
[2026-04-20T13:21:17.014+0000] {processor.py:840} INFO - DAG(s) 'mlops_orchestration' retrieved from /opt/airflow/dags/mlops_orchestration.py
[2026-04-20T13:21:17.047+0000] {logging_mixin.py:188} INFO - [2026-04-20T13:21:17.047+0000] {dag.py:3096} INFO - Sync 1 DAGs
[2026-04-20T13:21:17.067+0000] {logging_mixin.py:188} INFO - [2026-04-20T13:21:17.067+0000] {dag.py:3954} INFO - Setting next_dagrun for mlops_orchestration to 2026-04-19 02:00:00+00:00, run_after=2026-04-20 02:00:00+00:00
[2026-04-20T13:21:17.092+0000] {processor.py:183} INFO - Processing /opt/airflow/dags/mlops_orchestration.py took 0.110 seconds
[2026-04-20T13:21:47.299+0000] {processor.py:161} INFO - Started process (PID=130) to work on /opt/airflow/dags/mlops_orchestration.py
[2026-04-20T13:21:47.300+0000] {processor.py:830} INFO - Processing file /opt/airflow/dags/mlops_orchestration.py for tasks to queue
[2026-04-20T13:21:47.303+0000] {logging_mixin.py:188} INFO - [2026-04-20T13:21:47.302+0000] {dagbag.py:545} INFO - Filling up the DagBag from /opt/airflow/dags/mlops_orchestration.py
[2026-04-20T13:21:47.324+0000] {processor.py:840} INFO - DAG(s) 'mlops_orchestration' retrieved from /opt/airflow/dags/mlops_orchestration.py
[2026-04-20T13:21:47.355+0000] {logging_mixin.py:188} INFO - [2026-04-20T13:21:47.354+0000] {dag.py:3096} INFO - Sync 1 DAGs
[2026-04-20T13:21:47.372+0000] {logging_mixin.py:188} INFO - [2026-04-20T13:21:47.372+0000] {dag.py:3954} INFO - Setting next_dagrun for mlops_orchestration to 2026-04-19 02:00:00+00:00, run_after=2026-04-20 02:00:00+00:00
[2026-04-20T13:21:47.392+0000] {processor.py:183} INFO - Processing /opt/airflow/dags/mlops_orchestration.py took 0.100 seconds
[2026-04-20T13:22:17.621+0000] {processor.py:161} INFO - Started process (PID=131) to work on /opt/airflow/dags/mlops_orchestration.py
[2026-04-20T13:22:17.622+0000] {processor.py:830} INFO - Processing file /opt/airflow/dags/mlops_orchestration.py for tasks to queue
[2026-04-20T13:22:17.624+0000] {logging_mixin.py:188} INFO - [2026-04-20T13:22:17.624+0000] {dagbag.py:545} INFO - Filling up the DagBag from /opt/airflow/dags/mlops_orchestration.py
[2026-04-20T13:22:17.645+0000] {processor.py:840} INFO - DAG(s) 'mlops_orchestration' retrieved from /opt/airflow/dags/mlops_orchestration.py
[2026-04-20T13:22:17.677+0000] {logging_mixin.py:188} INFO - [2026-04-20T13:22:17.676+0000] {dag.py:3096} INFO - Sync 1 DAGs
[2026-04-20T13:22:17.699+0000] {logging_mixin.py:188} INFO - [2026-04-20T13:22:17.699+0000] {dag.py:3954} INFO - Setting next_dagrun for mlops_orchestration to 2026-04-19 02:00:00+00:00, run_after=2026-04-20 02:00:00+00:00
[2026-04-20T13:22:17.722+0000] {processor.py:183} INFO - Processing /opt/airflow/dags/mlops_orchestration.py took 0.107 seconds
[2026-04-20T13:22:47.949+0000] {processor.py:161} INFO - Started process (PID=132) to work on /opt/airflow/dags/mlops_orchestration.py
[2026-04-20T13:22:47.951+0000] {processor.py:830} INFO - Processing file /opt/airflow/dags/mlops_orchestration.py for tasks to queue
[2026-04-20T13:22:47.953+0000] {logging_mixin.py:188} INFO - [2026-04-20T13:22:47.952+0000] {dagbag.py:545} INFO - Filling up the DagBag from /opt/airflow/dags/mlops_orchestration.py
[2026-04-20T13:22:47.978+0000] {processor.py:840} INFO - DAG(s) 'mlops_orchestration' retrieved from /opt/airflow/dags/mlops_orchestration.py
[2026-04-20T13:22:48.015+0000] {logging_mixin.py:188} INFO - [2026-04-20T13:22:48.014+0000] {dag.py:3096} INFO - Sync 1 DAGs
[2026-04-20T13:22:48.038+0000] {logging_mixin.py:188} INFO - [2026-04-20T13:22:48.037+0000] {dag.py:3954} INFO - Setting next_dagrun for mlops_orchestration to 2026-04-19 02:00:00+00:00, run_after=2026-04-20 02:00:00+00:00
[2026-04-20T13:22:48.066+0000] {processor.py:183} INFO - Processing /opt/airflow/dags/mlops_orchestration.py took 0.124 seconds
[2026-04-20T13:23:18.262+0000] {processor.py:161} INFO - Started process (PID=133) to work on /opt/airflow/dags/mlops_orchestration.py
[2026-04-20T13:23:18.263+0000] {processor.py:830} INFO - Processing file /opt/airflow/dags/mlops_orchestration.py for tasks to queue
[2026-04-20T13:23:18.265+0000] {logging_mixin.py:188} INFO - [2026-04-20T13:23:18.265+0000] {dagbag.py:545} INFO - Filling up the DagBag from /opt/airflow/dags/mlops_orchestration.py
[2026-04-20T13:23:18.286+0000] {processor.py:840} INFO - DAG(s) 'mlops_orchestration' retrieved from /opt/airflow/dags/mlops_orchestration.py
[2026-04-20T13:23:18.316+0000] {logging_mixin.py:188} INFO - [2026-04-20T13:23:18.316+0000] {dag.py:3096} INFO - Sync 1 DAGs
[2026-04-20T13:23:18.337+0000] {logging_mixin.py:188} INFO - [2026-04-20T13:23:18.337+0000] {dag.py:3954} INFO - Setting next_dagrun for mlops_orchestration to 2026-04-19 02:00:00+00:00, run_after=2026-04-20 02:00:00+00:00
[2026-04-20T13:23:18.358+0000] {processor.py:183} INFO - Processing /opt/airflow/dags/mlops_orchestration.py took 0.103 seconds
[2026-04-20T13:23:48.583+0000] {processor.py:161} INFO - Started process (PID=134) to work on /opt/airflow/dags/mlops_orchestration.py
[2026-04-20T13:23:48.584+0000] {processor.py:830} INFO - Processing file /opt/airflow/dags/mlops_orchestration.py for tasks to queue
[2026-04-20T13:23:48.586+0000] {logging_mixin.py:188} INFO - [2026-04-20T13:23:48.586+0000] {dagbag.py:545} INFO - Filling up the DagBag from /opt/airflow/dags/mlops_orchestration.py
[2026-04-20T13:23:48.609+0000] {processor.py:840} INFO - DAG(s) 'mlops_orchestration' retrieved from /opt/airflow/dags/mlops_orchestration.py
[2026-04-20T13:23:48.643+0000] {logging_mixin.py:188} INFO - [2026-04-20T13:23:48.642+0000] {dag.py:3096} INFO - Sync 1 DAGs
[2026-04-20T13:23:48.663+0000] {logging_mixin.py:188} INFO - [2026-04-20T13:23:48.662+0000] {dag.py:3954} INFO - Setting next_dagrun for mlops_orchestration to 2026-04-19 02:00:00+00:00, run_after=2026-04-20 02:00:00+00:00
[2026-04-20T13:23:48.682+0000] {processor.py:183} INFO - Processing /opt/airflow/dags/mlops_orchestration.py took 0.105 seconds
[2026-04-20T13:24:18.886+0000] {processor.py:161} INFO - Started process (PID=135) to work on /opt/airflow/dags/mlops_orchestration.py
[2026-04-20T13:24:18.887+0000] {processor.py:830} INFO - Processing file /opt/airflow/dags/mlops_orchestration.py for tasks to queue
[2026-04-20T13:24:18.889+0000] {logging_mixin.py:188} INFO - [2026-04-20T13:24:18.889+0000] {dagbag.py:545} INFO - Filling up the DagBag from /opt/airflow/dags/mlops_orchestration.py
[2026-04-20T13:24:18.907+0000] {processor.py:840} INFO - DAG(s) 'mlops_orchestration' retrieved from /opt/airflow/dags/mlops_orchestration.py
[2026-04-20T13:24:18.934+0000] {logging_mixin.py:188} INFO - [2026-04-20T13:24:18.934+0000] {dag.py:3096} INFO - Sync 1 DAGs
[2026-04-20T13:24:18.950+0000] {logging_mixin.py:188} INFO - [2026-04-20T13:24:18.950+0000] {dag.py:3954} INFO - Setting next_dagrun for mlops_orchestration to 2026-04-19 02:00:00+00:00, run_after=2026-04-20 02:00:00+00:00
[2026-04-20T13:24:18.972+0000] {processor.py:183} INFO - Processing /opt/airflow/dags/mlops_orchestration.py took 0.091 seconds
[2026-04-20T13:24:49.125+0000] {processor.py:161} INFO - Started process (PID=136) to work on /opt/airflow/dags/mlops_orchestration.py
[2026-04-20T13:24:49.128+0000] {processor.py:830} INFO - Processing file /opt/airflow/dags/mlops_orchestration.py for tasks to queue
[2026-04-20T13:24:49.133+0000] {logging_mixin.py:188} INFO - [2026-04-20T13:24:49.132+0000] {dagbag.py:545} INFO - Filling up the DagBag from /opt/airflow/dags/mlops_orchestration.py
[2026-04-20T13:24:49.174+0000] {processor.py:840} INFO - DAG(s) 'mlops_orchestration' retrieved from /opt/airflow/dags/mlops_orchestration.py
[2026-04-20T13:24:49.226+0000] {logging_mixin.py:188} INFO - [2026-04-20T13:24:49.226+0000] {dag.py:3096} INFO - Sync 1 DAGs
[2026-04-20T13:24:49.269+0000] {logging_mixin.py:188} INFO - [2026-04-20T13:24:49.269+0000] {dag.py:3954} INFO - Setting next_dagrun for mlops_orchestration to 2026-04-19 02:00:00+00:00, run_after=2026-04-20 02:00:00+00:00
[2026-04-20T13:24:49.303+0000] {processor.py:183} INFO - Processing /opt/airflow/dags/mlops_orchestration.py took 0.198 seconds
[2026-04-20T13:25:19.529+0000] {processor.py:161} INFO - Started process (PID=137) to work on /opt/airflow/dags/mlops_orchestration.py
[2026-04-20T13:25:19.530+0000] {processor.py:830} INFO - Processing file /opt/airflow/dags/mlops_orchestration.py for tasks to queue
[2026-04-20T13:25:19.532+0000] {logging_mixin.py:188} INFO - [2026-04-20T13:25:19.532+0000] {dagbag.py:545} INFO - Filling up the DagBag from /opt/airflow/dags/mlops_orchestration.py
[2026-04-20T13:25:19.554+0000] {processor.py:840} INFO - DAG(s) 'mlops_orchestration' retrieved from /opt/airflow/dags/mlops_orchestration.py
[2026-04-20T13:25:19.596+0000] {logging_mixin.py:188} INFO - [2026-04-20T13:25:19.596+0000] {dag.py:3096} INFO - Sync 1 DAGs
[2026-04-20T13:25:19.624+0000] {logging_mixin.py:188} INFO - [2026-04-20T13:25:19.624+0000] {dag.py:3954} INFO - Setting next_dagrun for mlops_orchestration to 2026-04-19 02:00:00+00:00, run_after=2026-04-20 02:00:00+00:00
[2026-04-20T13:25:19.644+0000] {processor.py:183} INFO - Processing /opt/airflow/dags/mlops_orchestration.py took 0.121 seconds
[2026-04-20T13:25:49.862+0000] {processor.py:161} INFO - Started process (PID=138) to work on /opt/airflow/dags/mlops_orchestration.py
[2026-04-20T13:25:49.863+0000] {processor.py:830} INFO - Processing file /opt/airflow/dags/mlops_orchestration.py for tasks to queue
[2026-04-20T13:25:49.865+0000] {logging_mixin.py:188} INFO - [2026-04-20T13:25:49.865+0000] {dagbag.py:545} INFO - Filling up the DagBag from /opt/airflow/dags/mlops_orchestration.py
[2026-04-20T13:25:49.886+0000] {processor.py:840} INFO - DAG(s) 'mlops_orchestration' retrieved from /opt/airflow/dags/mlops_orchestration.py
[2026-04-20T13:25:49.917+0000] {logging_mixin.py:188} INFO - [2026-04-20T13:25:49.917+0000] {dag.py:3096} INFO - Sync 1 DAGs
[2026-04-20T13:25:49.938+0000] {logging_mixin.py:188} INFO - [2026-04-20T13:25:49.938+0000] {dag.py:3954} INFO - Setting next_dagrun for mlops_orchestration to 2026-04-19 02:00:00+00:00, run_after=2026-04-20 02:00:00+00:00
[2026-04-20T13:25:49.956+0000] {processor.py:183} INFO - Processing /opt/airflow/dags/mlops_orchestration.py took 0.099 seconds
[2026-04-20T13:26:20.186+0000] {processor.py:161} INFO - Started process (PID=139) to work on /opt/airflow/dags/mlops_orchestration.py
[2026-04-20T13:26:20.187+0000] {processor.py:830} INFO - Processing file /opt/airflow/dags/mlops_orchestration.py for tasks to queue
[2026-04-20T13:26:20.190+0000] {logging_mixin.py:188} INFO - [2026-04-20T13:26:20.189+0000] {dagbag.py:545} INFO - Filling up the DagBag from /opt/airflow/dags/mlops_orchestration.py
[2026-04-20T13:26:20.212+0000] {processor.py:840} INFO - DAG(s) 'mlops_orchestration' retrieved from /opt/airflow/dags/mlops_orchestration.py
[2026-04-20T13:26:20.242+0000] {logging_mixin.py:188} INFO - [2026-04-20T13:26:20.242+0000] {dag.py:3096} INFO - Sync 1 DAGs
[2026-04-20T13:26:20.262+0000] {logging_mixin.py:188} INFO - [2026-04-20T13:26:20.261+0000] {dag.py:3954} INFO - Setting next_dagrun for mlops_orchestration to 2026-04-19 02:00:00+00:00, run_after=2026-04-20 02:00:00+00:00
[2026-04-20T13:26:20.283+0000] {processor.py:183} INFO - Processing /opt/airflow/dags/mlops_orchestration.py took 0.103 seconds
[2026-04-20T13:26:50.671+0000] {processor.py:161} INFO - Started process (PID=140) to work on /opt/airflow/dags/mlops_orchestration.py
[2026-04-20T13:26:50.677+0000] {processor.py:830} INFO - Processing file /opt/airflow/dags/mlops_orchestration.py for tasks to queue
[2026-04-20T13:26:50.689+0000] {logging_mixin.py:188} INFO - [2026-04-20T13:26:50.686+0000] {dagbag.py:545} INFO - Filling up the DagBag from /opt/airflow/dags/mlops_orchestration.py
[2026-04-20T13:26:50.778+0000] {processor.py:840} INFO - DAG(s) 'mlops_orchestration' retrieved from /opt/airflow/dags/mlops_orchestration.py
[2026-04-20T13:26:50.879+0000] {logging_mixin.py:188} INFO - [2026-04-20T13:26:50.878+0000] {dag.py:3096} INFO - Sync 1 DAGs
[2026-04-20T13:26:50.965+0000] {logging_mixin.py:188} INFO - [2026-04-20T13:26:50.964+0000] {dag.py:3954} INFO - Setting next_dagrun for mlops_orchestration to 2026-04-19 02:00:00+00:00, run_after=2026-04-20 02:00:00+00:00
[2026-04-20T13:26:51.101+0000] {processor.py:183} INFO - Processing /opt/airflow/dags/mlops_orchestration.py took 0.561 seconds
[2026-04-20T13:27:21.414+0000] {processor.py:161} INFO - Started process (PID=141) to work on /opt/airflow/dags/mlops_orchestration.py
[2026-04-20T13:27:21.986+0000] {processor.py:830} INFO - Processing file /opt/airflow/dags/mlops_orchestration.py for tasks to queue
[2026-04-20T13:27:21.991+0000] {logging_mixin.py:188} INFO - [2026-04-20T13:27:21.991+0000] {dagbag.py:545} INFO - Filling up the DagBag from /opt/airflow/dags/mlops_orchestration.py
[2026-04-20T13:27:22.046+0000] {processor.py:840} INFO - DAG(s) 'mlops_orchestration' retrieved from /opt/airflow/dags/mlops_orchestration.py
[2026-04-20T13:27:22.095+0000] {logging_mixin.py:188} INFO - [2026-04-20T13:27:22.095+0000] {dag.py:3096} INFO - Sync 1 DAGs
[2026-04-20T13:27:22.174+0000] {logging_mixin.py:188} INFO - [2026-04-20T13:27:22.173+0000] {dag.py:3954} INFO - Setting next_dagrun for mlops_orchestration to 2026-04-19 02:00:00+00:00, run_after=2026-04-20 02:00:00+00:00
[2026-04-20T13:27:22.297+0000] {processor.py:183} INFO - Processing /opt/airflow/dags/mlops_orchestration.py took 0.921 seconds
[2026-04-20T13:27:52.534+0000] {processor.py:161} INFO - Started process (PID=142) to work on /opt/airflow/dags/mlops_orchestration.py
[2026-04-20T13:27:52.535+0000] {processor.py:830} INFO - Processing file /opt/airflow/dags/mlops_orchestration.py for tasks to queue
[2026-04-20T13:27:52.558+0000] {logging_mixin.py:188} INFO - [2026-04-20T13:27:52.538+0000] {dagbag.py:545} INFO - Filling up the DagBag from /opt/airflow/dags/mlops_orchestration.py
[2026-04-20T13:27:52.637+0000] {processor.py:840} INFO - DAG(s) 'mlops_orchestration' retrieved from /opt/airflow/dags/mlops_orchestration.py
[2026-04-20T13:27:52.762+0000] {logging_mixin.py:188} INFO - [2026-04-20T13:27:52.762+0000] {dag.py:3096} INFO - Sync 1 DAGs
[2026-04-20T13:27:52.939+0000] {logging_mixin.py:188} INFO - [2026-04-20T13:27:52.939+0000] {dag.py:3954} INFO - Setting next_dagrun for mlops_orchestration to 2026-04-19 02:00:00+00:00, run_after=2026-04-20 02:00:00+00:00
[2026-04-20T13:27:52.969+0000] {processor.py:183} INFO - Processing /opt/airflow/dags/mlops_orchestration.py took 0.455 seconds
[2026-04-20T13:28:23.132+0000] {processor.py:161} INFO - Started process (PID=143) to work on /opt/airflow/dags/mlops_orchestration.py
[2026-04-20T13:28:23.133+0000] {processor.py:830} INFO - Processing file /opt/airflow/dags/mlops_orchestration.py for tasks to queue
[2026-04-20T13:28:23.156+0000] {logging_mixin.py:188} INFO - [2026-04-20T13:28:23.135+0000] {dagbag.py:545} INFO - Filling up the DagBag from /opt/airflow/dags/mlops_orchestration.py
[2026-04-20T13:28:23.287+0000] {processor.py:840} INFO - DAG(s) 'mlops_orchestration' retrieved from /opt/airflow/dags/mlops_orchestration.py
[2026-04-20T13:28:23.344+0000] {logging_mixin.py:188} INFO - [2026-04-20T13:28:23.344+0000] {dag.py:3096} INFO - Sync 1 DAGs
[2026-04-20T13:28:23.370+0000] {logging_mixin.py:188} INFO - [2026-04-20T13:28:23.369+0000] {dag.py:3954} INFO - Setting next_dagrun for mlops_orchestration to 2026-04-19 02:00:00+00:00, run_after=2026-04-20 02:00:00+00:00
[2026-04-20T13:28:23.788+0000] {processor.py:183} INFO - Processing /opt/airflow/dags/mlops_orchestration.py took 0.663 seconds
[2026-04-20T13:28:53.905+0000] {processor.py:161} INFO - Started process (PID=144) to work on /opt/airflow/dags/mlops_orchestration.py
[2026-04-20T13:28:53.906+0000] {processor.py:830} INFO - Processing file /opt/airflow/dags/mlops_orchestration.py for tasks to queue
[2026-04-20T13:28:53.908+0000] {logging_mixin.py:188} INFO - [2026-04-20T13:28:53.908+0000] {dagbag.py:545} INFO - Filling up the DagBag from /opt/airflow/dags/mlops_orchestration.py
[2026-04-20T13:28:53.938+0000] {processor.py:840} INFO - DAG(s) 'mlops_orchestration' retrieved from /opt/airflow/dags/mlops_orchestration.py
[2026-04-20T13:28:53.977+0000] {logging_mixin.py:188} INFO - [2026-04-20T13:28:53.977+0000] {dag.py:3096} INFO - Sync 1 DAGs
[2026-04-20T13:28:54.001+0000] {logging_mixin.py:188} INFO - [2026-04-20T13:28:54.001+0000] {dag.py:3954} INFO - Setting next_dagrun for mlops_orchestration to 2026-04-19 02:00:00+00:00, run_after=2026-04-20 02:00:00+00:00
[2026-04-20T13:28:54.029+0000] {processor.py:183} INFO - Processing /opt/airflow/dags/mlops_orchestration.py took 0.131 seconds
[2026-04-20T13:29:24.199+0000] {processor.py:161} INFO - Started process (PID=145) to work on /opt/airflow/dags/mlops_orchestration.py
[2026-04-20T13:29:24.200+0000] {processor.py:830} INFO - Processing file /opt/airflow/dags/mlops_orchestration.py for tasks to queue
[2026-04-20T13:29:24.205+0000] {logging_mixin.py:188} INFO - [2026-04-20T13:29:24.204+0000] {dagbag.py:545} INFO - Filling up the DagBag from /opt/airflow/dags/mlops_orchestration.py
[2026-04-20T13:29:24.259+0000] {processor.py:840} INFO - DAG(s) 'mlops_orchestration' retrieved from /opt/airflow/dags/mlops_orchestration.py
[2026-04-20T13:29:24.311+0000] {logging_mixin.py:188} INFO - [2026-04-20T13:29:24.310+0000] {dag.py:3096} INFO - Sync 1 DAGs
[2026-04-20T13:29:24.356+0000] {logging_mixin.py:188} INFO - [2026-04-20T13:29:24.356+0000] {dag.py:3954} INFO - Setting next_dagrun for mlops_orchestration to 2026-04-19 02:00:00+00:00, run_after=2026-04-20 02:00:00+00:00
[2026-04-20T13:29:24.388+0000] {processor.py:183} INFO - Processing /opt/airflow/dags/mlops_orchestration.py took 0.205 seconds
[2026-04-20T13:29:54.565+0000] {processor.py:161} INFO - Started process (PID=146) to work on /opt/airflow/dags/mlops_orchestration.py
[2026-04-20T13:29:54.566+0000] {processor.py:830} INFO - Processing file /opt/airflow/dags/mlops_orchestration.py for tasks to queue
[2026-04-20T13:29:54.569+0000] {logging_mixin.py:188} INFO - [2026-04-20T13:29:54.569+0000] {dagbag.py:545} INFO - Filling up the DagBag from /opt/airflow/dags/mlops_orchestration.py
[2026-04-20T13:29:54.602+0000] {processor.py:840} INFO - DAG(s) 'mlops_orchestration' retrieved from /opt/airflow/dags/mlops_orchestration.py
[2026-04-20T13:29:54.649+0000] {logging_mixin.py:188} INFO - [2026-04-20T13:29:54.648+0000] {dag.py:3096} INFO - Sync 1 DAGs
[2026-04-20T13:29:54.681+0000] {logging_mixin.py:188} INFO - [2026-04-20T13:29:54.681+0000] {dag.py:3954} INFO - Setting next_dagrun for mlops_orchestration to 2026-04-19 02:00:00+00:00, run_after=2026-04-20 02:00:00+00:00
[2026-04-20T13:29:54.700+0000] {processor.py:183} INFO - Processing /opt/airflow/dags/mlops_orchestration.py took 0.142 seconds
[2026-04-20T13:30:24.826+0000] {processor.py:161} INFO - Started process (PID=147) to work on /opt/airflow/dags/mlops_orchestration.py
[2026-04-20T13:30:24.827+0000] {processor.py:830} INFO - Processing file /opt/airflow/dags/mlops_orchestration.py for tasks to queue
[2026-04-20T13:30:24.830+0000] {logging_mixin.py:188} INFO - [2026-04-20T13:30:24.829+0000] {dagbag.py:545} INFO - Filling up the DagBag from /opt/airflow/dags/mlops_orchestration.py
[2026-04-20T13:30:24.865+0000] {processor.py:840} INFO - DAG(s) 'mlops_orchestration' retrieved from /opt/airflow/dags/mlops_orchestration.py
[2026-04-20T13:30:24.902+0000] {logging_mixin.py:188} INFO - [2026-04-20T13:30:24.902+0000] {dag.py:3096} INFO - Sync 1 DAGs
[2026-04-20T13:30:24.926+0000] {logging_mixin.py:188} INFO - [2026-04-20T13:30:24.925+0000] {dag.py:3954} INFO - Setting next_dagrun for mlops_orchestration to 2026-04-19 02:00:00+00:00, run_after=2026-04-20 02:00:00+00:00
[2026-04-20T13:30:24.948+0000] {processor.py:183} INFO - Processing /opt/airflow/dags/mlops_orchestration.py took 0.130 seconds
[2026-04-20T13:30:55.229+0000] {processor.py:161} INFO - Started process (PID=148) to work on /opt/airflow/dags/mlops_orchestration.py
[2026-04-20T13:30:55.236+0000] {processor.py:830} INFO - Processing file /opt/airflow/dags/mlops_orchestration.py for tasks to queue
[2026-04-20T13:30:55.252+0000] {logging_mixin.py:188} INFO - [2026-04-20T13:30:55.240+0000] {dagbag.py:545} INFO - Filling up the DagBag from /opt/airflow/dags/mlops_orchestration.py
[2026-04-20T13:30:55.352+0000] {processor.py:840} INFO - DAG(s) 'mlops_orchestration' retrieved from /opt/airflow/dags/mlops_orchestration.py
[2026-04-20T13:30:55.482+0000] {logging_mixin.py:188} INFO - [2026-04-20T13:30:55.481+0000] {dag.py:3096} INFO - Sync 1 DAGs
[2026-04-20T13:30:55.545+0000] {logging_mixin.py:188} INFO - [2026-04-20T13:30:55.545+0000] {dag.py:3954} INFO - Setting next_dagrun for mlops_orchestration to 2026-04-19 02:00:00+00:00, run_after=2026-04-20 02:00:00+00:00
[2026-04-20T13:30:55.575+0000] {processor.py:183} INFO - Processing /opt/airflow/dags/mlops_orchestration.py took 0.380 seconds
[2026-04-20T13:31:25.713+0000] {processor.py:161} INFO - Started process (PID=149) to work on /opt/airflow/dags/mlops_orchestration.py
[2026-04-20T13:31:25.715+0000] {processor.py:830} INFO - Processing file /opt/airflow/dags/mlops_orchestration.py for tasks to queue
[2026-04-20T13:31:25.718+0000] {logging_mixin.py:188} INFO - [2026-04-20T13:31:25.717+0000] {dagbag.py:545} INFO - Filling up the DagBag from /opt/airflow/dags/mlops_orchestration.py
[2026-04-20T13:31:25.756+0000] {processor.py:840} INFO - DAG(s) 'mlops_orchestration' retrieved from /opt/airflow/dags/mlops_orchestration.py
[2026-04-20T13:31:25.804+0000] {logging_mixin.py:188} INFO - [2026-04-20T13:31:25.804+0000] {dag.py:3096} INFO - Sync 1 DAGs
[2026-04-20T13:31:25.845+0000] {logging_mixin.py:188} INFO - [2026-04-20T13:31:25.845+0000] {dag.py:3954} INFO - Setting next_dagrun for mlops_orchestration to 2026-04-19 02:00:00+00:00, run_after=2026-04-20 02:00:00+00:00
[2026-04-20T13:31:25.872+0000] {processor.py:183} INFO - Processing /opt/airflow/dags/mlops_orchestration.py took 0.166 seconds
[2026-04-20T13:31:56.221+0000] {processor.py:161} INFO - Started process (PID=150) to work on /opt/airflow/dags/mlops_orchestration.py
[2026-04-20T13:31:56.226+0000] {processor.py:830} INFO - Processing file /opt/airflow/dags/mlops_orchestration.py for tasks to queue
[2026-04-20T13:31:56.230+0000] {logging_mixin.py:188} INFO - [2026-04-20T13:31:56.229+0000] {dagbag.py:545} INFO - Filling up the DagBag from /opt/airflow/dags/mlops_orchestration.py
[2026-04-20T13:31:56.408+0000] {processor.py:840} INFO - DAG(s) 'mlops_orchestration' retrieved from /opt/airflow/dags/mlops_orchestration.py
[2026-04-20T13:31:56.542+0000] {logging_mixin.py:188} INFO - [2026-04-20T13:31:56.541+0000] {dag.py:3096} INFO - Sync 1 DAGs
[2026-04-20T13:31:56.637+0000] {logging_mixin.py:188} INFO - [2026-04-20T13:31:56.635+0000] {dag.py:3954} INFO - Setting next_dagrun for mlops_orchestration to 2026-04-19 02:00:00+00:00, run_after=2026-04-20 02:00:00+00:00
[2026-04-20T13:31:56.733+0000] {processor.py:183} INFO - Processing /opt/airflow/dags/mlops_orchestration.py took 0.540 seconds
[2026-04-20T13:32:27.051+0000] {processor.py:161} INFO - Started process (PID=151) to work on /opt/airflow/dags/mlops_orchestration.py
[2026-04-20T13:32:27.054+0000] {processor.py:830} INFO - Processing file /opt/airflow/dags/mlops_orchestration.py for tasks to queue
[2026-04-20T13:32:27.067+0000] {logging_mixin.py:188} INFO - [2026-04-20T13:32:27.066+0000] {dagbag.py:545} INFO - Filling up the DagBag from /opt/airflow/dags/mlops_orchestration.py
[2026-04-20T13:32:27.174+0000] {processor.py:840} INFO - DAG(s) 'mlops_orchestration' retrieved from /opt/airflow/dags/mlops_orchestration.py
[2026-04-20T13:32:27.277+0000] {logging_mixin.py:188} INFO - [2026-04-20T13:32:27.277+0000] {dag.py:3096} INFO - Sync 1 DAGs
[2026-04-20T13:32:27.333+0000] {logging_mixin.py:188} INFO - [2026-04-20T13:32:27.333+0000] {dag.py:3954} INFO - Setting next_dagrun for mlops_orchestration to 2026-04-19 02:00:00+00:00, run_after=2026-04-20 02:00:00+00:00
[2026-04-20T13:32:27.394+0000] {processor.py:183} INFO - Processing /opt/airflow/dags/mlops_orchestration.py took 0.358 seconds
[2026-04-20T13:32:57.608+0000] {processor.py:161} INFO - Started process (PID=152) to work on /opt/airflow/dags/mlops_orchestration.py
[2026-04-20T13:32:57.611+0000] {processor.py:830} INFO - Processing file /opt/airflow/dags/mlops_orchestration.py for tasks to queue
[2026-04-20T13:32:57.617+0000] {logging_mixin.py:188} INFO - [2026-04-20T13:32:57.615+0000] {dagbag.py:545} INFO - Filling up the DagBag from /opt/airflow/dags/mlops_orchestration.py
[2026-04-20T13:32:57.702+0000] {processor.py:840} INFO - DAG(s) 'mlops_orchestration' retrieved from /opt/airflow/dags/mlops_orchestration.py
[2026-04-20T13:32:57.803+0000] {logging_mixin.py:188} INFO - [2026-04-20T13:32:57.802+0000] {dag.py:3096} INFO - Sync 1 DAGs
[2026-04-20T13:32:58.087+0000] {logging_mixin.py:188} INFO - [2026-04-20T13:32:58.087+0000] {dag.py:3954} INFO - Setting next_dagrun for mlops_orchestration to 2026-04-19 02:00:00+00:00, run_after=2026-04-20 02:00:00+00:00
[2026-04-20T13:32:58.173+0000] {processor.py:183} INFO - Processing /opt/airflow/dags/mlops_orchestration.py took 0.582 seconds
[2026-04-20T13:33:28.460+0000] {processor.py:161} INFO - Started process (PID=153) to work on /opt/airflow/dags/mlops_orchestration.py
[2026-04-20T13:33:28.462+0000] {processor.py:830} INFO - Processing file /opt/airflow/dags/mlops_orchestration.py for tasks to queue
[2026-04-20T13:33:28.471+0000] {logging_mixin.py:188} INFO - [2026-04-20T13:33:28.470+0000] {dagbag.py:545} INFO - Filling up the DagBag from /opt/airflow/dags/mlops_orchestration.py
[2026-04-20T13:33:28.647+0000] {processor.py:840} INFO - DAG(s) 'mlops_orchestration' retrieved from /opt/airflow/dags/mlops_orchestration.py
[2026-04-20T13:33:28.776+0000] {logging_mixin.py:188} INFO - [2026-04-20T13:33:28.776+0000] {dag.py:3096} INFO - Sync 1 DAGs
[2026-04-20T13:33:28.860+0000] {logging_mixin.py:188} INFO - [2026-04-20T13:33:28.858+0000] {dag.py:3954} INFO - Setting next_dagrun for mlops_orchestration to 2026-04-19 02:00:00+00:00, run_after=2026-04-20 02:00:00+00:00
[2026-04-20T13:33:28.944+0000] {processor.py:183} INFO - Processing /opt/airflow/dags/mlops_orchestration.py took 0.498 seconds
[2026-04-20T13:33:59.239+0000] {processor.py:161} INFO - Started process (PID=154) to work on /opt/airflow/dags/mlops_orchestration.py
[2026-04-20T13:33:59.242+0000] {processor.py:830} INFO - Processing file /opt/airflow/dags/mlops_orchestration.py for tasks to queue
[2026-04-20T13:33:59.247+0000] {logging_mixin.py:188} INFO - [2026-04-20T13:33:59.246+0000] {dagbag.py:545} INFO - Filling up the DagBag from /opt/airflow/dags/mlops_orchestration.py
[2026-04-20T13:33:59.333+0000] {processor.py:840} INFO - DAG(s) 'mlops_orchestration' retrieved from /opt/airflow/dags/mlops_orchestration.py
[2026-04-20T13:33:59.450+0000] {logging_mixin.py:188} INFO - [2026-04-20T13:33:59.450+0000] {dag.py:3096} INFO - Sync 1 DAGs
[2026-04-20T13:33:59.540+0000] {logging_mixin.py:188} INFO - [2026-04-20T13:33:59.539+0000] {dag.py:3954} INFO - Setting next_dagrun for mlops_orchestration to 2026-04-19 02:00:00+00:00, run_after=2026-04-20 02:00:00+00:00
[2026-04-20T13:33:59.603+0000] {processor.py:183} INFO - Processing /opt/airflow/dags/mlops_orchestration.py took 0.392 seconds
[2026-04-20T13:34:29.933+0000] {processor.py:161} INFO - Started process (PID=155) to work on /opt/airflow/dags/mlops_orchestration.py
[2026-04-20T13:34:29.936+0000] {processor.py:830} INFO - Processing file /opt/airflow/dags/mlops_orchestration.py for tasks to queue
[2026-04-20T13:34:29.944+0000] {logging_mixin.py:188} INFO - [2026-04-20T13:34:29.943+0000] {dagbag.py:545} INFO - Filling up the DagBag from /opt/airflow/dags/mlops_orchestration.py
[2026-04-20T13:34:30.021+0000] {processor.py:840} INFO - DAG(s) 'mlops_orchestration' retrieved from /opt/airflow/dags/mlops_orchestration.py
[2026-04-20T13:34:30.167+0000] {logging_mixin.py:188} INFO - [2026-04-20T13:34:30.166+0000] {dag.py:3096} INFO - Sync 1 DAGs
[2026-04-20T13:34:30.246+0000] {logging_mixin.py:188} INFO - [2026-04-20T13:34:30.246+0000] {dag.py:3954} INFO - Setting next_dagrun for mlops_orchestration to 2026-04-19 02:00:00+00:00, run_after=2026-04-20 02:00:00+00:00
[2026-04-20T13:34:30.332+0000] {processor.py:183} INFO - Processing /opt/airflow/dags/mlops_orchestration.py took 0.436 seconds
[2026-04-20T13:35:00.746+0000] {processor.py:161} INFO - Started process (PID=156) to work on /opt/airflow/dags/mlops_orchestration.py
[2026-04-20T13:35:00.751+0000] {processor.py:830} INFO - Processing file /opt/airflow/dags/mlops_orchestration.py for tasks to queue
[2026-04-20T13:35:00.797+0000] {logging_mixin.py:188} INFO - [2026-04-20T13:35:00.791+0000] {dagbag.py:545} INFO - Filling up the DagBag from /opt/airflow/dags/mlops_orchestration.py
[2026-04-20T13:35:00.905+0000] {processor.py:840} INFO - DAG(s) 'mlops_orchestration' retrieved from /opt/airflow/dags/mlops_orchestration.py
[2026-04-20T13:35:01.040+0000] {logging_mixin.py:188} INFO - [2026-04-20T13:35:01.039+0000] {dag.py:3096} INFO - Sync 1 DAGs
[2026-04-20T13:35:01.118+0000] {logging_mixin.py:188} INFO - [2026-04-20T13:35:01.118+0000] {dag.py:3954} INFO - Setting next_dagrun for mlops_orchestration to 2026-04-19 02:00:00+00:00, run_after=2026-04-20 02:00:00+00:00
[2026-04-20T13:35:01.203+0000] {processor.py:183} INFO - Processing /opt/airflow/dags/mlops_orchestration.py took 0.601 seconds
[2026-04-20T13:35:31.544+0000] {processor.py:161} INFO - Started process (PID=157) to work on /opt/airflow/dags/mlops_orchestration.py
[2026-04-20T13:35:31.547+0000] {processor.py:830} INFO - Processing file /opt/airflow/dags/mlops_orchestration.py for tasks to queue
[2026-04-20T13:35:31.558+0000] {logging_mixin.py:188} INFO - [2026-04-20T13:35:31.556+0000] {dagbag.py:545} INFO - Filling up the DagBag from /opt/airflow/dags/mlops_orchestration.py
[2026-04-20T13:35:31.688+0000] {processor.py:840} INFO - DAG(s) 'mlops_orchestration' retrieved from /opt/airflow/dags/mlops_orchestration.py
[2026-04-20T13:35:31.812+0000] {logging_mixin.py:188} INFO - [2026-04-20T13:35:31.812+0000] {dag.py:3096} INFO - Sync 1 DAGs
[2026-04-20T13:35:31.870+0000] {logging_mixin.py:188} INFO - [2026-04-20T13:35:31.869+0000] {dag.py:3954} INFO - Setting next_dagrun for mlops_orchestration to 2026-04-19 02:00:00+00:00, run_after=2026-04-20 02:00:00+00:00
[2026-04-20T13:35:31.931+0000] {processor.py:183} INFO - Processing /opt/airflow/dags/mlops_orchestration.py took 0.453 seconds
[2026-04-20T13:36:02.228+0000] {processor.py:161} INFO - Started process (PID=158) to work on /opt/airflow/dags/mlops_orchestration.py
[2026-04-20T13:36:02.232+0000] {processor.py:830} INFO - Processing file /opt/airflow/dags/mlops_orchestration.py for tasks to queue
[2026-04-20T13:36:02.273+0000] {logging_mixin.py:188} INFO - [2026-04-20T13:36:02.271+0000] {dagbag.py:545} INFO - Filling up the DagBag from /opt/airflow/dags/mlops_orchestration.py
[2026-04-20T13:36:02.396+0000] {processor.py:840} INFO - DAG(s) 'mlops_orchestration' retrieved from /opt/airflow/dags/mlops_orchestration.py
[2026-04-20T13:36:02.595+0000] {logging_mixin.py:188} INFO - [2026-04-20T13:36:02.595+0000] {dag.py:3096} INFO - Sync 1 DAGs
[2026-04-20T13:36:02.702+0000] {logging_mixin.py:188} INFO - [2026-04-20T13:36:02.701+0000] {dag.py:3954} INFO - Setting next_dagrun for mlops_orchestration to 2026-04-19 02:00:00+00:00, run_after=2026-04-20 02:00:00+00:00
[2026-04-20T13:36:02.770+0000] {processor.py:183} INFO - Processing /opt/airflow/dags/mlops_orchestration.py took 0.559 seconds
[2026-04-20T13:36:33.030+0000] {processor.py:161} INFO - Started process (PID=159) to work on /opt/airflow/dags/mlops_orchestration.py
[2026-04-20T13:36:33.032+0000] {processor.py:830} INFO - Processing file /opt/airflow/dags/mlops_orchestration.py for tasks to queue
[2026-04-20T13:36:33.047+0000] {logging_mixin.py:188} INFO - [2026-04-20T13:36:33.043+0000] {dagbag.py:545} INFO - Filling up the DagBag from /opt/airflow/dags/mlops_orchestration.py
[2026-04-20T13:36:33.214+0000] {processor.py:840} INFO - DAG(s) 'mlops_orchestration' retrieved from /opt/airflow/dags/mlops_orchestration.py
[2026-04-20T13:36:33.362+0000] {logging_mixin.py:188} INFO - [2026-04-20T13:36:33.360+0000] {dag.py:3096} INFO - Sync 1 DAGs
[2026-04-20T13:36:33.485+0000] {logging_mixin.py:188} INFO - [2026-04-20T13:36:33.484+0000] {dag.py:3954} INFO - Setting next_dagrun for mlops_orchestration to 2026-04-19 02:00:00+00:00, run_after=2026-04-20 02:00:00+00:00
[2026-04-20T13:36:33.608+0000] {processor.py:183} INFO - Processing /opt/airflow/dags/mlops_orchestration.py took 0.613 seconds
[2026-04-20T13:37:03.882+0000] {processor.py:161} INFO - Started process (PID=160) to work on /opt/airflow/dags/mlops_orchestration.py
[2026-04-20T13:37:03.884+0000] {processor.py:830} INFO - Processing file /opt/airflow/dags/mlops_orchestration.py for tasks to queue
[2026-04-20T13:37:03.890+0000] {logging_mixin.py:188} INFO - [2026-04-20T13:37:03.889+0000] {dagbag.py:545} INFO - Filling up the DagBag from /opt/airflow/dags/mlops_orchestration.py
[2026-04-20T13:37:03.959+0000] {processor.py:840} INFO - DAG(s) 'mlops_orchestration' retrieved from /opt/airflow/dags/mlops_orchestration.py
[2026-04-20T13:37:04.071+0000] {logging_mixin.py:188} INFO - [2026-04-20T13:37:04.068+0000] {dag.py:3096} INFO - Sync 1 DAGs
[2026-04-20T13:37:04.136+0000] {logging_mixin.py:188} INFO - [2026-04-20T13:37:04.135+0000] {dag.py:3954} INFO - Setting next_dagrun for mlops_orchestration to 2026-04-19 02:00:00+00:00, run_after=2026-04-20 02:00:00+00:00
[2026-04-20T13:37:04.202+0000] {processor.py:183} INFO - Processing /opt/airflow/dags/mlops_orchestration.py took 0.343 seconds
[2026-04-20T13:37:34.446+0000] {processor.py:161} INFO - Started process (PID=161) to work on /opt/airflow/dags/mlops_orchestration.py
[2026-04-20T13:37:34.448+0000] {processor.py:830} INFO - Processing file /opt/airflow/dags/mlops_orchestration.py for tasks to queue
[2026-04-20T13:37:34.452+0000] {logging_mixin.py:188} INFO - [2026-04-20T13:37:34.451+0000] {dagbag.py:545} INFO - Filling up the DagBag from /opt/airflow/dags/mlops_orchestration.py
[2026-04-20T13:37:34.544+0000] {processor.py:840} INFO - DAG(s) 'mlops_orchestration' retrieved from /opt/airflow/dags/mlops_orchestration.py
[2026-04-20T13:37:34.646+0000] {logging_mixin.py:188} INFO - [2026-04-20T13:37:34.645+0000] {dag.py:3096} INFO - Sync 1 DAGs
[2026-04-20T13:37:34.724+0000] {logging_mixin.py:188} INFO - [2026-04-20T13:37:34.723+0000] {dag.py:3954} INFO - Setting next_dagrun for mlops_orchestration to 2026-04-19 02:00:00+00:00, run_after=2026-04-20 02:00:00+00:00
[2026-04-20T13:37:34.789+0000] {processor.py:183} INFO - Processing /opt/airflow/dags/mlops_orchestration.py took 0.362 seconds
[2026-04-20T13:38:04.876+0000] {processor.py:161} INFO - Started process (PID=162) to work on /opt/airflow/dags/mlops_orchestration.py
[2026-04-20T13:38:04.879+0000] {processor.py:830} INFO - Processing file /opt/airflow/dags/mlops_orchestration.py for tasks to queue
[2026-04-20T13:38:04.882+0000] {logging_mixin.py:188} INFO - [2026-04-20T13:38:04.881+0000] {dagbag.py:545} INFO - Filling up the DagBag from /opt/airflow/dags/mlops_orchestration.py
[2026-04-20T13:38:04.922+0000] {processor.py:840} INFO - DAG(s) 'mlops_orchestration' retrieved from /opt/airflow/dags/mlops_orchestration.py
[2026-04-20T13:38:04.983+0000] {logging_mixin.py:188} INFO - [2026-04-20T13:38:04.982+0000] {dag.py:3096} INFO - Sync 1 DAGs
[2026-04-20T13:38:05.090+0000] {logging_mixin.py:188} INFO - [2026-04-20T13:38:05.089+0000] {dag.py:3954} INFO - Setting next_dagrun for mlops_orchestration to 2026-04-19 02:00:00+00:00, run_after=2026-04-20 02:00:00+00:00
[2026-04-20T13:38:05.302+0000] {processor.py:183} INFO - Processing /opt/airflow/dags/mlops_orchestration.py took 0.436 seconds
[2026-04-20T13:38:35.459+0000] {processor.py:161} INFO - Started process (PID=163) to work on /opt/airflow/dags/mlops_orchestration.py
[2026-04-20T13:38:35.461+0000] {processor.py:830} INFO - Processing file /opt/airflow/dags/mlops_orchestration.py for tasks to queue
[2026-04-20T13:38:35.468+0000] {logging_mixin.py:188} INFO - [2026-04-20T13:38:35.467+0000] {dagbag.py:545} INFO - Filling up the DagBag from /opt/airflow/dags/mlops_orchestration.py
[2026-04-20T13:38:35.499+0000] {processor.py:840} INFO - DAG(s) 'mlops_orchestration' retrieved from /opt/airflow/dags/mlops_orchestration.py
[2026-04-20T13:38:35.545+0000] {logging_mixin.py:188} INFO - [2026-04-20T13:38:35.545+0000] {dag.py:3096} INFO - Sync 1 DAGs
[2026-04-20T13:38:35.575+0000] {logging_mixin.py:188} INFO - [2026-04-20T13:38:35.575+0000] {dag.py:3954} INFO - Setting next_dagrun for mlops_orchestration to 2026-04-19 02:00:00+00:00, run_after=2026-04-20 02:00:00+00:00
[2026-04-20T13:38:35.608+0000] {processor.py:183} INFO - Processing /opt/airflow/dags/mlops_orchestration.py took 0.158 seconds
[2026-04-20T13:39:05.775+0000] {processor.py:161} INFO - Started process (PID=164) to work on /opt/airflow/dags/mlops_orchestration.py
[2026-04-20T13:39:05.776+0000] {processor.py:830} INFO - Processing file /opt/airflow/dags/mlops_orchestration.py for tasks to queue
[2026-04-20T13:39:05.778+0000] {logging_mixin.py:188} INFO - [2026-04-20T13:39:05.777+0000] {dagbag.py:545} INFO - Filling up the DagBag from /opt/airflow/dags/mlops_orchestration.py
[2026-04-20T13:39:05.803+0000] {processor.py:840} INFO - DAG(s) 'mlops_orchestration' retrieved from /opt/airflow/dags/mlops_orchestration.py
[2026-04-20T13:39:05.839+0000] {logging_mixin.py:188} INFO - [2026-04-20T13:39:05.839+0000] {dag.py:3096} INFO - Sync 1 DAGs
[2026-04-20T13:39:05.862+0000] {logging_mixin.py:188} INFO - [2026-04-20T13:39:05.861+0000] {dag.py:3954} INFO - Setting next_dagrun for mlops_orchestration to 2026-04-19 02:00:00+00:00, run_after=2026-04-20 02:00:00+00:00
[2026-04-20T13:39:05.886+0000] {processor.py:183} INFO - Processing /opt/airflow/dags/mlops_orchestration.py took 0.123 seconds
[2026-04-20T13:39:36.048+0000] {processor.py:161} INFO - Started process (PID=165) to work on /opt/airflow/dags/mlops_orchestration.py
[2026-04-20T13:39:36.052+0000] {processor.py:830} INFO - Processing file /opt/airflow/dags/mlops_orchestration.py for tasks to queue
[2026-04-20T13:39:36.054+0000] {logging_mixin.py:188} INFO - [2026-04-20T13:39:36.054+0000] {dagbag.py:545} INFO - Filling up the DagBag from /opt/airflow/dags/mlops_orchestration.py
[2026-04-20T13:39:36.084+0000] {processor.py:840} INFO - DAG(s) 'mlops_orchestration' retrieved from /opt/airflow/dags/mlops_orchestration.py
[2026-04-20T13:39:36.125+0000] {logging_mixin.py:188} INFO - [2026-04-20T13:39:36.125+0000] {dag.py:3096} INFO - Sync 1 DAGs
[2026-04-20T13:39:36.168+0000] {logging_mixin.py:188} INFO - [2026-04-20T13:39:36.168+0000] {dag.py:3954} INFO - Setting next_dagrun for mlops_orchestration to 2026-04-19 02:00:00+00:00, run_after=2026-04-20 02:00:00+00:00
[2026-04-20T13:39:36.190+0000] {processor.py:183} INFO - Processing /opt/airflow/dags/mlops_orchestration.py took 0.149 seconds
[2026-04-20T13:40:06.331+0000] {processor.py:161} INFO - Started process (PID=166) to work on /opt/airflow/dags/mlops_orchestration.py
[2026-04-20T13:40:06.332+0000] {processor.py:830} INFO - Processing file /opt/airflow/dags/mlops_orchestration.py for tasks to queue
[2026-04-20T13:40:06.335+0000] {logging_mixin.py:188} INFO - [2026-04-20T13:40:06.335+0000] {dagbag.py:545} INFO - Filling up the DagBag from /opt/airflow/dags/mlops_orchestration.py
[2026-04-20T13:40:06.359+0000] {processor.py:840} INFO - DAG(s) 'mlops_orchestration' retrieved from /opt/airflow/dags/mlops_orchestration.py
[2026-04-20T13:40:06.395+0000] {logging_mixin.py:188} INFO - [2026-04-20T13:40:06.395+0000] {dag.py:3096} INFO - Sync 1 DAGs
[2026-04-20T13:40:06.418+0000] {logging_mixin.py:188} INFO - [2026-04-20T13:40:06.417+0000] {dag.py:3954} INFO - Setting next_dagrun for mlops_orchestration to 2026-04-19 02:00:00+00:00, run_after=2026-04-20 02:00:00+00:00
[2026-04-20T13:40:06.446+0000] {processor.py:183} INFO - Processing /opt/airflow/dags/mlops_orchestration.py took 0.122 seconds
[2026-04-20T13:40:36.606+0000] {processor.py:161} INFO - Started process (PID=167) to work on /opt/airflow/dags/mlops_orchestration.py
[2026-04-20T13:40:36.607+0000] {processor.py:830} INFO - Processing file /opt/airflow/dags/mlops_orchestration.py for tasks to queue
[2026-04-20T13:40:36.611+0000] {logging_mixin.py:188} INFO - [2026-04-20T13:40:36.610+0000] {dagbag.py:545} INFO - Filling up the DagBag from /opt/airflow/dags/mlops_orchestration.py
[2026-04-20T13:40:36.643+0000] {processor.py:840} INFO - DAG(s) 'mlops_orchestration' retrieved from /opt/airflow/dags/mlops_orchestration.py
[2026-04-20T13:40:36.677+0000] {logging_mixin.py:188} INFO - [2026-04-20T13:40:36.676+0000] {dag.py:3096} INFO - Sync 1 DAGs
[2026-04-20T13:40:36.696+0000] {logging_mixin.py:188} INFO - [2026-04-20T13:40:36.696+0000] {dag.py:3954} INFO - Setting next_dagrun for mlops_orchestration to 2026-04-19 02:00:00+00:00, run_after=2026-04-20 02:00:00+00:00
[2026-04-20T13:40:36.717+0000] {processor.py:183} INFO - Processing /opt/airflow/dags/mlops_orchestration.py took 0.118 seconds
[2026-04-20T13:41:06.871+0000] {processor.py:161} INFO - Started process (PID=168) to work on /opt/airflow/dags/mlops_orchestration.py
[2026-04-20T13:41:06.872+0000] {processor.py:830} INFO - Processing file /opt/airflow/dags/mlops_orchestration.py for tasks to queue
[2026-04-20T13:41:06.875+0000] {logging_mixin.py:188} INFO - [2026-04-20T13:41:06.874+0000] {dagbag.py:545} INFO - Filling up the DagBag from /opt/airflow/dags/mlops_orchestration.py
[2026-04-20T13:41:06.899+0000] {processor.py:840} INFO - DAG(s) 'mlops_orchestration' retrieved from /opt/airflow/dags/mlops_orchestration.py
[2026-04-20T13:41:06.932+0000] {logging_mixin.py:188} INFO - [2026-04-20T13:41:06.932+0000] {dag.py:3096} INFO - Sync 1 DAGs
[2026-04-20T13:41:06.956+0000] {logging_mixin.py:188} INFO - [2026-04-20T13:41:06.956+0000] {dag.py:3954} INFO - Setting next_dagrun for mlops_orchestration to 2026-04-19 02:00:00+00:00, run_after=2026-04-20 02:00:00+00:00
[2026-04-20T13:41:06.981+0000] {processor.py:183} INFO - Processing /opt/airflow/dags/mlops_orchestration.py took 0.118 seconds
[2026-04-20T13:41:37.137+0000] {processor.py:161} INFO - Started process (PID=169) to work on /opt/airflow/dags/mlops_orchestration.py
[2026-04-20T13:41:37.139+0000] {processor.py:830} INFO - Processing file /opt/airflow/dags/mlops_orchestration.py for tasks to queue
[2026-04-20T13:41:37.142+0000] {logging_mixin.py:188} INFO - [2026-04-20T13:41:37.141+0000] {dagbag.py:545} INFO - Filling up the DagBag from /opt/airflow/dags/mlops_orchestration.py
[2026-04-20T13:41:37.165+0000] {processor.py:840} INFO - DAG(s) 'mlops_orchestration' retrieved from /opt/airflow/dags/mlops_orchestration.py
[2026-04-20T13:41:37.199+0000] {logging_mixin.py:188} INFO - [2026-04-20T13:41:37.199+0000] {dag.py:3096} INFO - Sync 1 DAGs
[2026-04-20T13:41:37.219+0000] {logging_mixin.py:188} INFO - [2026-04-20T13:41:37.219+0000] {dag.py:3954} INFO - Setting next_dagrun for mlops_orchestration to 2026-04-19 02:00:00+00:00, run_after=2026-04-20 02:00:00+00:00
[2026-04-20T13:41:37.242+0000] {processor.py:183} INFO - Processing /opt/airflow/dags/mlops_orchestration.py took 0.110 seconds
[2026-04-20T13:42:07.428+0000] {processor.py:161} INFO - Started process (PID=170) to work on /opt/airflow/dags/mlops_orchestration.py
[2026-04-20T13:42:07.429+0000] {processor.py:830} INFO - Processing file /opt/airflow/dags/mlops_orchestration.py for tasks to queue
[2026-04-20T13:42:07.432+0000] {logging_mixin.py:188} INFO - [2026-04-20T13:42:07.432+0000] {dagbag.py:545} INFO - Filling up the DagBag from /opt/airflow/dags/mlops_orchestration.py
[2026-04-20T13:42:07.457+0000] {processor.py:840} INFO - DAG(s) 'mlops_orchestration' retrieved from /opt/airflow/dags/mlops_orchestration.py
[2026-04-20T13:42:07.495+0000] {logging_mixin.py:188} INFO - [2026-04-20T13:42:07.495+0000] {dag.py:3096} INFO - Sync 1 DAGs
[2026-04-20T13:42:07.521+0000] {logging_mixin.py:188} INFO - [2026-04-20T13:42:07.521+0000] {dag.py:3954} INFO - Setting next_dagrun for mlops_orchestration to 2026-04-19 02:00:00+00:00, run_after=2026-04-20 02:00:00+00:00
[2026-04-20T13:42:07.548+0000] {processor.py:183} INFO - Processing /opt/airflow/dags/mlops_orchestration.py took 0.128 seconds
[2026-04-20T13:42:37.701+0000] {processor.py:161} INFO - Started process (PID=171) to work on /opt/airflow/dags/mlops_orchestration.py
[2026-04-20T13:42:37.702+0000] {processor.py:830} INFO - Processing file /opt/airflow/dags/mlops_orchestration.py for tasks to queue
[2026-04-20T13:42:37.704+0000] {logging_mixin.py:188} INFO - [2026-04-20T13:42:37.703+0000] {dagbag.py:545} INFO - Filling up the DagBag from /opt/airflow/dags/mlops_orchestration.py
[2026-04-20T13:42:37.724+0000] {processor.py:840} INFO - DAG(s) 'mlops_orchestration' retrieved from /opt/airflow/dags/mlops_orchestration.py
[2026-04-20T13:42:37.756+0000] {logging_mixin.py:188} INFO - [2026-04-20T13:42:37.755+0000] {dag.py:3096} INFO - Sync 1 DAGs
[2026-04-20T13:42:37.775+0000] {logging_mixin.py:188} INFO - [2026-04-20T13:42:37.775+0000] {dag.py:3954} INFO - Setting next_dagrun for mlops_orchestration to 2026-04-19 02:00:00+00:00, run_after=2026-04-20 02:00:00+00:00
[2026-04-20T13:42:37.798+0000] {processor.py:183} INFO - Processing /opt/airflow/dags/mlops_orchestration.py took 0.102 seconds
[2026-04-20T13:43:07.990+0000] {processor.py:161} INFO - Started process (PID=172) to work on /opt/airflow/dags/mlops_orchestration.py
[2026-04-20T13:43:07.991+0000] {processor.py:830} INFO - Processing file /opt/airflow/dags/mlops_orchestration.py for tasks to queue
[2026-04-20T13:43:07.993+0000] {logging_mixin.py:188} INFO - [2026-04-20T13:43:07.993+0000] {dagbag.py:545} INFO - Filling up the DagBag from /opt/airflow/dags/mlops_orchestration.py
[2026-04-20T13:43:08.012+0000] {processor.py:840} INFO - DAG(s) 'mlops_orchestration' retrieved from /opt/airflow/dags/mlops_orchestration.py
[2026-04-20T13:43:08.040+0000] {logging_mixin.py:188} INFO - [2026-04-20T13:43:08.040+0000] {dag.py:3096} INFO - Sync 1 DAGs
[2026-04-20T13:43:08.059+0000] {logging_mixin.py:188} INFO - [2026-04-20T13:43:08.059+0000] {dag.py:3954} INFO - Setting next_dagrun for mlops_orchestration to 2026-04-19 02:00:00+00:00, run_after=2026-04-20 02:00:00+00:00
[2026-04-20T13:43:08.081+0000] {processor.py:183} INFO - Processing /opt/airflow/dags/mlops_orchestration.py took 0.096 seconds
[2026-04-20T13:43:38.276+0000] {processor.py:161} INFO - Started process (PID=173) to work on /opt/airflow/dags/mlops_orchestration.py
[2026-04-20T13:43:38.277+0000] {processor.py:830} INFO - Processing file /opt/airflow/dags/mlops_orchestration.py for tasks to queue
[2026-04-20T13:43:38.279+0000] {logging_mixin.py:188} INFO - [2026-04-20T13:43:38.278+0000] {dagbag.py:545} INFO - Filling up the DagBag from /opt/airflow/dags/mlops_orchestration.py
[2026-04-20T13:43:38.298+0000] {processor.py:840} INFO - DAG(s) 'mlops_orchestration' retrieved from /opt/airflow/dags/mlops_orchestration.py
[2026-04-20T13:43:38.328+0000] {logging_mixin.py:188} INFO - [2026-04-20T13:43:38.328+0000] {dag.py:3096} INFO - Sync 1 DAGs
[2026-04-20T13:43:38.345+0000] {logging_mixin.py:188} INFO - [2026-04-20T13:43:38.345+0000] {dag.py:3954} INFO - Setting next_dagrun for mlops_orchestration to 2026-04-19 02:00:00+00:00, run_after=2026-04-20 02:00:00+00:00
[2026-04-20T13:43:38.365+0000] {processor.py:183} INFO - Processing /opt/airflow/dags/mlops_orchestration.py took 0.094 seconds
[2026-04-20T13:44:08.556+0000] {processor.py:161} INFO - Started process (PID=174) to work on /opt/airflow/dags/mlops_orchestration.py
[2026-04-20T13:44:08.557+0000] {processor.py:830} INFO - Processing file /opt/airflow/dags/mlops_orchestration.py for tasks to queue
[2026-04-20T13:44:08.559+0000] {logging_mixin.py:188} INFO - [2026-04-20T13:44:08.559+0000] {dagbag.py:545} INFO - Filling up the DagBag from /opt/airflow/dags/mlops_orchestration.py
[2026-04-20T13:44:08.578+0000] {processor.py:840} INFO - DAG(s) 'mlops_orchestration' retrieved from /opt/airflow/dags/mlops_orchestration.py
[2026-04-20T13:44:08.607+0000] {logging_mixin.py:188} INFO - [2026-04-20T13:44:08.606+0000] {dag.py:3096} INFO - Sync 1 DAGs
[2026-04-20T13:44:08.624+0000] {logging_mixin.py:188} INFO - [2026-04-20T13:44:08.624+0000] {dag.py:3954} INFO - Setting next_dagrun for mlops_orchestration to 2026-04-19 02:00:00+00:00, run_after=2026-04-20 02:00:00+00:00
[2026-04-20T13:44:08.645+0000] {processor.py:183} INFO - Processing /opt/airflow/dags/mlops_orchestration.py took 0.094 seconds
[2026-04-20T13:44:38.858+0000] {processor.py:161} INFO - Started process (PID=175) to work on /opt/airflow/dags/mlops_orchestration.py
[2026-04-20T13:44:38.859+0000] {processor.py:830} INFO - Processing file /opt/airflow/dags/mlops_orchestration.py for tasks to queue
[2026-04-20T13:44:38.861+0000] {logging_mixin.py:188} INFO - [2026-04-20T13:44:38.861+0000] {dagbag.py:545} INFO - Filling up the DagBag from /opt/airflow/dags/mlops_orchestration.py
[2026-04-20T13:44:38.885+0000] {processor.py:840} INFO - DAG(s) 'mlops_orchestration' retrieved from /opt/airflow/dags/mlops_orchestration.py
[2026-04-20T13:44:38.922+0000] {logging_mixin.py:188} INFO - [2026-04-20T13:44:38.922+0000] {dag.py:3096} INFO - Sync 1 DAGs
[2026-04-20T13:44:38.942+0000] {logging_mixin.py:188} INFO - [2026-04-20T13:44:38.941+0000] {dag.py:3954} INFO - Setting next_dagrun for mlops_orchestration to 2026-04-19 02:00:00+00:00, run_after=2026-04-20 02:00:00+00:00
[2026-04-20T13:44:38.963+0000] {processor.py:183} INFO - Processing /opt/airflow/dags/mlops_orchestration.py took 0.112 seconds
[2026-04-20T13:45:09.131+0000] {processor.py:161} INFO - Started process (PID=176) to work on /opt/airflow/dags/mlops_orchestration.py
[2026-04-20T13:45:09.132+0000] {processor.py:830} INFO - Processing file /opt/airflow/dags/mlops_orchestration.py for tasks to queue
[2026-04-20T13:45:09.134+0000] {logging_mixin.py:188} INFO - [2026-04-20T13:45:09.134+0000] {dagbag.py:545} INFO - Filling up the DagBag from /opt/airflow/dags/mlops_orchestration.py
[2026-04-20T13:45:09.153+0000] {processor.py:840} INFO - DAG(s) 'mlops_orchestration' retrieved from /opt/airflow/dags/mlops_orchestration.py
[2026-04-20T13:45:09.182+0000] {logging_mixin.py:188} INFO - [2026-04-20T13:45:09.182+0000] {dag.py:3096} INFO - Sync 1 DAGs
[2026-04-20T13:45:09.201+0000] {logging_mixin.py:188} INFO - [2026-04-20T13:45:09.201+0000] {dag.py:3954} INFO - Setting next_dagrun for mlops_orchestration to 2026-04-19 02:00:00+00:00, run_after=2026-04-20 02:00:00+00:00
[2026-04-20T13:45:09.221+0000] {processor.py:183} INFO - Processing /opt/airflow/dags/mlops_orchestration.py took 0.095 seconds
[2026-04-20T13:45:39.429+0000] {processor.py:161} INFO - Started process (PID=177) to work on /opt/airflow/dags/mlops_orchestration.py
[2026-04-20T13:45:39.431+0000] {processor.py:830} INFO - Processing file /opt/airflow/dags/mlops_orchestration.py for tasks to queue
[2026-04-20T13:45:39.433+0000] {logging_mixin.py:188} INFO - [2026-04-20T13:45:39.432+0000] {dagbag.py:545} INFO - Filling up the DagBag from /opt/airflow/dags/mlops_orchestration.py
[2026-04-20T13:45:39.453+0000] {processor.py:840} INFO - DAG(s) 'mlops_orchestration' retrieved from /opt/airflow/dags/mlops_orchestration.py
[2026-04-20T13:45:39.483+0000] {logging_mixin.py:188} INFO - [2026-04-20T13:45:39.482+0000] {dag.py:3096} INFO - Sync 1 DAGs
[2026-04-20T13:45:39.500+0000] {logging_mixin.py:188} INFO - [2026-04-20T13:45:39.500+0000] {dag.py:3954} INFO - Setting next_dagrun for mlops_orchestration to 2026-04-19 02:00:00+00:00, run_after=2026-04-20 02:00:00+00:00
[2026-04-20T13:45:39.530+0000] {processor.py:183} INFO - Processing /opt/airflow/dags/mlops_orchestration.py took 0.107 seconds
[2026-04-20T13:46:09.711+0000] {processor.py:161} INFO - Started process (PID=178) to work on /opt/airflow/dags/mlops_orchestration.py
[2026-04-20T13:46:09.712+0000] {processor.py:830} INFO - Processing file /opt/airflow/dags/mlops_orchestration.py for tasks to queue
[2026-04-20T13:46:09.714+0000] {logging_mixin.py:188} INFO - [2026-04-20T13:46:09.714+0000] {dagbag.py:545} INFO - Filling up the DagBag from /opt/airflow/dags/mlops_orchestration.py
[2026-04-20T13:46:09.736+0000] {processor.py:840} INFO - DAG(s) 'mlops_orchestration' retrieved from /opt/airflow/dags/mlops_orchestration.py
[2026-04-20T13:46:09.770+0000] {logging_mixin.py:188} INFO - [2026-04-20T13:46:09.770+0000] {dag.py:3096} INFO - Sync 1 DAGs
[2026-04-20T13:46:09.792+0000] {logging_mixin.py:188} INFO - [2026-04-20T13:46:09.792+0000] {dag.py:3954} INFO - Setting next_dagrun for mlops_orchestration to 2026-04-19 02:00:00+00:00, run_after=2026-04-20 02:00:00+00:00
[2026-04-20T13:46:09.821+0000] {processor.py:183} INFO - Processing /opt/airflow/dags/mlops_orchestration.py took 0.117 seconds
[2026-04-20T13:46:39.978+0000] {processor.py:161} INFO - Started process (PID=179) to work on /opt/airflow/dags/mlops_orchestration.py
[2026-04-20T13:46:39.979+0000] {processor.py:830} INFO - Processing file /opt/airflow/dags/mlops_orchestration.py for tasks to queue
[2026-04-20T13:46:39.981+0000] {logging_mixin.py:188} INFO - [2026-04-20T13:46:39.981+0000] {dagbag.py:545} INFO - Filling up the DagBag from /opt/airflow/dags/mlops_orchestration.py
[2026-04-20T13:46:40.002+0000] {processor.py:840} INFO - DAG(s) 'mlops_orchestration' retrieved from /opt/airflow/dags/mlops_orchestration.py
[2026-04-20T13:46:40.032+0000] {logging_mixin.py:188} INFO - [2026-04-20T13:46:40.032+0000] {dag.py:3096} INFO - Sync 1 DAGs
[2026-04-20T13:46:40.050+0000] {logging_mixin.py:188} INFO - [2026-04-20T13:46:40.050+0000] {dag.py:3954} INFO - Setting next_dagrun for mlops_orchestration to 2026-04-19 02:00:00+00:00, run_after=2026-04-20 02:00:00+00:00
[2026-04-20T13:46:40.070+0000] {processor.py:183} INFO - Processing /opt/airflow/dags/mlops_orchestration.py took 0.098 seconds
[2026-04-20T13:47:10.248+0000] {processor.py:161} INFO - Started process (PID=180) to work on /opt/airflow/dags/mlops_orchestration.py
[2026-04-20T13:47:10.249+0000] {processor.py:830} INFO - Processing file /opt/airflow/dags/mlops_orchestration.py for tasks to queue
[2026-04-20T13:47:10.251+0000] {logging_mixin.py:188} INFO - [2026-04-20T13:47:10.251+0000] {dagbag.py:545} INFO - Filling up the DagBag from /opt/airflow/dags/mlops_orchestration.py
[2026-04-20T13:47:10.270+0000] {processor.py:840} INFO - DAG(s) 'mlops_orchestration' retrieved from /opt/airflow/dags/mlops_orchestration.py
[2026-04-20T13:47:10.301+0000] {logging_mixin.py:188} INFO - [2026-04-20T13:47:10.300+0000] {dag.py:3096} INFO - Sync 1 DAGs
[2026-04-20T13:47:10.320+0000] {logging_mixin.py:188} INFO - [2026-04-20T13:47:10.320+0000] {dag.py:3954} INFO - Setting next_dagrun for mlops_orchestration to 2026-04-19 02:00:00+00:00, run_after=2026-04-20 02:00:00+00:00
[2026-04-20T13:47:10.340+0000] {processor.py:183} INFO - Processing /opt/airflow/dags/mlops_orchestration.py took 0.098 seconds
[2026-04-20T13:47:40.521+0000] {processor.py:161} INFO - Started process (PID=181) to work on /opt/airflow/dags/mlops_orchestration.py
[2026-04-20T13:47:40.522+0000] {processor.py:830} INFO - Processing file /opt/airflow/dags/mlops_orchestration.py for tasks to queue
[2026-04-20T13:47:40.524+0000] {logging_mixin.py:188} INFO - [2026-04-20T13:47:40.523+0000] {dagbag.py:545} INFO - Filling up the DagBag from /opt/airflow/dags/mlops_orchestration.py
[2026-04-20T13:47:40.545+0000] {processor.py:840} INFO - DAG(s) 'mlops_orchestration' retrieved from /opt/airflow/dags/mlops_orchestration.py
[2026-04-20T13:47:40.575+0000] {logging_mixin.py:188} INFO - [2026-04-20T13:47:40.575+0000] {dag.py:3096} INFO - Sync 1 DAGs
[2026-04-20T13:47:40.593+0000] {logging_mixin.py:188} INFO - [2026-04-20T13:47:40.593+0000] {dag.py:3954} INFO - Setting next_dagrun for mlops_orchestration to 2026-04-19 02:00:00+00:00, run_after=2026-04-20 02:00:00+00:00
[2026-04-20T13:47:40.611+0000] {processor.py:183} INFO - Processing /opt/airflow/dags/mlops_orchestration.py took 0.097 seconds
[2026-04-20T13:48:10.804+0000] {processor.py:161} INFO - Started process (PID=182) to work on /opt/airflow/dags/mlops_orchestration.py
[2026-04-20T13:48:10.805+0000] {processor.py:830} INFO - Processing file /opt/airflow/dags/mlops_orchestration.py for tasks to queue
[2026-04-20T13:48:10.807+0000] {logging_mixin.py:188} INFO - [2026-04-20T13:48:10.807+0000] {dagbag.py:545} INFO - Filling up the DagBag from /opt/airflow/dags/mlops_orchestration.py
[2026-04-20T13:48:10.827+0000] {processor.py:840} INFO - DAG(s) 'mlops_orchestration' retrieved from /opt/airflow/dags/mlops_orchestration.py
[2026-04-20T13:48:10.859+0000] {logging_mixin.py:188} INFO - [2026-04-20T13:48:10.859+0000] {dag.py:3096} INFO - Sync 1 DAGs
[2026-04-20T13:48:10.880+0000] {logging_mixin.py:188} INFO - [2026-04-20T13:48:10.879+0000] {dag.py:3954} INFO - Setting next_dagrun for mlops_orchestration to 2026-04-19 02:00:00+00:00, run_after=2026-04-20 02:00:00+00:00
[2026-04-20T13:48:10.900+0000] {processor.py:183} INFO - Processing /opt/airflow/dags/mlops_orchestration.py took 0.101 seconds
[2026-04-20T13:48:41.089+0000] {processor.py:161} INFO - Started process (PID=183) to work on /opt/airflow/dags/mlops_orchestration.py
[2026-04-20T13:48:41.090+0000] {processor.py:830} INFO - Processing file /opt/airflow/dags/mlops_orchestration.py for tasks to queue
[2026-04-20T13:48:41.093+0000] {logging_mixin.py:188} INFO - [2026-04-20T13:48:41.092+0000] {dagbag.py:545} INFO - Filling up the DagBag from /opt/airflow/dags/mlops_orchestration.py
[2026-04-20T13:48:41.117+0000] {processor.py:840} INFO - DAG(s) 'mlops_orchestration' retrieved from /opt/airflow/dags/mlops_orchestration.py
[2026-04-20T13:48:41.148+0000] {logging_mixin.py:188} INFO - [2026-04-20T13:48:41.147+0000] {dag.py:3096} INFO - Sync 1 DAGs
[2026-04-20T13:48:41.167+0000] {logging_mixin.py:188} INFO - [2026-04-20T13:48:41.166+0000] {dag.py:3954} INFO - Setting next_dagrun for mlops_orchestration to 2026-04-19 02:00:00+00:00, run_after=2026-04-20 02:00:00+00:00
[2026-04-20T13:48:41.190+0000] {processor.py:183} INFO - Processing /opt/airflow/dags/mlops_orchestration.py took 0.107 seconds
[2026-04-20T13:49:11.369+0000] {processor.py:161} INFO - Started process (PID=184) to work on /opt/airflow/dags/mlops_orchestration.py
[2026-04-20T13:49:11.370+0000] {processor.py:830} INFO - Processing file /opt/airflow/dags/mlops_orchestration.py for tasks to queue
[2026-04-20T13:49:11.372+0000] {logging_mixin.py:188} INFO - [2026-04-20T13:49:11.372+0000] {dagbag.py:545} INFO - Filling up the DagBag from /opt/airflow/dags/mlops_orchestration.py
[2026-04-20T13:49:11.395+0000] {processor.py:840} INFO - DAG(s) 'mlops_orchestration' retrieved from /opt/airflow/dags/mlops_orchestration.py
[2026-04-20T13:49:11.428+0000] {logging_mixin.py:188} INFO - [2026-04-20T13:49:11.427+0000] {dag.py:3096} INFO - Sync 1 DAGs
[2026-04-20T13:49:11.450+0000] {logging_mixin.py:188} INFO - [2026-04-20T13:49:11.449+0000] {dag.py:3954} INFO - Setting next_dagrun for mlops_orchestration to 2026-04-19 02:00:00+00:00, run_after=2026-04-20 02:00:00+00:00
[2026-04-20T13:49:11.469+0000] {processor.py:183} INFO - Processing /opt/airflow/dags/mlops_orchestration.py took 0.105 seconds
[2026-04-20T13:49:41.647+0000] {processor.py:161} INFO - Started process (PID=185) to work on /opt/airflow/dags/mlops_orchestration.py
[2026-04-20T13:49:41.648+0000] {processor.py:830} INFO - Processing file /opt/airflow/dags/mlops_orchestration.py for tasks to queue
[2026-04-20T13:49:41.650+0000] {logging_mixin.py:188} INFO - [2026-04-20T13:49:41.650+0000] {dagbag.py:545} INFO - Filling up the DagBag from /opt/airflow/dags/mlops_orchestration.py
[2026-04-20T13:49:41.670+0000] {processor.py:840} INFO - DAG(s) 'mlops_orchestration' retrieved from /opt/airflow/dags/mlops_orchestration.py
[2026-04-20T13:49:41.698+0000] {logging_mixin.py:188} INFO - [2026-04-20T13:49:41.698+0000] {dag.py:3096} INFO - Sync 1 DAGs
[2026-04-20T13:49:41.717+0000] {logging_mixin.py:188} INFO - [2026-04-20T13:49:41.716+0000] {dag.py:3954} INFO - Setting next_dagrun for mlops_orchestration to 2026-04-19 02:00:00+00:00, run_after=2026-04-20 02:00:00+00:00
[2026-04-20T13:49:41.736+0000] {processor.py:183} INFO - Processing /opt/airflow/dags/mlops_orchestration.py took 0.094 seconds
[2026-04-20T13:50:11.917+0000] {processor.py:161} INFO - Started process (PID=186) to work on /opt/airflow/dags/mlops_orchestration.py
[2026-04-20T13:50:11.918+0000] {processor.py:830} INFO - Processing file /opt/airflow/dags/mlops_orchestration.py for tasks to queue
[2026-04-20T13:50:11.921+0000] {logging_mixin.py:188} INFO - [2026-04-20T13:50:11.921+0000] {dagbag.py:545} INFO - Filling up the DagBag from /opt/airflow/dags/mlops_orchestration.py
[2026-04-20T13:50:11.947+0000] {processor.py:840} INFO - DAG(s) 'mlops_orchestration' retrieved from /opt/airflow/dags/mlops_orchestration.py
[2026-04-20T13:50:11.984+0000] {logging_mixin.py:188} INFO - [2026-04-20T13:50:11.983+0000] {dag.py:3096} INFO - Sync 1 DAGs
[2026-04-20T13:50:12.007+0000] {logging_mixin.py:188} INFO - [2026-04-20T13:50:12.006+0000] {dag.py:3954} INFO - Setting next_dagrun for mlops_orchestration to 2026-04-19 02:00:00+00:00, run_after=2026-04-20 02:00:00+00:00
[2026-04-20T13:50:12.030+0000] {processor.py:183} INFO - Processing /opt/airflow/dags/mlops_orchestration.py took 0.120 seconds
[2026-04-20T13:50:42.195+0000] {processor.py:161} INFO - Started process (PID=187) to work on /opt/airflow/dags/mlops_orchestration.py
[2026-04-20T13:50:42.201+0000] {processor.py:830} INFO - Processing file /opt/airflow/dags/mlops_orchestration.py for tasks to queue
[2026-04-20T13:50:42.204+0000] {logging_mixin.py:188} INFO - [2026-04-20T13:50:42.204+0000] {dagbag.py:545} INFO - Filling up the DagBag from /opt/airflow/dags/mlops_orchestration.py
[2026-04-20T13:50:42.239+0000] {processor.py:840} INFO - DAG(s) 'mlops_orchestration' retrieved from /opt/airflow/dags/mlops_orchestration.py
[2026-04-20T13:50:42.281+0000] {logging_mixin.py:188} INFO - [2026-04-20T13:50:42.280+0000] {dag.py:3096} INFO - Sync 1 DAGs
[2026-04-20T13:50:42.308+0000] {logging_mixin.py:188} INFO - [2026-04-20T13:50:42.307+0000] {dag.py:3954} INFO - Setting next_dagrun for mlops_orchestration to 2026-04-19 02:00:00+00:00, run_after=2026-04-20 02:00:00+00:00
[2026-04-20T13:50:42.352+0000] {processor.py:183} INFO - Processing /opt/airflow/dags/mlops_orchestration.py took 0.168 seconds
[2026-04-20T13:51:12.450+0000] {processor.py:161} INFO - Started process (PID=188) to work on /opt/airflow/dags/mlops_orchestration.py
[2026-04-20T13:51:12.451+0000] {processor.py:830} INFO - Processing file /opt/airflow/dags/mlops_orchestration.py for tasks to queue
[2026-04-20T13:51:12.453+0000] {logging_mixin.py:188} INFO - [2026-04-20T13:51:12.452+0000] {dagbag.py:545} INFO - Filling up the DagBag from /opt/airflow/dags/mlops_orchestration.py
[2026-04-20T13:51:12.472+0000] {processor.py:840} INFO - DAG(s) 'mlops_orchestration' retrieved from /opt/airflow/dags/mlops_orchestration.py
[2026-04-20T13:51:12.503+0000] {logging_mixin.py:188} INFO - [2026-04-20T13:51:12.503+0000] {dag.py:3096} INFO - Sync 1 DAGs
[2026-04-20T13:51:12.526+0000] {logging_mixin.py:188} INFO - [2026-04-20T13:51:12.526+0000] {dag.py:3954} INFO - Setting next_dagrun for mlops_orchestration to 2026-04-19 02:00:00+00:00, run_after=2026-04-20 02:00:00+00:00
[2026-04-20T13:51:12.545+0000] {processor.py:183} INFO - Processing /opt/airflow/dags/mlops_orchestration.py took 0.100 seconds
[2026-04-20T13:51:42.695+0000] {processor.py:161} INFO - Started process (PID=189) to work on /opt/airflow/dags/mlops_orchestration.py
[2026-04-20T13:51:42.696+0000] {processor.py:830} INFO - Processing file /opt/airflow/dags/mlops_orchestration.py for tasks to queue
[2026-04-20T13:51:42.698+0000] {logging_mixin.py:188} INFO - [2026-04-20T13:51:42.698+0000] {dagbag.py:545} INFO - Filling up the DagBag from /opt/airflow/dags/mlops_orchestration.py
[2026-04-20T13:51:42.722+0000] {processor.py:840} INFO - DAG(s) 'mlops_orchestration' retrieved from /opt/airflow/dags/mlops_orchestration.py
[2026-04-20T13:51:42.755+0000] {logging_mixin.py:188} INFO - [2026-04-20T13:51:42.754+0000] {dag.py:3096} INFO - Sync 1 DAGs
[2026-04-20T13:51:42.775+0000] {logging_mixin.py:188} INFO - [2026-04-20T13:51:42.775+0000] {dag.py:3954} INFO - Setting next_dagrun for mlops_orchestration to 2026-04-19 02:00:00+00:00, run_after=2026-04-20 02:00:00+00:00
[2026-04-20T13:51:42.794+0000] {processor.py:183} INFO - Processing /opt/airflow/dags/mlops_orchestration.py took 0.105 seconds
[2026-04-20T13:52:12.912+0000] {processor.py:161} INFO - Started process (PID=190) to work on /opt/airflow/dags/mlops_orchestration.py
[2026-04-20T13:52:12.913+0000] {processor.py:830} INFO - Processing file /opt/airflow/dags/mlops_orchestration.py for tasks to queue
[2026-04-20T13:52:12.916+0000] {logging_mixin.py:188} INFO - [2026-04-20T13:52:12.915+0000] {dagbag.py:545} INFO - Filling up the DagBag from /opt/airflow/dags/mlops_orchestration.py
[2026-04-20T13:52:12.936+0000] {processor.py:840} INFO - DAG(s) 'mlops_orchestration' retrieved from /opt/airflow/dags/mlops_orchestration.py
[2026-04-20T13:52:12.972+0000] {logging_mixin.py:188} INFO - [2026-04-20T13:52:12.972+0000] {dag.py:3096} INFO - Sync 1 DAGs
[2026-04-20T13:52:12.993+0000] {logging_mixin.py:188} INFO - [2026-04-20T13:52:12.993+0000] {dag.py:3954} INFO - Setting next_dagrun for mlops_orchestration to 2026-04-19 02:00:00+00:00, run_after=2026-04-20 02:00:00+00:00
[2026-04-20T13:52:13.017+0000] {processor.py:183} INFO - Processing /opt/airflow/dags/mlops_orchestration.py took 0.112 seconds
[2026-04-20T13:52:43.155+0000] {processor.py:161} INFO - Started process (PID=191) to work on /opt/airflow/dags/mlops_orchestration.py
[2026-04-20T13:52:43.156+0000] {processor.py:830} INFO - Processing file /opt/airflow/dags/mlops_orchestration.py for tasks to queue
[2026-04-20T13:52:43.158+0000] {logging_mixin.py:188} INFO - [2026-04-20T13:52:43.158+0000] {dagbag.py:545} INFO - Filling up the DagBag from /opt/airflow/dags/mlops_orchestration.py
[2026-04-20T13:52:43.181+0000] {processor.py:840} INFO - DAG(s) 'mlops_orchestration' retrieved from /opt/airflow/dags/mlops_orchestration.py
[2026-04-20T13:52:43.212+0000] {logging_mixin.py:188} INFO - [2026-04-20T13:52:43.212+0000] {dag.py:3096} INFO - Sync 1 DAGs
[2026-04-20T13:52:43.232+0000] {logging_mixin.py:188} INFO - [2026-04-20T13:52:43.231+0000] {dag.py:3954} INFO - Setting next_dagrun for mlops_orchestration to 2026-04-19 02:00:00+00:00, run_after=2026-04-20 02:00:00+00:00
[2026-04-20T13:52:43.253+0000] {processor.py:183} INFO - Processing /opt/airflow/dags/mlops_orchestration.py took 0.104 seconds
[2026-04-20T13:53:13.421+0000] {processor.py:161} INFO - Started process (PID=192) to work on /opt/airflow/dags/mlops_orchestration.py
[2026-04-20T13:53:13.422+0000] {processor.py:830} INFO - Processing file /opt/airflow/dags/mlops_orchestration.py for tasks to queue
[2026-04-20T13:53:13.424+0000] {logging_mixin.py:188} INFO - [2026-04-20T13:53:13.424+0000] {dagbag.py:545} INFO - Filling up the DagBag from /opt/airflow/dags/mlops_orchestration.py
[2026-04-20T13:53:13.452+0000] {processor.py:840} INFO - DAG(s) 'mlops_orchestration' retrieved from /opt/airflow/dags/mlops_orchestration.py
[2026-04-20T13:53:13.492+0000] {logging_mixin.py:188} INFO - [2026-04-20T13:53:13.491+0000] {dag.py:3096} INFO - Sync 1 DAGs
[2026-04-20T13:53:13.509+0000] {logging_mixin.py:188} INFO - [2026-04-20T13:53:13.509+0000] {dag.py:3954} INFO - Setting next_dagrun for mlops_orchestration to 2026-04-19 02:00:00+00:00, run_after=2026-04-20 02:00:00+00:00
[2026-04-20T13:53:13.528+0000] {processor.py:183} INFO - Processing /opt/airflow/dags/mlops_orchestration.py took 0.113 seconds
[2026-04-20T13:53:43.705+0000] {processor.py:161} INFO - Started process (PID=193) to work on /opt/airflow/dags/mlops_orchestration.py
[2026-04-20T13:53:43.706+0000] {processor.py:830} INFO - Processing file /opt/airflow/dags/mlops_orchestration.py for tasks to queue
[2026-04-20T13:53:43.708+0000] {logging_mixin.py:188} INFO - [2026-04-20T13:53:43.707+0000] {dagbag.py:545} INFO - Filling up the DagBag from /opt/airflow/dags/mlops_orchestration.py
[2026-04-20T13:53:43.727+0000] {processor.py:840} INFO - DAG(s) 'mlops_orchestration' retrieved from /opt/airflow/dags/mlops_orchestration.py
[2026-04-20T13:53:43.756+0000] {logging_mixin.py:188} INFO - [2026-04-20T13:53:43.756+0000] {dag.py:3096} INFO - Sync 1 DAGs
[2026-04-20T13:53:43.773+0000] {logging_mixin.py:188} INFO - [2026-04-20T13:53:43.773+0000] {dag.py:3954} INFO - Setting next_dagrun for mlops_orchestration to 2026-04-19 02:00:00+00:00, run_after=2026-04-20 02:00:00+00:00
[2026-04-20T13:53:43.795+0000] {processor.py:183} INFO - Processing /opt/airflow/dags/mlops_orchestration.py took 0.095 seconds
[2026-04-20T13:54:13.976+0000] {processor.py:161} INFO - Started process (PID=194) to work on /opt/airflow/dags/mlops_orchestration.py
[2026-04-20T13:54:13.977+0000] {processor.py:830} INFO - Processing file /opt/airflow/dags/mlops_orchestration.py for tasks to queue
[2026-04-20T13:54:13.979+0000] {logging_mixin.py:188} INFO - [2026-04-20T13:54:13.979+0000] {dagbag.py:545} INFO - Filling up the DagBag from /opt/airflow/dags/mlops_orchestration.py
[2026-04-20T13:54:14.002+0000] {processor.py:840} INFO - DAG(s) 'mlops_orchestration' retrieved from /opt/airflow/dags/mlops_orchestration.py
[2026-04-20T13:54:14.033+0000] {logging_mixin.py:188} INFO - [2026-04-20T13:54:14.032+0000] {dag.py:3096} INFO - Sync 1 DAGs
[2026-04-20T13:54:14.052+0000] {logging_mixin.py:188} INFO - [2026-04-20T13:54:14.052+0000] {dag.py:3954} INFO - Setting next_dagrun for mlops_orchestration to 2026-04-19 02:00:00+00:00, run_after=2026-04-20 02:00:00+00:00
[2026-04-20T13:54:14.074+0000] {processor.py:183} INFO - Processing /opt/airflow/dags/mlops_orchestration.py took 0.104 seconds
[2026-04-20T13:54:44.255+0000] {processor.py:161} INFO - Started process (PID=195) to work on /opt/airflow/dags/mlops_orchestration.py
[2026-04-20T13:54:44.256+0000] {processor.py:830} INFO - Processing file /opt/airflow/dags/mlops_orchestration.py for tasks to queue
[2026-04-20T13:54:44.258+0000] {logging_mixin.py:188} INFO - [2026-04-20T13:54:44.258+0000] {dagbag.py:545} INFO - Filling up the DagBag from /opt/airflow/dags/mlops_orchestration.py
[2026-04-20T13:54:44.278+0000] {processor.py:840} INFO - DAG(s) 'mlops_orchestration' retrieved from /opt/airflow/dags/mlops_orchestration.py
[2026-04-20T13:54:44.309+0000] {logging_mixin.py:188} INFO - [2026-04-20T13:54:44.308+0000] {dag.py:3096} INFO - Sync 1 DAGs
[2026-04-20T13:54:44.327+0000] {logging_mixin.py:188} INFO - [2026-04-20T13:54:44.326+0000] {dag.py:3954} INFO - Setting next_dagrun for mlops_orchestration to 2026-04-19 02:00:00+00:00, run_after=2026-04-20 02:00:00+00:00
[2026-04-20T13:54:44.348+0000] {processor.py:183} INFO - Processing /opt/airflow/dags/mlops_orchestration.py took 0.098 seconds
[2026-04-20T13:55:14.547+0000] {processor.py:161} INFO - Started process (PID=196) to work on /opt/airflow/dags/mlops_orchestration.py
[2026-04-20T13:55:14.548+0000] {processor.py:830} INFO - Processing file /opt/airflow/dags/mlops_orchestration.py for tasks to queue
[2026-04-20T13:55:14.550+0000] {logging_mixin.py:188} INFO - [2026-04-20T13:55:14.549+0000] {dagbag.py:545} INFO - Filling up the DagBag from /opt/airflow/dags/mlops_orchestration.py
[2026-04-20T13:55:14.569+0000] {processor.py:840} INFO - DAG(s) 'mlops_orchestration' retrieved from /opt/airflow/dags/mlops_orchestration.py
[2026-04-20T13:55:14.600+0000] {logging_mixin.py:188} INFO - [2026-04-20T13:55:14.599+0000] {dag.py:3096} INFO - Sync 1 DAGs
[2026-04-20T13:55:14.619+0000] {logging_mixin.py:188} INFO - [2026-04-20T13:55:14.619+0000] {dag.py:3954} INFO - Setting next_dagrun for mlops_orchestration to 2026-04-19 02:00:00+00:00, run_after=2026-04-20 02:00:00+00:00
[2026-04-20T13:55:14.640+0000] {processor.py:183} INFO - Processing /opt/airflow/dags/mlops_orchestration.py took 0.100 seconds
[2026-04-20T13:55:44.824+0000] {processor.py:161} INFO - Started process (PID=197) to work on /opt/airflow/dags/mlops_orchestration.py
[2026-04-20T13:55:44.825+0000] {processor.py:830} INFO - Processing file /opt/airflow/dags/mlops_orchestration.py for tasks to queue
[2026-04-20T13:55:44.827+0000] {logging_mixin.py:188} INFO - [2026-04-20T13:55:44.827+0000] {dagbag.py:545} INFO - Filling up the DagBag from /opt/airflow/dags/mlops_orchestration.py
[2026-04-20T13:55:44.850+0000] {processor.py:840} INFO - DAG(s) 'mlops_orchestration' retrieved from /opt/airflow/dags/mlops_orchestration.py
[2026-04-20T13:55:44.884+0000] {logging_mixin.py:188} INFO - [2026-04-20T13:55:44.884+0000] {dag.py:3096} INFO - Sync 1 DAGs
[2026-04-20T13:55:44.903+0000] {logging_mixin.py:188} INFO - [2026-04-20T13:55:44.903+0000] {dag.py:3954} INFO - Setting next_dagrun for mlops_orchestration to 2026-04-19 02:00:00+00:00, run_after=2026-04-20 02:00:00+00:00
[2026-04-20T13:55:44.926+0000] {processor.py:183} INFO - Processing /opt/airflow/dags/mlops_orchestration.py took 0.107 seconds
[2026-04-20T13:56:15.104+0000] {processor.py:161} INFO - Started process (PID=198) to work on /opt/airflow/dags/mlops_orchestration.py
[2026-04-20T13:56:15.105+0000] {processor.py:830} INFO - Processing file /opt/airflow/dags/mlops_orchestration.py for tasks to queue
[2026-04-20T13:56:15.107+0000] {logging_mixin.py:188} INFO - [2026-04-20T13:56:15.106+0000] {dagbag.py:545} INFO - Filling up the DagBag from /opt/airflow/dags/mlops_orchestration.py
[2026-04-20T13:56:15.127+0000] {processor.py:840} INFO - DAG(s) 'mlops_orchestration' retrieved from /opt/airflow/dags/mlops_orchestration.py
[2026-04-20T13:56:15.156+0000] {logging_mixin.py:188} INFO - [2026-04-20T13:56:15.156+0000] {dag.py:3096} INFO - Sync 1 DAGs
[2026-04-20T13:56:15.173+0000] {logging_mixin.py:188} INFO - [2026-04-20T13:56:15.173+0000] {dag.py:3954} INFO - Setting next_dagrun for mlops_orchestration to 2026-04-19 02:00:00+00:00, run_after=2026-04-20 02:00:00+00:00
[2026-04-20T13:56:15.195+0000] {processor.py:183} INFO - Processing /opt/airflow/dags/mlops_orchestration.py took 0.097 seconds
[2026-04-20T13:56:45.385+0000] {processor.py:161} INFO - Started process (PID=199) to work on /opt/airflow/dags/mlops_orchestration.py
[2026-04-20T13:56:45.386+0000] {processor.py:830} INFO - Processing file /opt/airflow/dags/mlops_orchestration.py for tasks to queue
[2026-04-20T13:56:45.388+0000] {logging_mixin.py:188} INFO - [2026-04-20T13:56:45.388+0000] {dagbag.py:545} INFO - Filling up the DagBag from /opt/airflow/dags/mlops_orchestration.py
[2026-04-20T13:56:45.407+0000] {processor.py:840} INFO - DAG(s) 'mlops_orchestration' retrieved from /opt/airflow/dags/mlops_orchestration.py
[2026-04-20T13:56:45.435+0000] {logging_mixin.py:188} INFO - [2026-04-20T13:56:45.434+0000] {dag.py:3096} INFO - Sync 1 DAGs
[2026-04-20T13:56:45.452+0000] {logging_mixin.py:188} INFO - [2026-04-20T13:56:45.451+0000] {dag.py:3954} INFO - Setting next_dagrun for mlops_orchestration to 2026-04-19 02:00:00+00:00, run_after=2026-04-20 02:00:00+00:00
[2026-04-20T13:56:45.472+0000] {processor.py:183} INFO - Processing /opt/airflow/dags/mlops_orchestration.py took 0.092 seconds
[2026-04-20T13:57:15.567+0000] {processor.py:161} INFO - Started process (PID=200) to work on /opt/airflow/dags/mlops_orchestration.py
[2026-04-20T13:57:15.568+0000] {processor.py:830} INFO - Processing file /opt/airflow/dags/mlops_orchestration.py for tasks to queue
[2026-04-20T13:57:15.570+0000] {logging_mixin.py:188} INFO - [2026-04-20T13:57:15.570+0000] {dagbag.py:545} INFO - Filling up the DagBag from /opt/airflow/dags/mlops_orchestration.py
[2026-04-20T13:57:15.590+0000] {processor.py:840} INFO - DAG(s) 'mlops_orchestration' retrieved from /opt/airflow/dags/mlops_orchestration.py
[2026-04-20T13:57:15.624+0000] {logging_mixin.py:188} INFO - [2026-04-20T13:57:15.623+0000] {dag.py:3096} INFO - Sync 1 DAGs
[2026-04-20T13:57:15.643+0000] {logging_mixin.py:188} INFO - [2026-04-20T13:57:15.643+0000] {dag.py:3954} INFO - Setting next_dagrun for mlops_orchestration to 2026-04-19 02:00:00+00:00, run_after=2026-04-20 02:00:00+00:00
[2026-04-20T13:57:15.662+0000] {processor.py:183} INFO - Processing /opt/airflow/dags/mlops_orchestration.py took 0.100 seconds
[2026-04-20T13:57:45.867+0000] {processor.py:161} INFO - Started process (PID=201) to work on /opt/airflow/dags/mlops_orchestration.py
[2026-04-20T13:57:45.869+0000] {processor.py:830} INFO - Processing file /opt/airflow/dags/mlops_orchestration.py for tasks to queue
[2026-04-20T13:57:45.872+0000] {logging_mixin.py:188} INFO - [2026-04-20T13:57:45.871+0000] {dagbag.py:545} INFO - Filling up the DagBag from /opt/airflow/dags/mlops_orchestration.py
[2026-04-20T13:57:45.894+0000] {processor.py:840} INFO - DAG(s) 'mlops_orchestration' retrieved from /opt/airflow/dags/mlops_orchestration.py
[2026-04-20T13:57:45.923+0000] {logging_mixin.py:188} INFO - [2026-04-20T13:57:45.922+0000] {dag.py:3096} INFO - Sync 1 DAGs
[2026-04-20T13:57:45.940+0000] {logging_mixin.py:188} INFO - [2026-04-20T13:57:45.940+0000] {dag.py:3954} INFO - Setting next_dagrun for mlops_orchestration to 2026-04-19 02:00:00+00:00, run_after=2026-04-20 02:00:00+00:00
[2026-04-20T13:57:45.963+0000] {processor.py:183} INFO - Processing /opt/airflow/dags/mlops_orchestration.py took 0.102 seconds
[2026-04-20T13:58:16.145+0000] {processor.py:161} INFO - Started process (PID=202) to work on /opt/airflow/dags/mlops_orchestration.py
[2026-04-20T13:58:16.147+0000] {processor.py:830} INFO - Processing file /opt/airflow/dags/mlops_orchestration.py for tasks to queue
[2026-04-20T13:58:16.149+0000] {logging_mixin.py:188} INFO - [2026-04-20T13:58:16.148+0000] {dagbag.py:545} INFO - Filling up the DagBag from /opt/airflow/dags/mlops_orchestration.py
[2026-04-20T13:58:16.179+0000] {processor.py:840} INFO - DAG(s) 'mlops_orchestration' retrieved from /opt/airflow/dags/mlops_orchestration.py
[2026-04-20T13:58:16.217+0000] {logging_mixin.py:188} INFO - [2026-04-20T13:58:16.217+0000] {dag.py:3096} INFO - Sync 1 DAGs
[2026-04-20T13:58:16.243+0000] {logging_mixin.py:188} INFO - [2026-04-20T13:58:16.242+0000] {dag.py:3954} INFO - Setting next_dagrun for mlops_orchestration to 2026-04-19 02:00:00+00:00, run_after=2026-04-20 02:00:00+00:00
[2026-04-20T13:58:16.266+0000] {processor.py:183} INFO - Processing /opt/airflow/dags/mlops_orchestration.py took 0.126 seconds
[2026-04-20T13:58:46.415+0000] {processor.py:161} INFO - Started process (PID=203) to work on /opt/airflow/dags/mlops_orchestration.py
[2026-04-20T13:58:46.416+0000] {processor.py:830} INFO - Processing file /opt/airflow/dags/mlops_orchestration.py for tasks to queue
[2026-04-20T13:58:46.419+0000] {logging_mixin.py:188} INFO - [2026-04-20T13:58:46.418+0000] {dagbag.py:545} INFO - Filling up the DagBag from /opt/airflow/dags/mlops_orchestration.py
[2026-04-20T13:58:46.437+0000] {processor.py:840} INFO - DAG(s) 'mlops_orchestration' retrieved from /opt/airflow/dags/mlops_orchestration.py
[2026-04-20T13:58:46.471+0000] {logging_mixin.py:188} INFO - [2026-04-20T13:58:46.470+0000] {dag.py:3096} INFO - Sync 1 DAGs
[2026-04-20T13:58:46.492+0000] {logging_mixin.py:188} INFO - [2026-04-20T13:58:46.491+0000] {dag.py:3954} INFO - Setting next_dagrun for mlops_orchestration to 2026-04-19 02:00:00+00:00, run_after=2026-04-20 02:00:00+00:00
[2026-04-20T13:58:46.513+0000] {processor.py:183} INFO - Processing /opt/airflow/dags/mlops_orchestration.py took 0.104 seconds
[2026-04-20T13:59:16.701+0000] {processor.py:161} INFO - Started process (PID=204) to work on /opt/airflow/dags/mlops_orchestration.py
[2026-04-20T13:59:16.703+0000] {processor.py:830} INFO - Processing file /opt/airflow/dags/mlops_orchestration.py for tasks to queue
[2026-04-20T13:59:16.705+0000] {logging_mixin.py:188} INFO - [2026-04-20T13:59:16.704+0000] {dagbag.py:545} INFO - Filling up the DagBag from /opt/airflow/dags/mlops_orchestration.py
[2026-04-20T13:59:16.723+0000] {processor.py:840} INFO - DAG(s) 'mlops_orchestration' retrieved from /opt/airflow/dags/mlops_orchestration.py
[2026-04-20T13:59:16.754+0000] {logging_mixin.py:188} INFO - [2026-04-20T13:59:16.754+0000] {dag.py:3096} INFO - Sync 1 DAGs
[2026-04-20T13:59:16.771+0000] {logging_mixin.py:188} INFO - [2026-04-20T13:59:16.771+0000] {dag.py:3954} INFO - Setting next_dagrun for mlops_orchestration to 2026-04-19 02:00:00+00:00, run_after=2026-04-20 02:00:00+00:00
[2026-04-20T13:59:16.791+0000] {processor.py:183} INFO - Processing /opt/airflow/dags/mlops_orchestration.py took 0.095 seconds
[2026-04-20T13:59:46.987+0000] {processor.py:161} INFO - Started process (PID=205) to work on /opt/airflow/dags/mlops_orchestration.py
[2026-04-20T13:59:46.988+0000] {processor.py:830} INFO - Processing file /opt/airflow/dags/mlops_orchestration.py for tasks to queue
[2026-04-20T13:59:46.991+0000] {logging_mixin.py:188} INFO - [2026-04-20T13:59:46.990+0000] {dagbag.py:545} INFO - Filling up the DagBag from /opt/airflow/dags/mlops_orchestration.py
[2026-04-20T13:59:47.013+0000] {processor.py:840} INFO - DAG(s) 'mlops_orchestration' retrieved from /opt/airflow/dags/mlops_orchestration.py
[2026-04-20T13:59:47.043+0000] {logging_mixin.py:188} INFO - [2026-04-20T13:59:47.043+0000] {dag.py:3096} INFO - Sync 1 DAGs
[2026-04-20T13:59:47.062+0000] {logging_mixin.py:188} INFO - [2026-04-20T13:59:47.062+0000] {dag.py:3954} INFO - Setting next_dagrun for mlops_orchestration to 2026-04-19 02:00:00+00:00, run_after=2026-04-20 02:00:00+00:00
[2026-04-20T13:59:47.082+0000] {processor.py:183} INFO - Processing /opt/airflow/dags/mlops_orchestration.py took 0.101 seconds
[2026-04-20T14:00:17.270+0000] {processor.py:161} INFO - Started process (PID=206) to work on /opt/airflow/dags/mlops_orchestration.py
[2026-04-20T14:00:17.271+0000] {processor.py:830} INFO - Processing file /opt/airflow/dags/mlops_orchestration.py for tasks to queue
[2026-04-20T14:00:17.273+0000] {logging_mixin.py:188} INFO - [2026-04-20T14:00:17.273+0000] {dagbag.py:545} INFO - Filling up the DagBag from /opt/airflow/dags/mlops_orchestration.py
[2026-04-20T14:00:17.292+0000] {processor.py:840} INFO - DAG(s) 'mlops_orchestration' retrieved from /opt/airflow/dags/mlops_orchestration.py
[2026-04-20T14:00:17.320+0000] {logging_mixin.py:188} INFO - [2026-04-20T14:00:17.320+0000] {dag.py:3096} INFO - Sync 1 DAGs
[2026-04-20T14:00:17.337+0000] {logging_mixin.py:188} INFO - [2026-04-20T14:00:17.337+0000] {dag.py:3954} INFO - Setting next_dagrun for mlops_orchestration to 2026-04-19 02:00:00+00:00, run_after=2026-04-20 02:00:00+00:00
[2026-04-20T14:00:17.358+0000] {processor.py:183} INFO - Processing /opt/airflow/dags/mlops_orchestration.py took 0.093 seconds
[2026-04-20T14:00:47.447+0000] {processor.py:161} INFO - Started process (PID=207) to work on /opt/airflow/dags/mlops_orchestration.py
[2026-04-20T14:00:47.448+0000] {processor.py:830} INFO - Processing file /opt/airflow/dags/mlops_orchestration.py for tasks to queue
[2026-04-20T14:00:47.450+0000] {logging_mixin.py:188} INFO - [2026-04-20T14:00:47.450+0000] {dagbag.py:545} INFO - Filling up the DagBag from /opt/airflow/dags/mlops_orchestration.py
[2026-04-20T14:00:47.471+0000] {processor.py:840} INFO - DAG(s) 'mlops_orchestration' retrieved from /opt/airflow/dags/mlops_orchestration.py
[2026-04-20T14:00:47.501+0000] {logging_mixin.py:188} INFO - [2026-04-20T14:00:47.501+0000] {dag.py:3096} INFO - Sync 1 DAGs
[2026-04-20T14:00:47.519+0000] {logging_mixin.py:188} INFO - [2026-04-20T14:00:47.519+0000] {dag.py:3954} INFO - Setting next_dagrun for mlops_orchestration to 2026-04-19 02:00:00+00:00, run_after=2026-04-20 02:00:00+00:00
[2026-04-20T14:00:47.541+0000] {processor.py:183} INFO - Processing /opt/airflow/dags/mlops_orchestration.py took 0.099 seconds
[2026-04-20T14:01:17.727+0000] {processor.py:161} INFO - Started process (PID=208) to work on /opt/airflow/dags/mlops_orchestration.py
[2026-04-20T14:01:17.728+0000] {processor.py:830} INFO - Processing file /opt/airflow/dags/mlops_orchestration.py for tasks to queue
[2026-04-20T14:01:17.731+0000] {logging_mixin.py:188} INFO - [2026-04-20T14:01:17.730+0000] {dagbag.py:545} INFO - Filling up the DagBag from /opt/airflow/dags/mlops_orchestration.py
[2026-04-20T14:01:17.754+0000] {processor.py:840} INFO - DAG(s) 'mlops_orchestration' retrieved from /opt/airflow/dags/mlops_orchestration.py
[2026-04-20T14:01:17.787+0000] {logging_mixin.py:188} INFO - [2026-04-20T14:01:17.787+0000] {dag.py:3096} INFO - Sync 1 DAGs
[2026-04-20T14:01:17.809+0000] {logging_mixin.py:188} INFO - [2026-04-20T14:01:17.809+0000] {dag.py:3954} INFO - Setting next_dagrun for mlops_orchestration to 2026-04-19 02:00:00+00:00, run_after=2026-04-20 02:00:00+00:00
[2026-04-20T14:01:17.839+0000] {processor.py:183} INFO - Processing /opt/airflow/dags/mlops_orchestration.py took 0.117 seconds
[2026-04-20T14:01:48.004+0000] {processor.py:161} INFO - Started process (PID=209) to work on /opt/airflow/dags/mlops_orchestration.py
[2026-04-20T14:01:48.005+0000] {processor.py:830} INFO - Processing file /opt/airflow/dags/mlops_orchestration.py for tasks to queue
[2026-04-20T14:01:48.007+0000] {logging_mixin.py:188} INFO - [2026-04-20T14:01:48.007+0000] {dagbag.py:545} INFO - Filling up the DagBag from /opt/airflow/dags/mlops_orchestration.py
[2026-04-20T14:01:48.029+0000] {processor.py:840} INFO - DAG(s) 'mlops_orchestration' retrieved from /opt/airflow/dags/mlops_orchestration.py
[2026-04-20T14:01:48.064+0000] {logging_mixin.py:188} INFO - [2026-04-20T14:01:48.063+0000] {dag.py:3096} INFO - Sync 1 DAGs
[2026-04-20T14:01:48.085+0000] {logging_mixin.py:188} INFO - [2026-04-20T14:01:48.085+0000] {dag.py:3954} INFO - Setting next_dagrun for mlops_orchestration to 2026-04-19 02:00:00+00:00, run_after=2026-04-20 02:00:00+00:00
[2026-04-20T14:01:48.107+0000] {processor.py:183} INFO - Processing /opt/airflow/dags/mlops_orchestration.py took 0.108 seconds
[2026-04-20T14:02:18.288+0000] {processor.py:161} INFO - Started process (PID=210) to work on /opt/airflow/dags/mlops_orchestration.py
[2026-04-20T14:02:18.290+0000] {processor.py:830} INFO - Processing file /opt/airflow/dags/mlops_orchestration.py for tasks to queue
[2026-04-20T14:02:18.293+0000] {logging_mixin.py:188} INFO - [2026-04-20T14:02:18.292+0000] {dagbag.py:545} INFO - Filling up the DagBag from /opt/airflow/dags/mlops_orchestration.py
[2026-04-20T14:02:18.323+0000] {processor.py:840} INFO - DAG(s) 'mlops_orchestration' retrieved from /opt/airflow/dags/mlops_orchestration.py
[2026-04-20T14:02:18.361+0000] {logging_mixin.py:188} INFO - [2026-04-20T14:02:18.361+0000] {dag.py:3096} INFO - Sync 1 DAGs
[2026-04-20T14:02:18.383+0000] {logging_mixin.py:188} INFO - [2026-04-20T14:02:18.383+0000] {dag.py:3954} INFO - Setting next_dagrun for mlops_orchestration to 2026-04-19 02:00:00+00:00, run_after=2026-04-20 02:00:00+00:00
[2026-04-20T14:02:18.408+0000] {processor.py:183} INFO - Processing /opt/airflow/dags/mlops_orchestration.py took 0.129 seconds
[2026-04-20T14:02:48.565+0000] {processor.py:161} INFO - Started process (PID=211) to work on /opt/airflow/dags/mlops_orchestration.py
[2026-04-20T14:02:48.567+0000] {processor.py:830} INFO - Processing file /opt/airflow/dags/mlops_orchestration.py for tasks to queue
[2026-04-20T14:02:48.570+0000] {logging_mixin.py:188} INFO - [2026-04-20T14:02:48.570+0000] {dagbag.py:545} INFO - Filling up the DagBag from /opt/airflow/dags/mlops_orchestration.py
[2026-04-20T14:02:48.595+0000] {processor.py:840} INFO - DAG(s) 'mlops_orchestration' retrieved from /opt/airflow/dags/mlops_orchestration.py
[2026-04-20T14:02:48.632+0000] {logging_mixin.py:188} INFO - [2026-04-20T14:02:48.632+0000] {dag.py:3096} INFO - Sync 1 DAGs
[2026-04-20T14:02:48.652+0000] {logging_mixin.py:188} INFO - [2026-04-20T14:02:48.652+0000] {dag.py:3954} INFO - Setting next_dagrun for mlops_orchestration to 2026-04-19 02:00:00+00:00, run_after=2026-04-20 02:00:00+00:00
[2026-04-20T14:02:48.674+0000] {processor.py:183} INFO - Processing /opt/airflow/dags/mlops_orchestration.py took 0.115 seconds
[2026-04-20T14:03:18.833+0000] {processor.py:161} INFO - Started process (PID=212) to work on /opt/airflow/dags/mlops_orchestration.py
[2026-04-20T14:03:18.834+0000] {processor.py:830} INFO - Processing file /opt/airflow/dags/mlops_orchestration.py for tasks to queue
[2026-04-20T14:03:18.837+0000] {logging_mixin.py:188} INFO - [2026-04-20T14:03:18.836+0000] {dagbag.py:545} INFO - Filling up the DagBag from /opt/airflow/dags/mlops_orchestration.py
[2026-04-20T14:03:18.861+0000] {processor.py:840} INFO - DAG(s) 'mlops_orchestration' retrieved from /opt/airflow/dags/mlops_orchestration.py
[2026-04-20T14:03:18.897+0000] {logging_mixin.py:188} INFO - [2026-04-20T14:03:18.897+0000] {dag.py:3096} INFO - Sync 1 DAGs
[2026-04-20T14:03:18.921+0000] {logging_mixin.py:188} INFO - [2026-04-20T14:03:18.921+0000] {dag.py:3954} INFO - Setting next_dagrun for mlops_orchestration to 2026-04-19 02:00:00+00:00, run_after=2026-04-20 02:00:00+00:00
[2026-04-20T14:03:18.952+0000] {processor.py:183} INFO - Processing /opt/airflow/dags/mlops_orchestration.py took 0.124 seconds
[2026-04-20T14:03:49.116+0000] {processor.py:161} INFO - Started process (PID=213) to work on /opt/airflow/dags/mlops_orchestration.py
[2026-04-20T14:03:49.117+0000] {processor.py:830} INFO - Processing file /opt/airflow/dags/mlops_orchestration.py for tasks to queue
[2026-04-20T14:03:49.119+0000] {logging_mixin.py:188} INFO - [2026-04-20T14:03:49.119+0000] {dagbag.py:545} INFO - Filling up the DagBag from /opt/airflow/dags/mlops_orchestration.py
[2026-04-20T14:03:49.145+0000] {processor.py:840} INFO - DAG(s) 'mlops_orchestration' retrieved from /opt/airflow/dags/mlops_orchestration.py
[2026-04-20T14:03:49.179+0000] {logging_mixin.py:188} INFO - [2026-04-20T14:03:49.178+0000] {dag.py:3096} INFO - Sync 1 DAGs
[2026-04-20T14:03:49.201+0000] {logging_mixin.py:188} INFO - [2026-04-20T14:03:49.200+0000] {dag.py:3954} INFO - Setting next_dagrun for mlops_orchestration to 2026-04-19 02:00:00+00:00, run_after=2026-04-20 02:00:00+00:00
[2026-04-20T14:03:49.225+0000] {processor.py:183} INFO - Processing /opt/airflow/dags/mlops_orchestration.py took 0.114 seconds
[2026-04-20T14:04:19.388+0000] {processor.py:161} INFO - Started process (PID=214) to work on /opt/airflow/dags/mlops_orchestration.py
[2026-04-20T14:04:19.389+0000] {processor.py:830} INFO - Processing file /opt/airflow/dags/mlops_orchestration.py for tasks to queue
[2026-04-20T14:04:19.392+0000] {logging_mixin.py:188} INFO - [2026-04-20T14:04:19.391+0000] {dagbag.py:545} INFO - Filling up the DagBag from /opt/airflow/dags/mlops_orchestration.py
[2026-04-20T14:04:19.419+0000] {processor.py:840} INFO - DAG(s) 'mlops_orchestration' retrieved from /opt/airflow/dags/mlops_orchestration.py
[2026-04-20T14:04:19.453+0000] {logging_mixin.py:188} INFO - [2026-04-20T14:04:19.452+0000] {dag.py:3096} INFO - Sync 1 DAGs
[2026-04-20T14:04:19.475+0000] {logging_mixin.py:188} INFO - [2026-04-20T14:04:19.475+0000] {dag.py:3954} INFO - Setting next_dagrun for mlops_orchestration to 2026-04-19 02:00:00+00:00, run_after=2026-04-20 02:00:00+00:00
[2026-04-20T14:04:19.503+0000] {processor.py:183} INFO - Processing /opt/airflow/dags/mlops_orchestration.py took 0.125 seconds
[2026-04-20T14:04:49.657+0000] {processor.py:161} INFO - Started process (PID=215) to work on /opt/airflow/dags/mlops_orchestration.py
[2026-04-20T14:04:49.658+0000] {processor.py:830} INFO - Processing file /opt/airflow/dags/mlops_orchestration.py for tasks to queue
[2026-04-20T14:04:49.660+0000] {logging_mixin.py:188} INFO - [2026-04-20T14:04:49.660+0000] {dagbag.py:545} INFO - Filling up the DagBag from /opt/airflow/dags/mlops_orchestration.py
[2026-04-20T14:04:49.683+0000] {processor.py:840} INFO - DAG(s) 'mlops_orchestration' retrieved from /opt/airflow/dags/mlops_orchestration.py
[2026-04-20T14:04:49.720+0000] {logging_mixin.py:188} INFO - [2026-04-20T14:04:49.720+0000] {dag.py:3096} INFO - Sync 1 DAGs
[2026-04-20T14:04:49.742+0000] {logging_mixin.py:188} INFO - [2026-04-20T14:04:49.741+0000] {dag.py:3954} INFO - Setting next_dagrun for mlops_orchestration to 2026-04-19 02:00:00+00:00, run_after=2026-04-20 02:00:00+00:00
[2026-04-20T14:04:49.763+0000] {processor.py:183} INFO - Processing /opt/airflow/dags/mlops_orchestration.py took 0.114 seconds
[2026-04-20T14:05:19.947+0000] {processor.py:161} INFO - Started process (PID=216) to work on /opt/airflow/dags/mlops_orchestration.py
[2026-04-20T14:05:19.948+0000] {processor.py:830} INFO - Processing file /opt/airflow/dags/mlops_orchestration.py for tasks to queue
[2026-04-20T14:05:19.951+0000] {logging_mixin.py:188} INFO - [2026-04-20T14:05:19.951+0000] {dagbag.py:545} INFO - Filling up the DagBag from /opt/airflow/dags/mlops_orchestration.py
[2026-04-20T14:05:19.989+0000] {processor.py:840} INFO - DAG(s) 'mlops_orchestration' retrieved from /opt/airflow/dags/mlops_orchestration.py
[2026-04-20T14:05:20.035+0000] {logging_mixin.py:188} INFO - [2026-04-20T14:05:20.034+0000] {dag.py:3096} INFO - Sync 1 DAGs
[2026-04-20T14:05:20.057+0000] {logging_mixin.py:188} INFO - [2026-04-20T14:05:20.057+0000] {dag.py:3954} INFO - Setting next_dagrun for mlops_orchestration to 2026-04-19 02:00:00+00:00, run_after=2026-04-20 02:00:00+00:00
[2026-04-20T14:05:20.086+0000] {processor.py:183} INFO - Processing /opt/airflow/dags/mlops_orchestration.py took 0.149 seconds
[2026-04-20T14:05:50.220+0000] {processor.py:161} INFO - Started process (PID=217) to work on /opt/airflow/dags/mlops_orchestration.py
[2026-04-20T14:05:50.222+0000] {processor.py:830} INFO - Processing file /opt/airflow/dags/mlops_orchestration.py for tasks to queue
[2026-04-20T14:05:50.225+0000] {logging_mixin.py:188} INFO - [2026-04-20T14:05:50.224+0000] {dagbag.py:545} INFO - Filling up the DagBag from /opt/airflow/dags/mlops_orchestration.py
[2026-04-20T14:05:50.252+0000] {processor.py:840} INFO - DAG(s) 'mlops_orchestration' retrieved from /opt/airflow/dags/mlops_orchestration.py
[2026-04-20T14:05:50.288+0000] {logging_mixin.py:188} INFO - [2026-04-20T14:05:50.288+0000] {dag.py:3096} INFO - Sync 1 DAGs
[2026-04-20T14:05:50.313+0000] {logging_mixin.py:188} INFO - [2026-04-20T14:05:50.313+0000] {dag.py:3954} INFO - Setting next_dagrun for mlops_orchestration to 2026-04-19 02:00:00+00:00, run_after=2026-04-20 02:00:00+00:00
[2026-04-20T14:05:50.337+0000] {processor.py:183} INFO - Processing /opt/airflow/dags/mlops_orchestration.py took 0.123 seconds
[2026-04-20T14:06:20.499+0000] {processor.py:161} INFO - Started process (PID=218) to work on /opt/airflow/dags/mlops_orchestration.py
[2026-04-20T14:06:20.500+0000] {processor.py:830} INFO - Processing file /opt/airflow/dags/mlops_orchestration.py for tasks to queue
[2026-04-20T14:06:20.504+0000] {logging_mixin.py:188} INFO - [2026-04-20T14:06:20.503+0000] {dagbag.py:545} INFO - Filling up the DagBag from /opt/airflow/dags/mlops_orchestration.py
[2026-04-20T14:06:20.528+0000] {processor.py:840} INFO - DAG(s) 'mlops_orchestration' retrieved from /opt/airflow/dags/mlops_orchestration.py
[2026-04-20T14:06:20.571+0000] {logging_mixin.py:188} INFO - [2026-04-20T14:06:20.571+0000] {dag.py:3096} INFO - Sync 1 DAGs
[2026-04-20T14:06:20.594+0000] {logging_mixin.py:188} INFO - [2026-04-20T14:06:20.594+0000] {dag.py:3954} INFO - Setting next_dagrun for mlops_orchestration to 2026-04-19 02:00:00+00:00, run_after=2026-04-20 02:00:00+00:00
[2026-04-20T14:06:20.621+0000] {processor.py:183} INFO - Processing /opt/airflow/dags/mlops_orchestration.py took 0.130 seconds
[2026-04-20T14:06:50.775+0000] {processor.py:161} INFO - Started process (PID=219) to work on /opt/airflow/dags/mlops_orchestration.py
[2026-04-20T14:06:50.777+0000] {processor.py:830} INFO - Processing file /opt/airflow/dags/mlops_orchestration.py for tasks to queue
[2026-04-20T14:06:50.782+0000] {logging_mixin.py:188} INFO - [2026-04-20T14:06:50.781+0000] {dagbag.py:545} INFO - Filling up the DagBag from /opt/airflow/dags/mlops_orchestration.py
[2026-04-20T14:06:50.817+0000] {processor.py:840} INFO - DAG(s) 'mlops_orchestration' retrieved from /opt/airflow/dags/mlops_orchestration.py
[2026-04-20T14:06:50.866+0000] {logging_mixin.py:188} INFO - [2026-04-20T14:06:50.866+0000] {dag.py:3096} INFO - Sync 1 DAGs
[2026-04-20T14:06:50.904+0000] {logging_mixin.py:188} INFO - [2026-04-20T14:06:50.903+0000] {dag.py:3954} INFO - Setting next_dagrun for mlops_orchestration to 2026-04-19 02:00:00+00:00, run_after=2026-04-20 02:00:00+00:00
[2026-04-20T14:06:50.953+0000] {processor.py:183} INFO - Processing /opt/airflow/dags/mlops_orchestration.py took 0.186 seconds
[2026-04-20T14:07:21.094+0000] {processor.py:161} INFO - Started process (PID=220) to work on /opt/airflow/dags/mlops_orchestration.py
[2026-04-20T14:07:21.096+0000] {processor.py:830} INFO - Processing file /opt/airflow/dags/mlops_orchestration.py for tasks to queue
[2026-04-20T14:07:21.098+0000] {logging_mixin.py:188} INFO - [2026-04-20T14:07:21.098+0000] {dagbag.py:545} INFO - Filling up the DagBag from /opt/airflow/dags/mlops_orchestration.py
[2026-04-20T14:07:21.140+0000] {processor.py:840} INFO - DAG(s) 'mlops_orchestration' retrieved from /opt/airflow/dags/mlops_orchestration.py
[2026-04-20T14:07:21.192+0000] {logging_mixin.py:188} INFO - [2026-04-20T14:07:21.191+0000] {dag.py:3096} INFO - Sync 1 DAGs
[2026-04-20T14:07:21.220+0000] {logging_mixin.py:188} INFO - [2026-04-20T14:07:21.219+0000] {dag.py:3954} INFO - Setting next_dagrun for mlops_orchestration to 2026-04-19 02:00:00+00:00, run_after=2026-04-20 02:00:00+00:00
[2026-04-20T14:07:21.253+0000] {processor.py:183} INFO - Processing /opt/airflow/dags/mlops_orchestration.py took 0.168 seconds
[2026-04-20T14:07:51.362+0000] {processor.py:161} INFO - Started process (PID=221) to work on /opt/airflow/dags/mlops_orchestration.py
[2026-04-20T14:07:51.363+0000] {processor.py:830} INFO - Processing file /opt/airflow/dags/mlops_orchestration.py for tasks to queue
[2026-04-20T14:07:51.366+0000] {logging_mixin.py:188} INFO - [2026-04-20T14:07:51.365+0000] {dagbag.py:545} INFO - Filling up the DagBag from /opt/airflow/dags/mlops_orchestration.py
[2026-04-20T14:07:51.392+0000] {processor.py:840} INFO - DAG(s) 'mlops_orchestration' retrieved from /opt/airflow/dags/mlops_orchestration.py
[2026-04-20T14:07:51.492+0000] {logging_mixin.py:188} INFO - [2026-04-20T14:07:51.492+0000] {dag.py:3096} INFO - Sync 1 DAGs
[2026-04-20T14:07:51.549+0000] {logging_mixin.py:188} INFO - [2026-04-20T14:07:51.548+0000] {dag.py:3954} INFO - Setting next_dagrun for mlops_orchestration to 2026-04-19 02:00:00+00:00, run_after=2026-04-20 02:00:00+00:00
[2026-04-20T14:07:51.580+0000] {processor.py:183} INFO - Processing /opt/airflow/dags/mlops_orchestration.py took 0.225 seconds
[2026-04-20T14:08:21.754+0000] {processor.py:161} INFO - Started process (PID=222) to work on /opt/airflow/dags/mlops_orchestration.py
[2026-04-20T14:08:21.756+0000] {processor.py:830} INFO - Processing file /opt/airflow/dags/mlops_orchestration.py for tasks to queue
[2026-04-20T14:08:21.758+0000] {logging_mixin.py:188} INFO - [2026-04-20T14:08:21.758+0000] {dagbag.py:545} INFO - Filling up the DagBag from /opt/airflow/dags/mlops_orchestration.py
[2026-04-20T14:08:21.785+0000] {processor.py:840} INFO - DAG(s) 'mlops_orchestration' retrieved from /opt/airflow/dags/mlops_orchestration.py
[2026-04-20T14:08:21.841+0000] {logging_mixin.py:188} INFO - [2026-04-20T14:08:21.841+0000] {dag.py:3096} INFO - Sync 1 DAGs
[2026-04-20T14:08:21.873+0000] {logging_mixin.py:188} INFO - [2026-04-20T14:08:21.873+0000] {dag.py:3954} INFO - Setting next_dagrun for mlops_orchestration to 2026-04-19 02:00:00+00:00, run_after=2026-04-20 02:00:00+00:00
[2026-04-20T14:08:21.919+0000] {processor.py:183} INFO - Processing /opt/airflow/dags/mlops_orchestration.py took 0.171 seconds
[2026-04-20T14:08:52.046+0000] {processor.py:161} INFO - Started process (PID=223) to work on /opt/airflow/dags/mlops_orchestration.py
[2026-04-20T14:08:52.049+0000] {processor.py:830} INFO - Processing file /opt/airflow/dags/mlops_orchestration.py for tasks to queue
[2026-04-20T14:08:52.052+0000] {logging_mixin.py:188} INFO - [2026-04-20T14:08:52.051+0000] {dagbag.py:545} INFO - Filling up the DagBag from /opt/airflow/dags/mlops_orchestration.py
[2026-04-20T14:08:52.080+0000] {processor.py:840} INFO - DAG(s) 'mlops_orchestration' retrieved from /opt/airflow/dags/mlops_orchestration.py
[2026-04-20T14:08:52.124+0000] {logging_mixin.py:188} INFO - [2026-04-20T14:08:52.123+0000] {dag.py:3096} INFO - Sync 1 DAGs
[2026-04-20T14:08:52.160+0000] {logging_mixin.py:188} INFO - [2026-04-20T14:08:52.160+0000] {dag.py:3954} INFO - Setting next_dagrun for mlops_orchestration to 2026-04-19 02:00:00+00:00, run_after=2026-04-20 02:00:00+00:00
[2026-04-20T14:08:52.196+0000] {processor.py:183} INFO - Processing /opt/airflow/dags/mlops_orchestration.py took 0.156 seconds
[2026-04-20T14:09:22.337+0000] {processor.py:161} INFO - Started process (PID=224) to work on /opt/airflow/dags/mlops_orchestration.py
[2026-04-20T14:09:22.338+0000] {processor.py:830} INFO - Processing file /opt/airflow/dags/mlops_orchestration.py for tasks to queue
[2026-04-20T14:09:22.341+0000] {logging_mixin.py:188} INFO - [2026-04-20T14:09:22.340+0000] {dagbag.py:545} INFO - Filling up the DagBag from /opt/airflow/dags/mlops_orchestration.py
[2026-04-20T14:09:22.368+0000] {processor.py:840} INFO - DAG(s) 'mlops_orchestration' retrieved from /opt/airflow/dags/mlops_orchestration.py
[2026-04-20T14:09:22.418+0000] {logging_mixin.py:188} INFO - [2026-04-20T14:09:22.417+0000] {dag.py:3096} INFO - Sync 1 DAGs
[2026-04-20T14:09:22.447+0000] {logging_mixin.py:188} INFO - [2026-04-20T14:09:22.447+0000] {dag.py:3954} INFO - Setting next_dagrun for mlops_orchestration to 2026-04-19 02:00:00+00:00, run_after=2026-04-20 02:00:00+00:00
[2026-04-20T14:09:22.481+0000] {processor.py:183} INFO - Processing /opt/airflow/dags/mlops_orchestration.py took 0.150 seconds
[2026-04-20T14:09:52.608+0000] {processor.py:161} INFO - Started process (PID=225) to work on /opt/airflow/dags/mlops_orchestration.py
[2026-04-20T14:09:52.610+0000] {processor.py:830} INFO - Processing file /opt/airflow/dags/mlops_orchestration.py for tasks to queue
[2026-04-20T14:09:52.612+0000] {logging_mixin.py:188} INFO - [2026-04-20T14:09:52.611+0000] {dagbag.py:545} INFO - Filling up the DagBag from /opt/airflow/dags/mlops_orchestration.py
[2026-04-20T14:09:52.636+0000] {processor.py:840} INFO - DAG(s) 'mlops_orchestration' retrieved from /opt/airflow/dags/mlops_orchestration.py
[2026-04-20T14:09:52.691+0000] {logging_mixin.py:188} INFO - [2026-04-20T14:09:52.691+0000] {dag.py:3096} INFO - Sync 1 DAGs
[2026-04-20T14:09:52.714+0000] {logging_mixin.py:188} INFO - [2026-04-20T14:09:52.713+0000] {dag.py:3954} INFO - Setting next_dagrun for mlops_orchestration to 2026-04-19 02:00:00+00:00, run_after=2026-04-20 02:00:00+00:00
[2026-04-20T14:09:52.738+0000] {processor.py:183} INFO - Processing /opt/airflow/dags/mlops_orchestration.py took 0.138 seconds
[2026-04-20T14:10:22.877+0000] {processor.py:161} INFO - Started process (PID=226) to work on /opt/airflow/dags/mlops_orchestration.py
[2026-04-20T14:10:22.878+0000] {processor.py:830} INFO - Processing file /opt/airflow/dags/mlops_orchestration.py for tasks to queue
[2026-04-20T14:10:22.880+0000] {logging_mixin.py:188} INFO - [2026-04-20T14:10:22.879+0000] {dagbag.py:545} INFO - Filling up the DagBag from /opt/airflow/dags/mlops_orchestration.py
[2026-04-20T14:10:22.905+0000] {processor.py:840} INFO - DAG(s) 'mlops_orchestration' retrieved from /opt/airflow/dags/mlops_orchestration.py
[2026-04-20T14:10:22.940+0000] {logging_mixin.py:188} INFO - [2026-04-20T14:10:22.940+0000] {dag.py:3096} INFO - Sync 1 DAGs
[2026-04-20T14:10:22.963+0000] {logging_mixin.py:188} INFO - [2026-04-20T14:10:22.962+0000] {dag.py:3954} INFO - Setting next_dagrun for mlops_orchestration to 2026-04-19 02:00:00+00:00, run_after=2026-04-20 02:00:00+00:00
[2026-04-20T14:10:22.984+0000] {processor.py:183} INFO - Processing /opt/airflow/dags/mlops_orchestration.py took 0.114 seconds
[2026-04-20T14:10:53.161+0000] {processor.py:161} INFO - Started process (PID=227) to work on /opt/airflow/dags/mlops_orchestration.py
[2026-04-20T14:10:53.162+0000] {processor.py:830} INFO - Processing file /opt/airflow/dags/mlops_orchestration.py for tasks to queue
[2026-04-20T14:10:53.166+0000] {logging_mixin.py:188} INFO - [2026-04-20T14:10:53.165+0000] {dagbag.py:545} INFO - Filling up the DagBag from /opt/airflow/dags/mlops_orchestration.py
[2026-04-20T14:10:53.222+0000] {processor.py:840} INFO - DAG(s) 'mlops_orchestration' retrieved from /opt/airflow/dags/mlops_orchestration.py
[2026-04-20T14:10:53.292+0000] {logging_mixin.py:188} INFO - [2026-04-20T14:10:53.291+0000] {dag.py:3096} INFO - Sync 1 DAGs
[2026-04-20T14:10:53.328+0000] {logging_mixin.py:188} INFO - [2026-04-20T14:10:53.327+0000] {dag.py:3954} INFO - Setting next_dagrun for mlops_orchestration to 2026-04-19 02:00:00+00:00, run_after=2026-04-20 02:00:00+00:00
[2026-04-20T14:10:53.360+0000] {processor.py:183} INFO - Processing /opt/airflow/dags/mlops_orchestration.py took 0.206 seconds
[2026-04-20T14:11:23.561+0000] {processor.py:161} INFO - Started process (PID=228) to work on /opt/airflow/dags/mlops_orchestration.py
[2026-04-20T14:11:23.562+0000] {processor.py:830} INFO - Processing file /opt/airflow/dags/mlops_orchestration.py for tasks to queue
[2026-04-20T14:11:23.564+0000] {logging_mixin.py:188} INFO - [2026-04-20T14:11:23.564+0000] {dagbag.py:545} INFO - Filling up the DagBag from /opt/airflow/dags/mlops_orchestration.py
[2026-04-20T14:11:23.593+0000] {processor.py:840} INFO - DAG(s) 'mlops_orchestration' retrieved from /opt/airflow/dags/mlops_orchestration.py
[2026-04-20T14:11:23.630+0000] {logging_mixin.py:188} INFO - [2026-04-20T14:11:23.630+0000] {dag.py:3096} INFO - Sync 1 DAGs
[2026-04-20T14:11:23.654+0000] {logging_mixin.py:188} INFO - [2026-04-20T14:11:23.654+0000] {dag.py:3954} INFO - Setting next_dagrun for mlops_orchestration to 2026-04-19 02:00:00+00:00, run_after=2026-04-20 02:00:00+00:00
[2026-04-20T14:11:23.682+0000] {processor.py:183} INFO - Processing /opt/airflow/dags/mlops_orchestration.py took 0.126 seconds
[2026-04-20T14:11:53.800+0000] {processor.py:161} INFO - Started process (PID=229) to work on /opt/airflow/dags/mlops_orchestration.py
[2026-04-20T14:11:53.801+0000] {processor.py:830} INFO - Processing file /opt/airflow/dags/mlops_orchestration.py for tasks to queue
[2026-04-20T14:11:53.805+0000] {logging_mixin.py:188} INFO - [2026-04-20T14:11:53.804+0000] {dagbag.py:545} INFO - Filling up the DagBag from /opt/airflow/dags/mlops_orchestration.py
[2026-04-20T14:11:53.838+0000] {processor.py:840} INFO - DAG(s) 'mlops_orchestration' retrieved from /opt/airflow/dags/mlops_orchestration.py
[2026-04-20T14:11:53.881+0000] {logging_mixin.py:188} INFO - [2026-04-20T14:11:53.881+0000] {dag.py:3096} INFO - Sync 1 DAGs
[2026-04-20T14:11:53.908+0000] {logging_mixin.py:188} INFO - [2026-04-20T14:11:53.908+0000] {dag.py:3954} INFO - Setting next_dagrun for mlops_orchestration to 2026-04-19 02:00:00+00:00, run_after=2026-04-20 02:00:00+00:00
[2026-04-20T14:11:53.932+0000] {processor.py:183} INFO - Processing /opt/airflow/dags/mlops_orchestration.py took 0.138 seconds
[2026-04-20T14:12:24.076+0000] {processor.py:161} INFO - Started process (PID=230) to work on /opt/airflow/dags/mlops_orchestration.py
[2026-04-20T14:12:24.078+0000] {processor.py:830} INFO - Processing file /opt/airflow/dags/mlops_orchestration.py for tasks to queue
[2026-04-20T14:12:24.081+0000] {logging_mixin.py:188} INFO - [2026-04-20T14:12:24.080+0000] {dagbag.py:545} INFO - Filling up the DagBag from /opt/airflow/dags/mlops_orchestration.py
[2026-04-20T14:12:24.120+0000] {processor.py:840} INFO - DAG(s) 'mlops_orchestration' retrieved from /opt/airflow/dags/mlops_orchestration.py
[2026-04-20T14:12:24.173+0000] {logging_mixin.py:188} INFO - [2026-04-20T14:12:24.172+0000] {dag.py:3096} INFO - Sync 1 DAGs
[2026-04-20T14:12:24.201+0000] {logging_mixin.py:188} INFO - [2026-04-20T14:12:24.201+0000] {dag.py:3954} INFO - Setting next_dagrun for mlops_orchestration to 2026-04-19 02:00:00+00:00, run_after=2026-04-20 02:00:00+00:00
[2026-04-20T14:12:24.230+0000] {processor.py:183} INFO - Processing /opt/airflow/dags/mlops_orchestration.py took 0.166 seconds
[2026-04-20T14:12:54.298+0000] {processor.py:161} INFO - Started process (PID=231) to work on /opt/airflow/dags/mlops_orchestration.py
[2026-04-20T14:12:54.300+0000] {processor.py:830} INFO - Processing file /opt/airflow/dags/mlops_orchestration.py for tasks to queue
[2026-04-20T14:12:54.302+0000] {logging_mixin.py:188} INFO - [2026-04-20T14:12:54.302+0000] {dagbag.py:545} INFO - Filling up the DagBag from /opt/airflow/dags/mlops_orchestration.py
[2026-04-20T14:12:54.327+0000] {processor.py:840} INFO - DAG(s) 'mlops_orchestration' retrieved from /opt/airflow/dags/mlops_orchestration.py
[2026-04-20T14:12:54.373+0000] {logging_mixin.py:188} INFO - [2026-04-20T14:12:54.373+0000] {dag.py:3096} INFO - Sync 1 DAGs
[2026-04-20T14:12:54.396+0000] {logging_mixin.py:188} INFO - [2026-04-20T14:12:54.396+0000] {dag.py:3954} INFO - Setting next_dagrun for mlops_orchestration to 2026-04-19 02:00:00+00:00, run_after=2026-04-20 02:00:00+00:00
[2026-04-20T14:12:54.418+0000] {processor.py:183} INFO - Processing /opt/airflow/dags/mlops_orchestration.py took 0.126 seconds
[2026-04-20T14:13:24.578+0000] {processor.py:161} INFO - Started process (PID=232) to work on /opt/airflow/dags/mlops_orchestration.py
[2026-04-20T14:13:24.580+0000] {processor.py:830} INFO - Processing file /opt/airflow/dags/mlops_orchestration.py for tasks to queue
[2026-04-20T14:13:24.583+0000] {logging_mixin.py:188} INFO - [2026-04-20T14:13:24.582+0000] {dagbag.py:545} INFO - Filling up the DagBag from /opt/airflow/dags/mlops_orchestration.py
[2026-04-20T14:13:24.607+0000] {processor.py:840} INFO - DAG(s) 'mlops_orchestration' retrieved from /opt/airflow/dags/mlops_orchestration.py
[2026-04-20T14:13:24.640+0000] {logging_mixin.py:188} INFO - [2026-04-20T14:13:24.640+0000] {dag.py:3096} INFO - Sync 1 DAGs
[2026-04-20T14:13:24.665+0000] {logging_mixin.py:188} INFO - [2026-04-20T14:13:24.665+0000] {dag.py:3954} INFO - Setting next_dagrun for mlops_orchestration to 2026-04-19 02:00:00+00:00, run_after=2026-04-20 02:00:00+00:00
[2026-04-20T14:13:24.688+0000] {processor.py:183} INFO - Processing /opt/airflow/dags/mlops_orchestration.py took 0.117 seconds
[2026-04-20T14:13:54.860+0000] {processor.py:161} INFO - Started process (PID=233) to work on /opt/airflow/dags/mlops_orchestration.py
[2026-04-20T14:13:54.861+0000] {processor.py:830} INFO - Processing file /opt/airflow/dags/mlops_orchestration.py for tasks to queue
[2026-04-20T14:13:54.863+0000] {logging_mixin.py:188} INFO - [2026-04-20T14:13:54.862+0000] {dagbag.py:545} INFO - Filling up the DagBag from /opt/airflow/dags/mlops_orchestration.py
[2026-04-20T14:13:54.890+0000] {processor.py:840} INFO - DAG(s) 'mlops_orchestration' retrieved from /opt/airflow/dags/mlops_orchestration.py
[2026-04-20T14:13:54.928+0000] {logging_mixin.py:188} INFO - [2026-04-20T14:13:54.928+0000] {dag.py:3096} INFO - Sync 1 DAGs
[2026-04-20T14:13:54.952+0000] {logging_mixin.py:188} INFO - [2026-04-20T14:13:54.952+0000] {dag.py:3954} INFO - Setting next_dagrun for mlops_orchestration to 2026-04-19 02:00:00+00:00, run_after=2026-04-20 02:00:00+00:00
[2026-04-20T14:13:54.986+0000] {processor.py:183} INFO - Processing /opt/airflow/dags/mlops_orchestration.py took 0.135 seconds
[2026-04-20T14:14:25.133+0000] {processor.py:161} INFO - Started process (PID=234) to work on /opt/airflow/dags/mlops_orchestration.py
[2026-04-20T14:14:25.134+0000] {processor.py:830} INFO - Processing file /opt/airflow/dags/mlops_orchestration.py for tasks to queue
[2026-04-20T14:14:25.137+0000] {logging_mixin.py:188} INFO - [2026-04-20T14:14:25.137+0000] {dagbag.py:545} INFO - Filling up the DagBag from /opt/airflow/dags/mlops_orchestration.py
[2026-04-20T14:14:25.166+0000] {processor.py:840} INFO - DAG(s) 'mlops_orchestration' retrieved from /opt/airflow/dags/mlops_orchestration.py
[2026-04-20T14:14:25.201+0000] {logging_mixin.py:188} INFO - [2026-04-20T14:14:25.200+0000] {dag.py:3096} INFO - Sync 1 DAGs
[2026-04-20T14:14:25.222+0000] {logging_mixin.py:188} INFO - [2026-04-20T14:14:25.222+0000] {dag.py:3954} INFO - Setting next_dagrun for mlops_orchestration to 2026-04-19 02:00:00+00:00, run_after=2026-04-20 02:00:00+00:00
[2026-04-20T14:14:25.242+0000] {processor.py:183} INFO - Processing /opt/airflow/dags/mlops_orchestration.py took 0.117 seconds
[2026-04-20T14:14:55.395+0000] {processor.py:161} INFO - Started process (PID=235) to work on /opt/airflow/dags/mlops_orchestration.py
[2026-04-20T14:14:55.396+0000] {processor.py:830} INFO - Processing file /opt/airflow/dags/mlops_orchestration.py for tasks to queue
[2026-04-20T14:14:55.398+0000] {logging_mixin.py:188} INFO - [2026-04-20T14:14:55.397+0000] {dagbag.py:545} INFO - Filling up the DagBag from /opt/airflow/dags/mlops_orchestration.py
[2026-04-20T14:14:55.421+0000] {processor.py:840} INFO - DAG(s) 'mlops_orchestration' retrieved from /opt/airflow/dags/mlops_orchestration.py
[2026-04-20T14:14:55.458+0000] {logging_mixin.py:188} INFO - [2026-04-20T14:14:55.458+0000] {dag.py:3096} INFO - Sync 1 DAGs
[2026-04-20T14:14:55.485+0000] {logging_mixin.py:188} INFO - [2026-04-20T14:14:55.485+0000] {dag.py:3954} INFO - Setting next_dagrun for mlops_orchestration to 2026-04-19 02:00:00+00:00, run_after=2026-04-20 02:00:00+00:00
[2026-04-20T14:14:55.508+0000] {processor.py:183} INFO - Processing /opt/airflow/dags/mlops_orchestration.py took 0.119 seconds
[2026-04-20T14:15:25.689+0000] {processor.py:161} INFO - Started process (PID=236) to work on /opt/airflow/dags/mlops_orchestration.py
[2026-04-20T14:15:25.691+0000] {processor.py:830} INFO - Processing file /opt/airflow/dags/mlops_orchestration.py for tasks to queue
[2026-04-20T14:15:25.694+0000] {logging_mixin.py:188} INFO - [2026-04-20T14:15:25.693+0000] {dagbag.py:545} INFO - Filling up the DagBag from /opt/airflow/dags/mlops_orchestration.py
[2026-04-20T14:15:25.727+0000] {processor.py:840} INFO - DAG(s) 'mlops_orchestration' retrieved from /opt/airflow/dags/mlops_orchestration.py
[2026-04-20T14:15:25.766+0000] {logging_mixin.py:188} INFO - [2026-04-20T14:15:25.766+0000] {dag.py:3096} INFO - Sync 1 DAGs
[2026-04-20T14:15:25.795+0000] {logging_mixin.py:188} INFO - [2026-04-20T14:15:25.795+0000] {dag.py:3954} INFO - Setting next_dagrun for mlops_orchestration to 2026-04-19 02:00:00+00:00, run_after=2026-04-20 02:00:00+00:00
[2026-04-20T14:15:25.823+0000] {processor.py:183} INFO - Processing /opt/airflow/dags/mlops_orchestration.py took 0.144 seconds
[2026-04-20T14:15:55.970+0000] {processor.py:161} INFO - Started process (PID=237) to work on /opt/airflow/dags/mlops_orchestration.py
[2026-04-20T14:15:55.972+0000] {processor.py:830} INFO - Processing file /opt/airflow/dags/mlops_orchestration.py for tasks to queue
[2026-04-20T14:15:55.974+0000] {logging_mixin.py:188} INFO - [2026-04-20T14:15:55.974+0000] {dagbag.py:545} INFO - Filling up the DagBag from /opt/airflow/dags/mlops_orchestration.py
[2026-04-20T14:15:56.003+0000] {processor.py:840} INFO - DAG(s) 'mlops_orchestration' retrieved from /opt/airflow/dags/mlops_orchestration.py
[2026-04-20T14:15:56.040+0000] {logging_mixin.py:188} INFO - [2026-04-20T14:15:56.040+0000] {dag.py:3096} INFO - Sync 1 DAGs
[2026-04-20T14:15:56.069+0000] {logging_mixin.py:188} INFO - [2026-04-20T14:15:56.069+0000] {dag.py:3954} INFO - Setting next_dagrun for mlops_orchestration to 2026-04-19 02:00:00+00:00, run_after=2026-04-20 02:00:00+00:00
[2026-04-20T14:15:56.096+0000] {processor.py:183} INFO - Processing /opt/airflow/dags/mlops_orchestration.py took 0.133 seconds
[2026-04-20T14:16:26.243+0000] {processor.py:161} INFO - Started process (PID=238) to work on /opt/airflow/dags/mlops_orchestration.py
[2026-04-20T14:16:26.244+0000] {processor.py:830} INFO - Processing file /opt/airflow/dags/mlops_orchestration.py for tasks to queue
[2026-04-20T14:16:26.247+0000] {logging_mixin.py:188} INFO - [2026-04-20T14:16:26.246+0000] {dagbag.py:545} INFO - Filling up the DagBag from /opt/airflow/dags/mlops_orchestration.py
[2026-04-20T14:16:26.270+0000] {processor.py:840} INFO - DAG(s) 'mlops_orchestration' retrieved from /opt/airflow/dags/mlops_orchestration.py
[2026-04-20T14:16:26.305+0000] {logging_mixin.py:188} INFO - [2026-04-20T14:16:26.304+0000] {dag.py:3096} INFO - Sync 1 DAGs
[2026-04-20T14:16:26.325+0000] {logging_mixin.py:188} INFO - [2026-04-20T14:16:26.325+0000] {dag.py:3954} INFO - Setting next_dagrun for mlops_orchestration to 2026-04-19 02:00:00+00:00, run_after=2026-04-20 02:00:00+00:00
[2026-04-20T14:16:26.351+0000] {processor.py:183} INFO - Processing /opt/airflow/dags/mlops_orchestration.py took 0.114 seconds
[2026-04-20T14:16:56.531+0000] {processor.py:161} INFO - Started process (PID=239) to work on /opt/airflow/dags/mlops_orchestration.py
[2026-04-20T14:16:56.533+0000] {processor.py:830} INFO - Processing file /opt/airflow/dags/mlops_orchestration.py for tasks to queue
[2026-04-20T14:16:56.537+0000] {logging_mixin.py:188} INFO - [2026-04-20T14:16:56.536+0000] {dagbag.py:545} INFO - Filling up the DagBag from /opt/airflow/dags/mlops_orchestration.py
[2026-04-20T14:16:56.580+0000] {processor.py:840} INFO - DAG(s) 'mlops_orchestration' retrieved from /opt/airflow/dags/mlops_orchestration.py
[2026-04-20T14:16:56.618+0000] {logging_mixin.py:188} INFO - [2026-04-20T14:16:56.617+0000] {dag.py:3096} INFO - Sync 1 DAGs
[2026-04-20T14:16:56.640+0000] {logging_mixin.py:188} INFO - [2026-04-20T14:16:56.640+0000] {dag.py:3954} INFO - Setting next_dagrun for mlops_orchestration to 2026-04-19 02:00:00+00:00, run_after=2026-04-20 02:00:00+00:00
[2026-04-20T14:16:56.662+0000] {processor.py:183} INFO - Processing /opt/airflow/dags/mlops_orchestration.py took 0.145 seconds
[2026-04-20T14:17:26.800+0000] {processor.py:161} INFO - Started process (PID=240) to work on /opt/airflow/dags/mlops_orchestration.py
[2026-04-20T14:17:26.802+0000] {processor.py:830} INFO - Processing file /opt/airflow/dags/mlops_orchestration.py for tasks to queue
[2026-04-20T14:17:26.804+0000] {logging_mixin.py:188} INFO - [2026-04-20T14:17:26.804+0000] {dagbag.py:545} INFO - Filling up the DagBag from /opt/airflow/dags/mlops_orchestration.py
[2026-04-20T14:17:26.836+0000] {processor.py:840} INFO - DAG(s) 'mlops_orchestration' retrieved from /opt/airflow/dags/mlops_orchestration.py
[2026-04-20T14:17:26.883+0000] {logging_mixin.py:188} INFO - [2026-04-20T14:17:26.883+0000] {dag.py:3096} INFO - Sync 1 DAGs
[2026-04-20T14:17:26.907+0000] {logging_mixin.py:188} INFO - [2026-04-20T14:17:26.907+0000] {dag.py:3954} INFO - Setting next_dagrun for mlops_orchestration to 2026-04-19 02:00:00+00:00, run_after=2026-04-20 02:00:00+00:00
[2026-04-20T14:17:26.937+0000] {processor.py:183} INFO - Processing /opt/airflow/dags/mlops_orchestration.py took 0.143 seconds
[2026-04-20T14:17:57.103+0000] {processor.py:161} INFO - Started process (PID=241) to work on /opt/airflow/dags/mlops_orchestration.py
[2026-04-20T14:17:57.104+0000] {processor.py:830} INFO - Processing file /opt/airflow/dags/mlops_orchestration.py for tasks to queue
[2026-04-20T14:17:57.106+0000] {logging_mixin.py:188} INFO - [2026-04-20T14:17:57.106+0000] {dagbag.py:545} INFO - Filling up the DagBag from /opt/airflow/dags/mlops_orchestration.py
[2026-04-20T14:17:57.171+0000] {processor.py:840} INFO - DAG(s) 'mlops_orchestration' retrieved from /opt/airflow/dags/mlops_orchestration.py
[2026-04-20T14:17:57.252+0000] {logging_mixin.py:188} INFO - [2026-04-20T14:17:57.251+0000] {dag.py:3096} INFO - Sync 1 DAGs
[2026-04-20T14:17:57.273+0000] {logging_mixin.py:188} INFO - [2026-04-20T14:17:57.272+0000] {dag.py:3954} INFO - Setting next_dagrun for mlops_orchestration to 2026-04-19 02:00:00+00:00, run_after=2026-04-20 02:00:00+00:00
[2026-04-20T14:17:57.306+0000] {processor.py:183} INFO - Processing /opt/airflow/dags/mlops_orchestration.py took 0.212 seconds
[2026-04-20T14:18:27.473+0000] {processor.py:161} INFO - Started process (PID=242) to work on /opt/airflow/dags/mlops_orchestration.py
[2026-04-20T14:18:27.475+0000] {processor.py:830} INFO - Processing file /opt/airflow/dags/mlops_orchestration.py for tasks to queue
[2026-04-20T14:18:27.477+0000] {logging_mixin.py:188} INFO - [2026-04-20T14:18:27.477+0000] {dagbag.py:545} INFO - Filling up the DagBag from /opt/airflow/dags/mlops_orchestration.py
[2026-04-20T14:18:27.499+0000] {processor.py:840} INFO - DAG(s) 'mlops_orchestration' retrieved from /opt/airflow/dags/mlops_orchestration.py
[2026-04-20T14:18:27.531+0000] {logging_mixin.py:188} INFO - [2026-04-20T14:18:27.531+0000] {dag.py:3096} INFO - Sync 1 DAGs
[2026-04-20T14:18:27.552+0000] {logging_mixin.py:188} INFO - [2026-04-20T14:18:27.551+0000] {dag.py:3954} INFO - Setting next_dagrun for mlops_orchestration to 2026-04-19 02:00:00+00:00, run_after=2026-04-20 02:00:00+00:00
[2026-04-20T14:18:27.576+0000] {processor.py:183} INFO - Processing /opt/airflow/dags/mlops_orchestration.py took 0.111 seconds
[2026-04-20T14:18:57.736+0000] {processor.py:161} INFO - Started process (PID=243) to work on /opt/airflow/dags/mlops_orchestration.py
[2026-04-20T14:18:57.737+0000] {processor.py:830} INFO - Processing file /opt/airflow/dags/mlops_orchestration.py for tasks to queue
[2026-04-20T14:18:57.740+0000] {logging_mixin.py:188} INFO - [2026-04-20T14:18:57.739+0000] {dagbag.py:545} INFO - Filling up the DagBag from /opt/airflow/dags/mlops_orchestration.py
[2026-04-20T14:18:57.788+0000] {processor.py:840} INFO - DAG(s) 'mlops_orchestration' retrieved from /opt/airflow/dags/mlops_orchestration.py
[2026-04-20T14:18:57.836+0000] {logging_mixin.py:188} INFO - [2026-04-20T14:18:57.835+0000] {dag.py:3096} INFO - Sync 1 DAGs
[2026-04-20T14:18:57.857+0000] {logging_mixin.py:188} INFO - [2026-04-20T14:18:57.857+0000] {dag.py:3954} INFO - Setting next_dagrun for mlops_orchestration to 2026-04-19 02:00:00+00:00, run_after=2026-04-20 02:00:00+00:00
[2026-04-20T14:18:57.881+0000] {processor.py:183} INFO - Processing /opt/airflow/dags/mlops_orchestration.py took 0.150 seconds
[2026-04-20T14:19:28.014+0000] {processor.py:161} INFO - Started process (PID=244) to work on /opt/airflow/dags/mlops_orchestration.py
[2026-04-20T14:19:28.015+0000] {processor.py:830} INFO - Processing file /opt/airflow/dags/mlops_orchestration.py for tasks to queue
[2026-04-20T14:19:28.018+0000] {logging_mixin.py:188} INFO - [2026-04-20T14:19:28.018+0000] {dagbag.py:545} INFO - Filling up the DagBag from /opt/airflow/dags/mlops_orchestration.py
[2026-04-20T14:19:28.088+0000] {processor.py:840} INFO - DAG(s) 'mlops_orchestration' retrieved from /opt/airflow/dags/mlops_orchestration.py
[2026-04-20T14:19:28.127+0000] {logging_mixin.py:188} INFO - [2026-04-20T14:19:28.127+0000] {dag.py:3096} INFO - Sync 1 DAGs
[2026-04-20T14:19:28.153+0000] {logging_mixin.py:188} INFO - [2026-04-20T14:19:28.153+0000] {dag.py:3954} INFO - Setting next_dagrun for mlops_orchestration to 2026-04-19 02:00:00+00:00, run_after=2026-04-20 02:00:00+00:00
[2026-04-20T14:19:28.181+0000] {processor.py:183} INFO - Processing /opt/airflow/dags/mlops_orchestration.py took 0.173 seconds
[2026-04-20T14:19:58.295+0000] {processor.py:161} INFO - Started process (PID=245) to work on /opt/airflow/dags/mlops_orchestration.py
[2026-04-20T14:19:58.297+0000] {processor.py:830} INFO - Processing file /opt/airflow/dags/mlops_orchestration.py for tasks to queue
[2026-04-20T14:19:58.299+0000] {logging_mixin.py:188} INFO - [2026-04-20T14:19:58.299+0000] {dagbag.py:545} INFO - Filling up the DagBag from /opt/airflow/dags/mlops_orchestration.py
[2026-04-20T14:19:58.323+0000] {processor.py:840} INFO - DAG(s) 'mlops_orchestration' retrieved from /opt/airflow/dags/mlops_orchestration.py
[2026-04-20T14:19:58.363+0000] {logging_mixin.py:188} INFO - [2026-04-20T14:19:58.363+0000] {dag.py:3096} INFO - Sync 1 DAGs
[2026-04-20T14:19:58.386+0000] {logging_mixin.py:188} INFO - [2026-04-20T14:19:58.385+0000] {dag.py:3954} INFO - Setting next_dagrun for mlops_orchestration to 2026-04-19 02:00:00+00:00, run_after=2026-04-20 02:00:00+00:00
[2026-04-20T14:19:58.409+0000] {processor.py:183} INFO - Processing /opt/airflow/dags/mlops_orchestration.py took 0.119 seconds
[2026-04-20T14:20:28.576+0000] {processor.py:161} INFO - Started process (PID=246) to work on /opt/airflow/dags/mlops_orchestration.py
[2026-04-20T14:20:28.578+0000] {processor.py:830} INFO - Processing file /opt/airflow/dags/mlops_orchestration.py for tasks to queue
[2026-04-20T14:20:28.607+0000] {logging_mixin.py:188} INFO - [2026-04-20T14:20:28.606+0000] {dagbag.py:545} INFO - Filling up the DagBag from /opt/airflow/dags/mlops_orchestration.py
[2026-04-20T14:20:28.650+0000] {processor.py:840} INFO - DAG(s) 'mlops_orchestration' retrieved from /opt/airflow/dags/mlops_orchestration.py
[2026-04-20T14:20:28.689+0000] {logging_mixin.py:188} INFO - [2026-04-20T14:20:28.688+0000] {dag.py:3096} INFO - Sync 1 DAGs
[2026-04-20T14:20:28.711+0000] {logging_mixin.py:188} INFO - [2026-04-20T14:20:28.711+0000] {dag.py:3954} INFO - Setting next_dagrun for mlops_orchestration to 2026-04-19 02:00:00+00:00, run_after=2026-04-20 02:00:00+00:00
[2026-04-20T14:20:28.734+0000] {processor.py:183} INFO - Processing /opt/airflow/dags/mlops_orchestration.py took 0.165 seconds
[2026-04-20T14:20:58.860+0000] {processor.py:161} INFO - Started process (PID=247) to work on /opt/airflow/dags/mlops_orchestration.py
[2026-04-20T14:20:58.861+0000] {processor.py:830} INFO - Processing file /opt/airflow/dags/mlops_orchestration.py for tasks to queue
[2026-04-20T14:20:58.864+0000] {logging_mixin.py:188} INFO - [2026-04-20T14:20:58.863+0000] {dagbag.py:545} INFO - Filling up the DagBag from /opt/airflow/dags/mlops_orchestration.py
[2026-04-20T14:20:58.889+0000] {processor.py:840} INFO - DAG(s) 'mlops_orchestration' retrieved from /opt/airflow/dags/mlops_orchestration.py
[2026-04-20T14:20:58.929+0000] {logging_mixin.py:188} INFO - [2026-04-20T14:20:58.928+0000] {dag.py:3096} INFO - Sync 1 DAGs
[2026-04-20T14:20:58.954+0000] {logging_mixin.py:188} INFO - [2026-04-20T14:20:58.953+0000] {dag.py:3954} INFO - Setting next_dagrun for mlops_orchestration to 2026-04-19 02:00:00+00:00, run_after=2026-04-20 02:00:00+00:00
[2026-04-20T14:20:58.981+0000] {processor.py:183} INFO - Processing /opt/airflow/dags/mlops_orchestration.py took 0.127 seconds
[2026-04-20T14:21:29.139+0000] {processor.py:161} INFO - Started process (PID=248) to work on /opt/airflow/dags/mlops_orchestration.py
[2026-04-20T14:21:29.141+0000] {processor.py:830} INFO - Processing file /opt/airflow/dags/mlops_orchestration.py for tasks to queue
[2026-04-20T14:21:29.144+0000] {logging_mixin.py:188} INFO - [2026-04-20T14:21:29.144+0000] {dagbag.py:545} INFO - Filling up the DagBag from /opt/airflow/dags/mlops_orchestration.py
[2026-04-20T14:21:29.198+0000] {processor.py:840} INFO - DAG(s) 'mlops_orchestration' retrieved from /opt/airflow/dags/mlops_orchestration.py
[2026-04-20T14:21:29.269+0000] {logging_mixin.py:188} INFO - [2026-04-20T14:21:29.268+0000] {dag.py:3096} INFO - Sync 1 DAGs
[2026-04-20T14:21:29.289+0000] {logging_mixin.py:188} INFO - [2026-04-20T14:21:29.289+0000] {dag.py:3954} INFO - Setting next_dagrun for mlops_orchestration to 2026-04-19 02:00:00+00:00, run_after=2026-04-20 02:00:00+00:00
[2026-04-20T14:21:29.315+0000] {processor.py:183} INFO - Processing /opt/airflow/dags/mlops_orchestration.py took 0.182 seconds
[2026-04-20T14:21:59.409+0000] {processor.py:161} INFO - Started process (PID=249) to work on /opt/airflow/dags/mlops_orchestration.py
[2026-04-20T14:21:59.411+0000] {processor.py:830} INFO - Processing file /opt/airflow/dags/mlops_orchestration.py for tasks to queue
[2026-04-20T14:21:59.413+0000] {logging_mixin.py:188} INFO - [2026-04-20T14:21:59.413+0000] {dagbag.py:545} INFO - Filling up the DagBag from /opt/airflow/dags/mlops_orchestration.py
[2026-04-20T14:21:59.442+0000] {processor.py:840} INFO - DAG(s) 'mlops_orchestration' retrieved from /opt/airflow/dags/mlops_orchestration.py
[2026-04-20T14:21:59.485+0000] {logging_mixin.py:188} INFO - [2026-04-20T14:21:59.485+0000] {dag.py:3096} INFO - Sync 1 DAGs
[2026-04-20T14:21:59.507+0000] {logging_mixin.py:188} INFO - [2026-04-20T14:21:59.507+0000] {dag.py:3954} INFO - Setting next_dagrun for mlops_orchestration to 2026-04-19 02:00:00+00:00, run_after=2026-04-20 02:00:00+00:00
[2026-04-20T14:21:59.529+0000] {processor.py:183} INFO - Processing /opt/airflow/dags/mlops_orchestration.py took 0.128 seconds
[2026-04-20T14:22:29.694+0000] {processor.py:161} INFO - Started process (PID=250) to work on /opt/airflow/dags/mlops_orchestration.py
[2026-04-20T14:22:29.695+0000] {processor.py:830} INFO - Processing file /opt/airflow/dags/mlops_orchestration.py for tasks to queue
[2026-04-20T14:22:29.698+0000] {logging_mixin.py:188} INFO - [2026-04-20T14:22:29.697+0000] {dagbag.py:545} INFO - Filling up the DagBag from /opt/airflow/dags/mlops_orchestration.py
[2026-04-20T14:22:29.724+0000] {processor.py:840} INFO - DAG(s) 'mlops_orchestration' retrieved from /opt/airflow/dags/mlops_orchestration.py
[2026-04-20T14:22:29.759+0000] {logging_mixin.py:188} INFO - [2026-04-20T14:22:29.759+0000] {dag.py:3096} INFO - Sync 1 DAGs
[2026-04-20T14:22:29.782+0000] {logging_mixin.py:188} INFO - [2026-04-20T14:22:29.782+0000] {dag.py:3954} INFO - Setting next_dagrun for mlops_orchestration to 2026-04-19 02:00:00+00:00, run_after=2026-04-20 02:00:00+00:00
[2026-04-20T14:22:29.807+0000] {processor.py:183} INFO - Processing /opt/airflow/dags/mlops_orchestration.py took 0.120 seconds
[2026-04-20T14:22:59.989+0000] {processor.py:161} INFO - Started process (PID=251) to work on /opt/airflow/dags/mlops_orchestration.py
[2026-04-20T14:22:59.991+0000] {processor.py:830} INFO - Processing file /opt/airflow/dags/mlops_orchestration.py for tasks to queue
[2026-04-20T14:22:59.993+0000] {logging_mixin.py:188} INFO - [2026-04-20T14:22:59.992+0000] {dagbag.py:545} INFO - Filling up the DagBag from /opt/airflow/dags/mlops_orchestration.py
[2026-04-20T14:23:00.049+0000] {processor.py:840} INFO - DAG(s) 'mlops_orchestration' retrieved from /opt/airflow/dags/mlops_orchestration.py
[2026-04-20T14:23:00.102+0000] {logging_mixin.py:188} INFO - [2026-04-20T14:23:00.102+0000] {dag.py:3096} INFO - Sync 1 DAGs
[2026-04-20T14:23:00.127+0000] {logging_mixin.py:188} INFO - [2026-04-20T14:23:00.126+0000] {dag.py:3954} INFO - Setting next_dagrun for mlops_orchestration to 2026-04-19 02:00:00+00:00, run_after=2026-04-20 02:00:00+00:00
[2026-04-20T14:23:00.150+0000] {processor.py:183} INFO - Processing /opt/airflow/dags/mlops_orchestration.py took 0.197 seconds
[2026-04-20T14:23:30.342+0000] {processor.py:161} INFO - Started process (PID=252) to work on /opt/airflow/dags/mlops_orchestration.py
[2026-04-20T14:23:30.344+0000] {processor.py:830} INFO - Processing file /opt/airflow/dags/mlops_orchestration.py for tasks to queue
[2026-04-20T14:23:30.348+0000] {logging_mixin.py:188} INFO - [2026-04-20T14:23:30.347+0000] {dagbag.py:545} INFO - Filling up the DagBag from /opt/airflow/dags/mlops_orchestration.py
[2026-04-20T14:23:30.389+0000] {processor.py:840} INFO - DAG(s) 'mlops_orchestration' retrieved from /opt/airflow/dags/mlops_orchestration.py
[2026-04-20T14:23:30.430+0000] {logging_mixin.py:188} INFO - [2026-04-20T14:23:30.429+0000] {dag.py:3096} INFO - Sync 1 DAGs
[2026-04-20T14:23:30.471+0000] {logging_mixin.py:188} INFO - [2026-04-20T14:23:30.471+0000] {dag.py:3954} INFO - Setting next_dagrun for mlops_orchestration to 2026-04-19 02:00:00+00:00, run_after=2026-04-20 02:00:00+00:00
[2026-04-20T14:23:30.495+0000] {processor.py:183} INFO - Processing /opt/airflow/dags/mlops_orchestration.py took 0.165 seconds
[2026-04-20T14:24:00.638+0000] {processor.py:161} INFO - Started process (PID=253) to work on /opt/airflow/dags/mlops_orchestration.py
[2026-04-20T14:24:00.640+0000] {processor.py:830} INFO - Processing file /opt/airflow/dags/mlops_orchestration.py for tasks to queue
[2026-04-20T14:24:00.642+0000] {logging_mixin.py:188} INFO - [2026-04-20T14:24:00.642+0000] {dagbag.py:545} INFO - Filling up the DagBag from /opt/airflow/dags/mlops_orchestration.py
[2026-04-20T14:24:00.692+0000] {processor.py:840} INFO - DAG(s) 'mlops_orchestration' retrieved from /opt/airflow/dags/mlops_orchestration.py
[2026-04-20T14:24:00.733+0000] {logging_mixin.py:188} INFO - [2026-04-20T14:24:00.733+0000] {dag.py:3096} INFO - Sync 1 DAGs
[2026-04-20T14:24:00.758+0000] {logging_mixin.py:188} INFO - [2026-04-20T14:24:00.758+0000] {dag.py:3954} INFO - Setting next_dagrun for mlops_orchestration to 2026-04-19 02:00:00+00:00, run_after=2026-04-20 02:00:00+00:00
[2026-04-20T14:24:00.782+0000] {processor.py:183} INFO - Processing /opt/airflow/dags/mlops_orchestration.py took 0.176 seconds
[2026-04-20T14:24:30.879+0000] {processor.py:161} INFO - Started process (PID=254) to work on /opt/airflow/dags/mlops_orchestration.py
[2026-04-20T14:24:30.880+0000] {processor.py:830} INFO - Processing file /opt/airflow/dags/mlops_orchestration.py for tasks to queue
[2026-04-20T14:24:30.882+0000] {logging_mixin.py:188} INFO - [2026-04-20T14:24:30.882+0000] {dagbag.py:545} INFO - Filling up the DagBag from /opt/airflow/dags/mlops_orchestration.py
[2026-04-20T14:24:30.909+0000] {processor.py:840} INFO - DAG(s) 'mlops_orchestration' retrieved from /opt/airflow/dags/mlops_orchestration.py
[2026-04-20T14:24:30.945+0000] {logging_mixin.py:188} INFO - [2026-04-20T14:24:30.943+0000] {dag.py:3096} INFO - Sync 1 DAGs
[2026-04-20T14:24:30.965+0000] {logging_mixin.py:188} INFO - [2026-04-20T14:24:30.965+0000] {dag.py:3954} INFO - Setting next_dagrun for mlops_orchestration to 2026-04-19 02:00:00+00:00, run_after=2026-04-20 02:00:00+00:00
[2026-04-20T14:24:30.986+0000] {processor.py:183} INFO - Processing /opt/airflow/dags/mlops_orchestration.py took 0.113 seconds
[2026-04-20T14:25:01.153+0000] {processor.py:161} INFO - Started process (PID=255) to work on /opt/airflow/dags/mlops_orchestration.py
[2026-04-20T14:25:01.155+0000] {processor.py:830} INFO - Processing file /opt/airflow/dags/mlops_orchestration.py for tasks to queue
[2026-04-20T14:25:01.159+0000] {logging_mixin.py:188} INFO - [2026-04-20T14:25:01.158+0000] {dagbag.py:545} INFO - Filling up the DagBag from /opt/airflow/dags/mlops_orchestration.py
[2026-04-20T14:25:01.206+0000] {processor.py:840} INFO - DAG(s) 'mlops_orchestration' retrieved from /opt/airflow/dags/mlops_orchestration.py
[2026-04-20T14:25:01.245+0000] {logging_mixin.py:188} INFO - [2026-04-20T14:25:01.244+0000] {dag.py:3096} INFO - Sync 1 DAGs
[2026-04-20T14:25:01.269+0000] {logging_mixin.py:188} INFO - [2026-04-20T14:25:01.268+0000] {dag.py:3954} INFO - Setting next_dagrun for mlops_orchestration to 2026-04-19 02:00:00+00:00, run_after=2026-04-20 02:00:00+00:00
[2026-04-20T14:25:01.299+0000] {processor.py:183} INFO - Processing /opt/airflow/dags/mlops_orchestration.py took 0.154 seconds
[2026-04-20T14:25:31.420+0000] {processor.py:161} INFO - Started process (PID=256) to work on /opt/airflow/dags/mlops_orchestration.py
[2026-04-20T14:25:31.421+0000] {processor.py:830} INFO - Processing file /opt/airflow/dags/mlops_orchestration.py for tasks to queue
[2026-04-20T14:25:31.425+0000] {logging_mixin.py:188} INFO - [2026-04-20T14:25:31.424+0000] {dagbag.py:545} INFO - Filling up the DagBag from /opt/airflow/dags/mlops_orchestration.py
[2026-04-20T14:25:31.450+0000] {processor.py:840} INFO - DAG(s) 'mlops_orchestration' retrieved from /opt/airflow/dags/mlops_orchestration.py
[2026-04-20T14:25:31.490+0000] {logging_mixin.py:188} INFO - [2026-04-20T14:25:31.490+0000] {dag.py:3096} INFO - Sync 1 DAGs
[2026-04-20T14:25:31.512+0000] {logging_mixin.py:188} INFO - [2026-04-20T14:25:31.512+0000] {dag.py:3954} INFO - Setting next_dagrun for mlops_orchestration to 2026-04-19 02:00:00+00:00, run_after=2026-04-20 02:00:00+00:00
[2026-04-20T14:25:31.537+0000] {processor.py:183} INFO - Processing /opt/airflow/dags/mlops_orchestration.py took 0.151 seconds
[2026-04-20T14:26:01.615+0000] {processor.py:161} INFO - Started process (PID=257) to work on /opt/airflow/dags/mlops_orchestration.py
[2026-04-20T14:26:01.616+0000] {processor.py:830} INFO - Processing file /opt/airflow/dags/mlops_orchestration.py for tasks to queue
[2026-04-20T14:26:01.620+0000] {logging_mixin.py:188} INFO - [2026-04-20T14:26:01.619+0000] {dagbag.py:545} INFO - Filling up the DagBag from /opt/airflow/dags/mlops_orchestration.py
[2026-04-20T14:26:01.661+0000] {processor.py:840} INFO - DAG(s) 'mlops_orchestration' retrieved from /opt/airflow/dags/mlops_orchestration.py
[2026-04-20T14:26:01.697+0000] {logging_mixin.py:188} INFO - [2026-04-20T14:26:01.697+0000] {dag.py:3096} INFO - Sync 1 DAGs
[2026-04-20T14:26:01.717+0000] {logging_mixin.py:188} INFO - [2026-04-20T14:26:01.717+0000] {dag.py:3954} INFO - Setting next_dagrun for mlops_orchestration to 2026-04-19 02:00:00+00:00, run_after=2026-04-20 02:00:00+00:00
[2026-04-20T14:26:01.742+0000] {processor.py:183} INFO - Processing /opt/airflow/dags/mlops_orchestration.py took 0.136 seconds
[2026-04-20T14:26:31.978+0000] {processor.py:161} INFO - Started process (PID=258) to work on /opt/airflow/dags/mlops_orchestration.py
[2026-04-20T14:26:31.987+0000] {processor.py:830} INFO - Processing file /opt/airflow/dags/mlops_orchestration.py for tasks to queue
[2026-04-20T14:26:31.990+0000] {logging_mixin.py:188} INFO - [2026-04-20T14:26:31.989+0000] {dagbag.py:545} INFO - Filling up the DagBag from /opt/airflow/dags/mlops_orchestration.py
[2026-04-20T14:26:32.026+0000] {processor.py:840} INFO - DAG(s) 'mlops_orchestration' retrieved from /opt/airflow/dags/mlops_orchestration.py
[2026-04-20T14:26:32.078+0000] {logging_mixin.py:188} INFO - [2026-04-20T14:26:32.078+0000] {dag.py:3096} INFO - Sync 1 DAGs
[2026-04-20T14:26:32.113+0000] {logging_mixin.py:188} INFO - [2026-04-20T14:26:32.113+0000] {dag.py:3954} INFO - Setting next_dagrun for mlops_orchestration to 2026-04-19 02:00:00+00:00, run_after=2026-04-20 02:00:00+00:00
[2026-04-20T14:26:32.150+0000] {processor.py:183} INFO - Processing /opt/airflow/dags/mlops_orchestration.py took 0.248 seconds
[2026-04-20T14:27:02.285+0000] {processor.py:161} INFO - Started process (PID=259) to work on /opt/airflow/dags/mlops_orchestration.py
[2026-04-20T14:27:02.286+0000] {processor.py:830} INFO - Processing file /opt/airflow/dags/mlops_orchestration.py for tasks to queue
[2026-04-20T14:27:02.289+0000] {logging_mixin.py:188} INFO - [2026-04-20T14:27:02.288+0000] {dagbag.py:545} INFO - Filling up the DagBag from /opt/airflow/dags/mlops_orchestration.py
[2026-04-20T14:27:02.315+0000] {processor.py:840} INFO - DAG(s) 'mlops_orchestration' retrieved from /opt/airflow/dags/mlops_orchestration.py
[2026-04-20T14:27:02.349+0000] {logging_mixin.py:188} INFO - [2026-04-20T14:27:02.349+0000] {dag.py:3096} INFO - Sync 1 DAGs
[2026-04-20T14:27:02.371+0000] {logging_mixin.py:188} INFO - [2026-04-20T14:27:02.371+0000] {dag.py:3954} INFO - Setting next_dagrun for mlops_orchestration to 2026-04-19 02:00:00+00:00, run_after=2026-04-20 02:00:00+00:00
[2026-04-20T14:27:02.393+0000] {processor.py:183} INFO - Processing /opt/airflow/dags/mlops_orchestration.py took 0.115 seconds
[2026-04-20T14:27:32.588+0000] {processor.py:161} INFO - Started process (PID=260) to work on /opt/airflow/dags/mlops_orchestration.py
[2026-04-20T14:27:32.589+0000] {processor.py:830} INFO - Processing file /opt/airflow/dags/mlops_orchestration.py for tasks to queue
[2026-04-20T14:27:32.591+0000] {logging_mixin.py:188} INFO - [2026-04-20T14:27:32.591+0000] {dagbag.py:545} INFO - Filling up the DagBag from /opt/airflow/dags/mlops_orchestration.py
[2026-04-20T14:27:32.642+0000] {processor.py:840} INFO - DAG(s) 'mlops_orchestration' retrieved from /opt/airflow/dags/mlops_orchestration.py
[2026-04-20T14:27:32.678+0000] {logging_mixin.py:188} INFO - [2026-04-20T14:27:32.678+0000] {dag.py:3096} INFO - Sync 1 DAGs
[2026-04-20T14:27:32.699+0000] {logging_mixin.py:188} INFO - [2026-04-20T14:27:32.699+0000] {dag.py:3954} INFO - Setting next_dagrun for mlops_orchestration to 2026-04-19 02:00:00+00:00, run_after=2026-04-20 02:00:00+00:00
[2026-04-20T14:27:32.719+0000] {processor.py:183} INFO - Processing /opt/airflow/dags/mlops_orchestration.py took 0.173 seconds
[2026-04-20T14:28:02.980+0000] {processor.py:161} INFO - Started process (PID=261) to work on /opt/airflow/dags/mlops_orchestration.py
[2026-04-20T14:28:02.982+0000] {processor.py:830} INFO - Processing file /opt/airflow/dags/mlops_orchestration.py for tasks to queue
[2026-04-20T14:28:02.985+0000] {logging_mixin.py:188} INFO - [2026-04-20T14:28:02.985+0000] {dagbag.py:545} INFO - Filling up the DagBag from /opt/airflow/dags/mlops_orchestration.py
[2026-04-20T14:28:03.077+0000] {processor.py:840} INFO - DAG(s) 'mlops_orchestration' retrieved from /opt/airflow/dags/mlops_orchestration.py
[2026-04-20T14:28:03.222+0000] {logging_mixin.py:188} INFO - [2026-04-20T14:28:03.219+0000] {dag.py:3096} INFO - Sync 1 DAGs
[2026-04-20T14:28:03.318+0000] {logging_mixin.py:188} INFO - [2026-04-20T14:28:03.318+0000] {dag.py:3954} INFO - Setting next_dagrun for mlops_orchestration to 2026-04-19 02:00:00+00:00, run_after=2026-04-20 02:00:00+00:00
[2026-04-20T14:28:03.435+0000] {processor.py:183} INFO - Processing /opt/airflow/dags/mlops_orchestration.py took 0.496 seconds
[2026-04-20T14:28:33.745+0000] {processor.py:161} INFO - Started process (PID=262) to work on /opt/airflow/dags/mlops_orchestration.py
[2026-04-20T14:28:33.747+0000] {processor.py:830} INFO - Processing file /opt/airflow/dags/mlops_orchestration.py for tasks to queue
[2026-04-20T14:28:33.750+0000] {logging_mixin.py:188} INFO - [2026-04-20T14:28:33.749+0000] {dagbag.py:545} INFO - Filling up the DagBag from /opt/airflow/dags/mlops_orchestration.py
[2026-04-20T14:28:33.802+0000] {processor.py:840} INFO - DAG(s) 'mlops_orchestration' retrieved from /opt/airflow/dags/mlops_orchestration.py
[2026-04-20T14:28:33.852+0000] {logging_mixin.py:188} INFO - [2026-04-20T14:28:33.851+0000] {dag.py:3096} INFO - Sync 1 DAGs
[2026-04-20T14:28:33.885+0000] {logging_mixin.py:188} INFO - [2026-04-20T14:28:33.885+0000] {dag.py:3954} INFO - Setting next_dagrun for mlops_orchestration to 2026-04-19 02:00:00+00:00, run_after=2026-04-20 02:00:00+00:00
[2026-04-20T14:28:33.920+0000] {processor.py:183} INFO - Processing /opt/airflow/dags/mlops_orchestration.py took 0.182 seconds
[2026-04-20T14:29:04.096+0000] {processor.py:161} INFO - Started process (PID=263) to work on /opt/airflow/dags/mlops_orchestration.py
[2026-04-20T14:29:04.121+0000] {processor.py:830} INFO - Processing file /opt/airflow/dags/mlops_orchestration.py for tasks to queue
[2026-04-20T14:29:04.124+0000] {logging_mixin.py:188} INFO - [2026-04-20T14:29:04.123+0000] {dagbag.py:545} INFO - Filling up the DagBag from /opt/airflow/dags/mlops_orchestration.py
[2026-04-20T14:29:04.155+0000] {processor.py:840} INFO - DAG(s) 'mlops_orchestration' retrieved from /opt/airflow/dags/mlops_orchestration.py
[2026-04-20T14:29:04.203+0000] {logging_mixin.py:188} INFO - [2026-04-20T14:29:04.202+0000] {dag.py:3096} INFO - Sync 1 DAGs
[2026-04-20T14:29:04.228+0000] {logging_mixin.py:188} INFO - [2026-04-20T14:29:04.228+0000] {dag.py:3954} INFO - Setting next_dagrun for mlops_orchestration to 2026-04-19 02:00:00+00:00, run_after=2026-04-20 02:00:00+00:00
[2026-04-20T14:29:04.253+0000] {processor.py:183} INFO - Processing /opt/airflow/dags/mlops_orchestration.py took 0.165 seconds
[2026-04-20T14:29:34.369+0000] {processor.py:161} INFO - Started process (PID=264) to work on /opt/airflow/dags/mlops_orchestration.py
[2026-04-20T14:29:34.371+0000] {processor.py:830} INFO - Processing file /opt/airflow/dags/mlops_orchestration.py for tasks to queue
[2026-04-20T14:29:34.374+0000] {logging_mixin.py:188} INFO - [2026-04-20T14:29:34.374+0000] {dagbag.py:545} INFO - Filling up the DagBag from /opt/airflow/dags/mlops_orchestration.py
[2026-04-20T14:29:34.399+0000] {processor.py:840} INFO - DAG(s) 'mlops_orchestration' retrieved from /opt/airflow/dags/mlops_orchestration.py
[2026-04-20T14:29:34.445+0000] {logging_mixin.py:188} INFO - [2026-04-20T14:29:34.445+0000] {dag.py:3096} INFO - Sync 1 DAGs
[2026-04-20T14:29:34.484+0000] {logging_mixin.py:188} INFO - [2026-04-20T14:29:34.483+0000] {dag.py:3954} INFO - Setting next_dagrun for mlops_orchestration to 2026-04-19 02:00:00+00:00, run_after=2026-04-20 02:00:00+00:00
[2026-04-20T14:29:34.521+0000] {processor.py:183} INFO - Processing /opt/airflow/dags/mlops_orchestration.py took 0.160 seconds
[2026-04-20T14:30:04.689+0000] {processor.py:161} INFO - Started process (PID=265) to work on /opt/airflow/dags/mlops_orchestration.py
[2026-04-20T14:30:04.710+0000] {processor.py:830} INFO - Processing file /opt/airflow/dags/mlops_orchestration.py for tasks to queue
[2026-04-20T14:30:04.719+0000] {logging_mixin.py:188} INFO - [2026-04-20T14:30:04.719+0000] {dagbag.py:545} INFO - Filling up the DagBag from /opt/airflow/dags/mlops_orchestration.py
[2026-04-20T14:30:04.754+0000] {processor.py:840} INFO - DAG(s) 'mlops_orchestration' retrieved from /opt/airflow/dags/mlops_orchestration.py
[2026-04-20T14:30:04.799+0000] {logging_mixin.py:188} INFO - [2026-04-20T14:30:04.796+0000] {dag.py:3096} INFO - Sync 1 DAGs
[2026-04-20T14:30:04.823+0000] {logging_mixin.py:188} INFO - [2026-04-20T14:30:04.822+0000] {dag.py:3954} INFO - Setting next_dagrun for mlops_orchestration to 2026-04-19 02:00:00+00:00, run_after=2026-04-20 02:00:00+00:00
[2026-04-20T14:30:04.853+0000] {processor.py:183} INFO - Processing /opt/airflow/dags/mlops_orchestration.py took 0.202 seconds
[2026-04-20T14:30:35.068+0000] {processor.py:161} INFO - Started process (PID=266) to work on /opt/airflow/dags/mlops_orchestration.py
[2026-04-20T14:30:35.070+0000] {processor.py:830} INFO - Processing file /opt/airflow/dags/mlops_orchestration.py for tasks to queue
[2026-04-20T14:30:35.073+0000] {logging_mixin.py:188} INFO - [2026-04-20T14:30:35.072+0000] {dagbag.py:545} INFO - Filling up the DagBag from /opt/airflow/dags/mlops_orchestration.py
[2026-04-20T14:30:35.106+0000] {processor.py:840} INFO - DAG(s) 'mlops_orchestration' retrieved from /opt/airflow/dags/mlops_orchestration.py
[2026-04-20T14:30:35.171+0000] {logging_mixin.py:188} INFO - [2026-04-20T14:30:35.171+0000] {dag.py:3096} INFO - Sync 1 DAGs
[2026-04-20T14:30:35.194+0000] {logging_mixin.py:188} INFO - [2026-04-20T14:30:35.194+0000] {dag.py:3954} INFO - Setting next_dagrun for mlops_orchestration to 2026-04-19 02:00:00+00:00, run_after=2026-04-20 02:00:00+00:00
[2026-04-20T14:30:35.217+0000] {processor.py:183} INFO - Processing /opt/airflow/dags/mlops_orchestration.py took 0.157 seconds
[2026-04-20T14:31:05.380+0000] {processor.py:161} INFO - Started process (PID=267) to work on /opt/airflow/dags/mlops_orchestration.py
[2026-04-20T14:31:05.384+0000] {processor.py:830} INFO - Processing file /opt/airflow/dags/mlops_orchestration.py for tasks to queue
[2026-04-20T14:31:05.392+0000] {logging_mixin.py:188} INFO - [2026-04-20T14:31:05.391+0000] {dagbag.py:545} INFO - Filling up the DagBag from /opt/airflow/dags/mlops_orchestration.py
[2026-04-20T14:31:05.448+0000] {processor.py:840} INFO - DAG(s) 'mlops_orchestration' retrieved from /opt/airflow/dags/mlops_orchestration.py
[2026-04-20T14:31:05.525+0000] {logging_mixin.py:188} INFO - [2026-04-20T14:31:05.524+0000] {dag.py:3096} INFO - Sync 1 DAGs
[2026-04-20T14:31:05.564+0000] {logging_mixin.py:188} INFO - [2026-04-20T14:31:05.564+0000] {dag.py:3954} INFO - Setting next_dagrun for mlops_orchestration to 2026-04-19 02:00:00+00:00, run_after=2026-04-20 02:00:00+00:00
[2026-04-20T14:31:05.595+0000] {processor.py:183} INFO - Processing /opt/airflow/dags/mlops_orchestration.py took 0.223 seconds
[2026-04-20T14:31:35.739+0000] {processor.py:161} INFO - Started process (PID=268) to work on /opt/airflow/dags/mlops_orchestration.py
[2026-04-20T14:31:35.740+0000] {processor.py:830} INFO - Processing file /opt/airflow/dags/mlops_orchestration.py for tasks to queue
[2026-04-20T14:31:35.747+0000] {logging_mixin.py:188} INFO - [2026-04-20T14:31:35.746+0000] {dagbag.py:545} INFO - Filling up the DagBag from /opt/airflow/dags/mlops_orchestration.py
[2026-04-20T14:31:35.847+0000] {processor.py:840} INFO - DAG(s) 'mlops_orchestration' retrieved from /opt/airflow/dags/mlops_orchestration.py
[2026-04-20T14:31:36.013+0000] {logging_mixin.py:188} INFO - [2026-04-20T14:31:36.013+0000] {dag.py:3096} INFO - Sync 1 DAGs
[2026-04-20T14:31:36.125+0000] {logging_mixin.py:188} INFO - [2026-04-20T14:31:36.125+0000] {dag.py:3954} INFO - Setting next_dagrun for mlops_orchestration to 2026-04-19 02:00:00+00:00, run_after=2026-04-20 02:00:00+00:00
[2026-04-20T14:31:36.188+0000] {processor.py:183} INFO - Processing /opt/airflow/dags/mlops_orchestration.py took 0.457 seconds
[2026-04-20T14:32:06.335+0000] {processor.py:161} INFO - Started process (PID=269) to work on /opt/airflow/dags/mlops_orchestration.py
[2026-04-20T14:32:06.336+0000] {processor.py:830} INFO - Processing file /opt/airflow/dags/mlops_orchestration.py for tasks to queue
[2026-04-20T14:32:06.339+0000] {logging_mixin.py:188} INFO - [2026-04-20T14:32:06.339+0000] {dagbag.py:545} INFO - Filling up the DagBag from /opt/airflow/dags/mlops_orchestration.py
[2026-04-20T14:32:06.366+0000] {processor.py:840} INFO - DAG(s) 'mlops_orchestration' retrieved from /opt/airflow/dags/mlops_orchestration.py
[2026-04-20T14:32:06.508+0000] {logging_mixin.py:188} INFO - [2026-04-20T14:32:06.507+0000] {dag.py:3096} INFO - Sync 1 DAGs
[2026-04-20T14:32:06.635+0000] {logging_mixin.py:188} INFO - [2026-04-20T14:32:06.635+0000] {dag.py:3954} INFO - Setting next_dagrun for mlops_orchestration to 2026-04-19 02:00:00+00:00, run_after=2026-04-20 02:00:00+00:00
[2026-04-20T14:32:06.714+0000] {processor.py:183} INFO - Processing /opt/airflow/dags/mlops_orchestration.py took 0.385 seconds
[2026-04-20T14:32:36.825+0000] {processor.py:161} INFO - Started process (PID=270) to work on /opt/airflow/dags/mlops_orchestration.py
[2026-04-20T14:32:36.827+0000] {processor.py:830} INFO - Processing file /opt/airflow/dags/mlops_orchestration.py for tasks to queue
[2026-04-20T14:32:36.842+0000] {logging_mixin.py:188} INFO - [2026-04-20T14:32:36.838+0000] {dagbag.py:545} INFO - Filling up the DagBag from /opt/airflow/dags/mlops_orchestration.py
[2026-04-20T14:32:36.974+0000] {processor.py:840} INFO - DAG(s) 'mlops_orchestration' retrieved from /opt/airflow/dags/mlops_orchestration.py
[2026-04-20T14:32:37.211+0000] {logging_mixin.py:188} INFO - [2026-04-20T14:32:37.211+0000] {dag.py:3096} INFO - Sync 1 DAGs
[2026-04-20T14:32:37.246+0000] {logging_mixin.py:188} INFO - [2026-04-20T14:32:37.245+0000] {dag.py:3954} INFO - Setting next_dagrun for mlops_orchestration to 2026-04-19 02:00:00+00:00, run_after=2026-04-20 02:00:00+00:00
[2026-04-20T14:32:37.271+0000] {processor.py:183} INFO - Processing /opt/airflow/dags/mlops_orchestration.py took 0.454 seconds
[2026-04-20T14:33:07.402+0000] {processor.py:161} INFO - Started process (PID=271) to work on /opt/airflow/dags/mlops_orchestration.py
[2026-04-20T14:33:07.403+0000] {processor.py:830} INFO - Processing file /opt/airflow/dags/mlops_orchestration.py for tasks to queue
[2026-04-20T14:33:07.405+0000] {logging_mixin.py:188} INFO - [2026-04-20T14:33:07.405+0000] {dagbag.py:545} INFO - Filling up the DagBag from /opt/airflow/dags/mlops_orchestration.py
[2026-04-20T14:33:07.435+0000] {processor.py:840} INFO - DAG(s) 'mlops_orchestration' retrieved from /opt/airflow/dags/mlops_orchestration.py
[2026-04-20T14:33:07.473+0000] {logging_mixin.py:188} INFO - [2026-04-20T14:33:07.472+0000] {dag.py:3096} INFO - Sync 1 DAGs
[2026-04-20T14:33:07.496+0000] {logging_mixin.py:188} INFO - [2026-04-20T14:33:07.496+0000] {dag.py:3954} INFO - Setting next_dagrun for mlops_orchestration to 2026-04-19 02:00:00+00:00, run_after=2026-04-20 02:00:00+00:00
[2026-04-20T14:33:07.517+0000] {processor.py:183} INFO - Processing /opt/airflow/dags/mlops_orchestration.py took 0.121 seconds
[2026-04-20T14:33:37.742+0000] {processor.py:161} INFO - Started process (PID=272) to work on /opt/airflow/dags/mlops_orchestration.py
[2026-04-20T14:33:37.746+0000] {processor.py:830} INFO - Processing file /opt/airflow/dags/mlops_orchestration.py for tasks to queue
[2026-04-20T14:33:37.752+0000] {logging_mixin.py:188} INFO - [2026-04-20T14:33:37.750+0000] {dagbag.py:545} INFO - Filling up the DagBag from /opt/airflow/dags/mlops_orchestration.py
[2026-04-20T14:33:37.820+0000] {processor.py:840} INFO - DAG(s) 'mlops_orchestration' retrieved from /opt/airflow/dags/mlops_orchestration.py
[2026-04-20T14:33:37.892+0000] {logging_mixin.py:188} INFO - [2026-04-20T14:33:37.892+0000] {dag.py:3096} INFO - Sync 1 DAGs
[2026-04-20T14:33:37.945+0000] {logging_mixin.py:188} INFO - [2026-04-20T14:33:37.944+0000] {dag.py:3954} INFO - Setting next_dagrun for mlops_orchestration to 2026-04-19 02:00:00+00:00, run_after=2026-04-20 02:00:00+00:00
[2026-04-20T14:33:37.982+0000] {processor.py:183} INFO - Processing /opt/airflow/dags/mlops_orchestration.py took 0.259 seconds
[2026-04-20T14:34:08.129+0000] {processor.py:161} INFO - Started process (PID=273) to work on /opt/airflow/dags/mlops_orchestration.py
[2026-04-20T14:34:08.131+0000] {processor.py:830} INFO - Processing file /opt/airflow/dags/mlops_orchestration.py for tasks to queue
[2026-04-20T14:34:08.133+0000] {logging_mixin.py:188} INFO - [2026-04-20T14:34:08.133+0000] {dagbag.py:545} INFO - Filling up the DagBag from /opt/airflow/dags/mlops_orchestration.py
[2026-04-20T14:34:08.158+0000] {processor.py:840} INFO - DAG(s) 'mlops_orchestration' retrieved from /opt/airflow/dags/mlops_orchestration.py
[2026-04-20T14:34:08.190+0000] {logging_mixin.py:188} INFO - [2026-04-20T14:34:08.190+0000] {dag.py:3096} INFO - Sync 1 DAGs
[2026-04-20T14:34:08.211+0000] {logging_mixin.py:188} INFO - [2026-04-20T14:34:08.211+0000] {dag.py:3954} INFO - Setting next_dagrun for mlops_orchestration to 2026-04-19 02:00:00+00:00, run_after=2026-04-20 02:00:00+00:00
[2026-04-20T14:34:08.231+0000] {processor.py:183} INFO - Processing /opt/airflow/dags/mlops_orchestration.py took 0.107 seconds
[2026-04-20T14:34:38.458+0000] {processor.py:161} INFO - Started process (PID=274) to work on /opt/airflow/dags/mlops_orchestration.py
[2026-04-20T14:34:38.459+0000] {processor.py:830} INFO - Processing file /opt/airflow/dags/mlops_orchestration.py for tasks to queue
[2026-04-20T14:34:38.468+0000] {logging_mixin.py:188} INFO - [2026-04-20T14:34:38.467+0000] {dagbag.py:545} INFO - Filling up the DagBag from /opt/airflow/dags/mlops_orchestration.py
[2026-04-20T14:34:38.515+0000] {processor.py:840} INFO - DAG(s) 'mlops_orchestration' retrieved from /opt/airflow/dags/mlops_orchestration.py
[2026-04-20T14:34:38.584+0000] {logging_mixin.py:188} INFO - [2026-04-20T14:34:38.583+0000] {dag.py:3096} INFO - Sync 1 DAGs
[2026-04-20T14:34:38.633+0000] {logging_mixin.py:188} INFO - [2026-04-20T14:34:38.632+0000] {dag.py:3954} INFO - Setting next_dagrun for mlops_orchestration to 2026-04-19 02:00:00+00:00, run_after=2026-04-20 02:00:00+00:00
[2026-04-20T14:34:38.670+0000] {processor.py:183} INFO - Processing /opt/airflow/dags/mlops_orchestration.py took 0.239 seconds
[2026-04-20T14:35:08.848+0000] {processor.py:161} INFO - Started process (PID=275) to work on /opt/airflow/dags/mlops_orchestration.py
[2026-04-20T14:35:08.849+0000] {processor.py:830} INFO - Processing file /opt/airflow/dags/mlops_orchestration.py for tasks to queue
[2026-04-20T14:35:08.851+0000] {logging_mixin.py:188} INFO - [2026-04-20T14:35:08.851+0000] {dagbag.py:545} INFO - Filling up the DagBag from /opt/airflow/dags/mlops_orchestration.py
[2026-04-20T14:35:08.886+0000] {processor.py:840} INFO - DAG(s) 'mlops_orchestration' retrieved from /opt/airflow/dags/mlops_orchestration.py
[2026-04-20T14:35:08.937+0000] {logging_mixin.py:188} INFO - [2026-04-20T14:35:08.936+0000] {dag.py:3096} INFO - Sync 1 DAGs
[2026-04-20T14:35:08.969+0000] {logging_mixin.py:188} INFO - [2026-04-20T14:35:08.968+0000] {dag.py:3954} INFO - Setting next_dagrun for mlops_orchestration to 2026-04-19 02:00:00+00:00, run_after=2026-04-20 02:00:00+00:00
[2026-04-20T14:35:08.994+0000] {processor.py:183} INFO - Processing /opt/airflow/dags/mlops_orchestration.py took 0.153 seconds
[2026-04-20T14:35:39.172+0000] {processor.py:161} INFO - Started process (PID=276) to work on /opt/airflow/dags/mlops_orchestration.py
[2026-04-20T14:35:39.174+0000] {processor.py:830} INFO - Processing file /opt/airflow/dags/mlops_orchestration.py for tasks to queue
[2026-04-20T14:35:39.182+0000] {logging_mixin.py:188} INFO - [2026-04-20T14:35:39.181+0000] {dagbag.py:545} INFO - Filling up the DagBag from /opt/airflow/dags/mlops_orchestration.py
[2026-04-20T14:35:39.219+0000] {processor.py:840} INFO - DAG(s) 'mlops_orchestration' retrieved from /opt/airflow/dags/mlops_orchestration.py
[2026-04-20T14:35:39.273+0000] {logging_mixin.py:188} INFO - [2026-04-20T14:35:39.273+0000] {dag.py:3096} INFO - Sync 1 DAGs
[2026-04-20T14:35:39.313+0000] {logging_mixin.py:188} INFO - [2026-04-20T14:35:39.312+0000] {dag.py:3954} INFO - Setting next_dagrun for mlops_orchestration to 2026-04-19 02:00:00+00:00, run_after=2026-04-20 02:00:00+00:00
[2026-04-20T14:35:39.355+0000] {processor.py:183} INFO - Processing /opt/airflow/dags/mlops_orchestration.py took 0.189 seconds
[2026-04-20T14:36:09.560+0000] {processor.py:161} INFO - Started process (PID=277) to work on /opt/airflow/dags/mlops_orchestration.py
[2026-04-20T14:36:09.569+0000] {processor.py:830} INFO - Processing file /opt/airflow/dags/mlops_orchestration.py for tasks to queue
[2026-04-20T14:36:09.644+0000] {logging_mixin.py:188} INFO - [2026-04-20T14:36:09.636+0000] {dagbag.py:545} INFO - Filling up the DagBag from /opt/airflow/dags/mlops_orchestration.py
[2026-04-20T14:36:09.923+0000] {processor.py:840} INFO - DAG(s) 'mlops_orchestration' retrieved from /opt/airflow/dags/mlops_orchestration.py
[2026-04-20T14:36:10.609+0000] {logging_mixin.py:188} INFO - [2026-04-20T14:36:10.608+0000] {dag.py:3096} INFO - Sync 1 DAGs
[2026-04-20T14:36:10.973+0000] {logging_mixin.py:188} INFO - [2026-04-20T14:36:10.973+0000] {dag.py:3954} INFO - Setting next_dagrun for mlops_orchestration to 2026-04-19 02:00:00+00:00, run_after=2026-04-20 02:00:00+00:00
[2026-04-20T14:36:11.066+0000] {processor.py:183} INFO - Processing /opt/airflow/dags/mlops_orchestration.py took 1.530 seconds
[2026-04-20T14:36:41.261+0000] {processor.py:161} INFO - Started process (PID=278) to work on /opt/airflow/dags/mlops_orchestration.py
[2026-04-20T14:36:41.262+0000] {processor.py:830} INFO - Processing file /opt/airflow/dags/mlops_orchestration.py for tasks to queue
[2026-04-20T14:36:41.265+0000] {logging_mixin.py:188} INFO - [2026-04-20T14:36:41.264+0000] {dagbag.py:545} INFO - Filling up the DagBag from /opt/airflow/dags/mlops_orchestration.py
[2026-04-20T14:36:41.287+0000] {processor.py:840} INFO - DAG(s) 'mlops_orchestration' retrieved from /opt/airflow/dags/mlops_orchestration.py
[2026-04-20T14:36:41.392+0000] {logging_mixin.py:188} INFO - [2026-04-20T14:36:41.391+0000] {dag.py:3096} INFO - Sync 1 DAGs
[2026-04-20T14:36:41.474+0000] {logging_mixin.py:188} INFO - [2026-04-20T14:36:41.473+0000] {dag.py:3954} INFO - Setting next_dagrun for mlops_orchestration to 2026-04-19 02:00:00+00:00, run_after=2026-04-20 02:00:00+00:00
[2026-04-20T14:36:41.523+0000] {processor.py:183} INFO - Processing /opt/airflow/dags/mlops_orchestration.py took 0.298 seconds
[2026-04-20T14:37:11.710+0000] {processor.py:161} INFO - Started process (PID=279) to work on /opt/airflow/dags/mlops_orchestration.py
[2026-04-20T14:37:11.712+0000] {processor.py:830} INFO - Processing file /opt/airflow/dags/mlops_orchestration.py for tasks to queue
[2026-04-20T14:37:11.715+0000] {logging_mixin.py:188} INFO - [2026-04-20T14:37:11.714+0000] {dagbag.py:545} INFO - Filling up the DagBag from /opt/airflow/dags/mlops_orchestration.py
[2026-04-20T14:37:11.741+0000] {processor.py:840} INFO - DAG(s) 'mlops_orchestration' retrieved from /opt/airflow/dags/mlops_orchestration.py
[2026-04-20T14:37:11.788+0000] {logging_mixin.py:188} INFO - [2026-04-20T14:37:11.788+0000] {dag.py:3096} INFO - Sync 1 DAGs
[2026-04-20T14:37:11.817+0000] {logging_mixin.py:188} INFO - [2026-04-20T14:37:11.816+0000] {dag.py:3954} INFO - Setting next_dagrun for mlops_orchestration to 2026-04-19 02:00:00+00:00, run_after=2026-04-20 02:00:00+00:00
[2026-04-20T14:37:12.938+0000] {processor.py:183} INFO - Processing /opt/airflow/dags/mlops_orchestration.py took 1.236 seconds
[2026-04-20T14:37:43.111+0000] {processor.py:161} INFO - Started process (PID=280) to work on /opt/airflow/dags/mlops_orchestration.py
[2026-04-20T14:37:43.112+0000] {processor.py:830} INFO - Processing file /opt/airflow/dags/mlops_orchestration.py for tasks to queue
[2026-04-20T14:37:43.114+0000] {logging_mixin.py:188} INFO - [2026-04-20T14:37:43.114+0000] {dagbag.py:545} INFO - Filling up the DagBag from /opt/airflow/dags/mlops_orchestration.py
[2026-04-20T14:37:43.169+0000] {processor.py:840} INFO - DAG(s) 'mlops_orchestration' retrieved from /opt/airflow/dags/mlops_orchestration.py
[2026-04-20T14:37:43.227+0000] {logging_mixin.py:188} INFO - [2026-04-20T14:37:43.227+0000] {dag.py:3096} INFO - Sync 1 DAGs
[2026-04-20T14:37:43.268+0000] {logging_mixin.py:188} INFO - [2026-04-20T14:37:43.268+0000] {dag.py:3954} INFO - Setting next_dagrun for mlops_orchestration to 2026-04-19 02:00:00+00:00, run_after=2026-04-20 02:00:00+00:00
[2026-04-20T14:37:43.307+0000] {processor.py:183} INFO - Processing /opt/airflow/dags/mlops_orchestration.py took 0.212 seconds
[2026-04-20T14:38:13.496+0000] {processor.py:161} INFO - Started process (PID=281) to work on /opt/airflow/dags/mlops_orchestration.py
[2026-04-20T14:38:13.497+0000] {processor.py:830} INFO - Processing file /opt/airflow/dags/mlops_orchestration.py for tasks to queue
[2026-04-20T14:38:13.504+0000] {logging_mixin.py:188} INFO - [2026-04-20T14:38:13.502+0000] {dagbag.py:545} INFO - Filling up the DagBag from /opt/airflow/dags/mlops_orchestration.py
[2026-04-20T14:38:13.537+0000] {processor.py:840} INFO - DAG(s) 'mlops_orchestration' retrieved from /opt/airflow/dags/mlops_orchestration.py
[2026-04-20T14:38:13.581+0000] {logging_mixin.py:188} INFO - [2026-04-20T14:38:13.581+0000] {dag.py:3096} INFO - Sync 1 DAGs
[2026-04-20T14:38:13.612+0000] {logging_mixin.py:188} INFO - [2026-04-20T14:38:13.612+0000] {dag.py:3954} INFO - Setting next_dagrun for mlops_orchestration to 2026-04-19 02:00:00+00:00, run_after=2026-04-20 02:00:00+00:00
[2026-04-20T14:38:13.643+0000] {processor.py:183} INFO - Processing /opt/airflow/dags/mlops_orchestration.py took 0.156 seconds
[2026-04-20T14:38:43.872+0000] {processor.py:161} INFO - Started process (PID=282) to work on /opt/airflow/dags/mlops_orchestration.py
[2026-04-20T14:38:43.879+0000] {processor.py:830} INFO - Processing file /opt/airflow/dags/mlops_orchestration.py for tasks to queue
[2026-04-20T14:38:43.890+0000] {logging_mixin.py:188} INFO - [2026-04-20T14:38:43.888+0000] {dagbag.py:545} INFO - Filling up the DagBag from /opt/airflow/dags/mlops_orchestration.py
[2026-04-20T14:38:43.997+0000] {processor.py:840} INFO - DAG(s) 'mlops_orchestration' retrieved from /opt/airflow/dags/mlops_orchestration.py
[2026-04-20T14:38:44.249+0000] {logging_mixin.py:188} INFO - [2026-04-20T14:38:44.246+0000] {dag.py:3096} INFO - Sync 1 DAGs
[2026-04-20T14:38:44.393+0000] {logging_mixin.py:188} INFO - [2026-04-20T14:38:44.393+0000] {dag.py:3954} INFO - Setting next_dagrun for mlops_orchestration to 2026-04-19 02:00:00+00:00, run_after=2026-04-20 02:00:00+00:00
[2026-04-20T14:38:44.455+0000] {processor.py:183} INFO - Processing /opt/airflow/dags/mlops_orchestration.py took 0.625 seconds
[2026-04-20T14:39:14.654+0000] {processor.py:161} INFO - Started process (PID=283) to work on /opt/airflow/dags/mlops_orchestration.py
[2026-04-20T14:39:14.663+0000] {processor.py:830} INFO - Processing file /opt/airflow/dags/mlops_orchestration.py for tasks to queue
[2026-04-20T14:39:14.687+0000] {logging_mixin.py:188} INFO - [2026-04-20T14:39:14.685+0000] {dagbag.py:545} INFO - Filling up the DagBag from /opt/airflow/dags/mlops_orchestration.py
[2026-04-20T14:39:14.731+0000] {processor.py:840} INFO - DAG(s) 'mlops_orchestration' retrieved from /opt/airflow/dags/mlops_orchestration.py
[2026-04-20T14:39:14.791+0000] {logging_mixin.py:188} INFO - [2026-04-20T14:39:14.791+0000] {dag.py:3096} INFO - Sync 1 DAGs
[2026-04-20T14:39:14.818+0000] {logging_mixin.py:188} INFO - [2026-04-20T14:39:14.818+0000] {dag.py:3954} INFO - Setting next_dagrun for mlops_orchestration to 2026-04-19 02:00:00+00:00, run_after=2026-04-20 02:00:00+00:00
[2026-04-20T14:39:14.872+0000] {processor.py:183} INFO - Processing /opt/airflow/dags/mlops_orchestration.py took 0.236 seconds
[2026-04-20T14:39:45.069+0000] {processor.py:161} INFO - Started process (PID=284) to work on /opt/airflow/dags/mlops_orchestration.py
[2026-04-20T14:39:45.071+0000] {processor.py:830} INFO - Processing file /opt/airflow/dags/mlops_orchestration.py for tasks to queue
[2026-04-20T14:39:45.082+0000] {logging_mixin.py:188} INFO - [2026-04-20T14:39:45.074+0000] {dagbag.py:545} INFO - Filling up the DagBag from /opt/airflow/dags/mlops_orchestration.py
[2026-04-20T14:39:45.134+0000] {processor.py:840} INFO - DAG(s) 'mlops_orchestration' retrieved from /opt/airflow/dags/mlops_orchestration.py
[2026-04-20T14:39:45.201+0000] {logging_mixin.py:188} INFO - [2026-04-20T14:39:45.201+0000] {dag.py:3096} INFO - Sync 1 DAGs
[2026-04-20T14:39:45.246+0000] {logging_mixin.py:188} INFO - [2026-04-20T14:39:45.245+0000] {dag.py:3954} INFO - Setting next_dagrun for mlops_orchestration to 2026-04-19 02:00:00+00:00, run_after=2026-04-20 02:00:00+00:00
[2026-04-20T14:39:45.276+0000] {processor.py:183} INFO - Processing /opt/airflow/dags/mlops_orchestration.py took 0.216 seconds
[2026-04-20T14:40:15.462+0000] {processor.py:161} INFO - Started process (PID=285) to work on /opt/airflow/dags/mlops_orchestration.py
[2026-04-20T14:40:15.463+0000] {processor.py:830} INFO - Processing file /opt/airflow/dags/mlops_orchestration.py for tasks to queue
[2026-04-20T14:40:15.465+0000] {logging_mixin.py:188} INFO - [2026-04-20T14:40:15.465+0000] {dagbag.py:545} INFO - Filling up the DagBag from /opt/airflow/dags/mlops_orchestration.py
[2026-04-20T14:40:15.577+0000] {processor.py:840} INFO - DAG(s) 'mlops_orchestration' retrieved from /opt/airflow/dags/mlops_orchestration.py
[2026-04-20T14:40:15.736+0000] {logging_mixin.py:188} INFO - [2026-04-20T14:40:15.735+0000] {dag.py:3096} INFO - Sync 1 DAGs
[2026-04-20T14:40:15.896+0000] {logging_mixin.py:188} INFO - [2026-04-20T14:40:15.894+0000] {dag.py:3954} INFO - Setting next_dagrun for mlops_orchestration to 2026-04-19 02:00:00+00:00, run_after=2026-04-20 02:00:00+00:00
[2026-04-20T14:40:17.008+0000] {processor.py:183} INFO - Processing /opt/airflow/dags/mlops_orchestration.py took 1.551 seconds
[2026-04-20T14:40:47.149+0000] {processor.py:161} INFO - Started process (PID=286) to work on /opt/airflow/dags/mlops_orchestration.py
[2026-04-20T14:40:47.152+0000] {processor.py:830} INFO - Processing file /opt/airflow/dags/mlops_orchestration.py for tasks to queue
[2026-04-20T14:40:47.157+0000] {logging_mixin.py:188} INFO - [2026-04-20T14:40:47.156+0000] {dagbag.py:545} INFO - Filling up the DagBag from /opt/airflow/dags/mlops_orchestration.py
[2026-04-20T14:40:47.183+0000] {processor.py:840} INFO - DAG(s) 'mlops_orchestration' retrieved from /opt/airflow/dags/mlops_orchestration.py
[2026-04-20T14:40:47.218+0000] {logging_mixin.py:188} INFO - [2026-04-20T14:40:47.218+0000] {dag.py:3096} INFO - Sync 1 DAGs
[2026-04-20T14:40:47.240+0000] {logging_mixin.py:188} INFO - [2026-04-20T14:40:47.239+0000] {dag.py:3954} INFO - Setting next_dagrun for mlops_orchestration to 2026-04-19 02:00:00+00:00, run_after=2026-04-20 02:00:00+00:00
[2026-04-20T14:40:47.264+0000] {processor.py:183} INFO - Processing /opt/airflow/dags/mlops_orchestration.py took 0.127 seconds
[2026-04-20T14:41:17.423+0000] {processor.py:161} INFO - Started process (PID=287) to work on /opt/airflow/dags/mlops_orchestration.py
[2026-04-20T14:41:17.425+0000] {processor.py:830} INFO - Processing file /opt/airflow/dags/mlops_orchestration.py for tasks to queue
[2026-04-20T14:41:17.427+0000] {logging_mixin.py:188} INFO - [2026-04-20T14:41:17.426+0000] {dagbag.py:545} INFO - Filling up the DagBag from /opt/airflow/dags/mlops_orchestration.py
[2026-04-20T14:41:17.452+0000] {processor.py:840} INFO - DAG(s) 'mlops_orchestration' retrieved from /opt/airflow/dags/mlops_orchestration.py
[2026-04-20T14:41:17.486+0000] {logging_mixin.py:188} INFO - [2026-04-20T14:41:17.486+0000] {dag.py:3096} INFO - Sync 1 DAGs
[2026-04-20T14:41:17.505+0000] {logging_mixin.py:188} INFO - [2026-04-20T14:41:17.505+0000] {dag.py:3954} INFO - Setting next_dagrun for mlops_orchestration to 2026-04-19 02:00:00+00:00, run_after=2026-04-20 02:00:00+00:00
[2026-04-20T14:41:17.527+0000] {processor.py:183} INFO - Processing /opt/airflow/dags/mlops_orchestration.py took 0.110 seconds
[2026-04-20T14:41:47.702+0000] {processor.py:161} INFO - Started process (PID=288) to work on /opt/airflow/dags/mlops_orchestration.py
[2026-04-20T14:41:47.703+0000] {processor.py:830} INFO - Processing file /opt/airflow/dags/mlops_orchestration.py for tasks to queue
[2026-04-20T14:41:47.705+0000] {logging_mixin.py:188} INFO - [2026-04-20T14:41:47.705+0000] {dagbag.py:545} INFO - Filling up the DagBag from /opt/airflow/dags/mlops_orchestration.py
[2026-04-20T14:41:47.741+0000] {processor.py:840} INFO - DAG(s) 'mlops_orchestration' retrieved from /opt/airflow/dags/mlops_orchestration.py
[2026-04-20T14:41:47.781+0000] {logging_mixin.py:188} INFO - [2026-04-20T14:41:47.781+0000] {dag.py:3096} INFO - Sync 1 DAGs
[2026-04-20T14:41:47.806+0000] {logging_mixin.py:188} INFO - [2026-04-20T14:41:47.805+0000] {dag.py:3954} INFO - Setting next_dagrun for mlops_orchestration to 2026-04-19 02:00:00+00:00, run_after=2026-04-20 02:00:00+00:00
[2026-04-20T14:41:47.829+0000] {processor.py:183} INFO - Processing /opt/airflow/dags/mlops_orchestration.py took 0.135 seconds
[2026-04-20T14:42:17.996+0000] {processor.py:161} INFO - Started process (PID=289) to work on /opt/airflow/dags/mlops_orchestration.py
[2026-04-20T14:42:17.998+0000] {processor.py:830} INFO - Processing file /opt/airflow/dags/mlops_orchestration.py for tasks to queue
[2026-04-20T14:42:18.002+0000] {logging_mixin.py:188} INFO - [2026-04-20T14:42:18.001+0000] {dagbag.py:545} INFO - Filling up the DagBag from /opt/airflow/dags/mlops_orchestration.py
[2026-04-20T14:42:18.040+0000] {processor.py:840} INFO - DAG(s) 'mlops_orchestration' retrieved from /opt/airflow/dags/mlops_orchestration.py
[2026-04-20T14:42:18.098+0000] {logging_mixin.py:188} INFO - [2026-04-20T14:42:18.098+0000] {dag.py:3096} INFO - Sync 1 DAGs
[2026-04-20T14:42:18.130+0000] {logging_mixin.py:188} INFO - [2026-04-20T14:42:18.129+0000] {dag.py:3954} INFO - Setting next_dagrun for mlops_orchestration to 2026-04-19 02:00:00+00:00, run_after=2026-04-20 02:00:00+00:00
[2026-04-20T14:42:18.163+0000] {processor.py:183} INFO - Processing /opt/airflow/dags/mlops_orchestration.py took 0.175 seconds
[2026-04-20T14:42:48.304+0000] {processor.py:161} INFO - Started process (PID=290) to work on /opt/airflow/dags/mlops_orchestration.py
[2026-04-20T14:42:48.306+0000] {processor.py:830} INFO - Processing file /opt/airflow/dags/mlops_orchestration.py for tasks to queue
[2026-04-20T14:42:48.308+0000] {logging_mixin.py:188} INFO - [2026-04-20T14:42:48.308+0000] {dagbag.py:545} INFO - Filling up the DagBag from /opt/airflow/dags/mlops_orchestration.py
[2026-04-20T14:42:48.344+0000] {processor.py:840} INFO - DAG(s) 'mlops_orchestration' retrieved from /opt/airflow/dags/mlops_orchestration.py
[2026-04-20T14:42:48.404+0000] {logging_mixin.py:188} INFO - [2026-04-20T14:42:48.403+0000] {dag.py:3096} INFO - Sync 1 DAGs
[2026-04-20T14:42:48.430+0000] {logging_mixin.py:188} INFO - [2026-04-20T14:42:48.430+0000] {dag.py:3954} INFO - Setting next_dagrun for mlops_orchestration to 2026-04-19 02:00:00+00:00, run_after=2026-04-20 02:00:00+00:00
[2026-04-20T14:42:48.468+0000] {processor.py:183} INFO - Processing /opt/airflow/dags/mlops_orchestration.py took 0.171 seconds
[2026-04-20T14:43:18.594+0000] {processor.py:161} INFO - Started process (PID=291) to work on /opt/airflow/dags/mlops_orchestration.py
[2026-04-20T14:43:18.596+0000] {processor.py:830} INFO - Processing file /opt/airflow/dags/mlops_orchestration.py for tasks to queue
[2026-04-20T14:43:18.599+0000] {logging_mixin.py:188} INFO - [2026-04-20T14:43:18.598+0000] {dagbag.py:545} INFO - Filling up the DagBag from /opt/airflow/dags/mlops_orchestration.py
[2026-04-20T14:43:18.629+0000] {processor.py:840} INFO - DAG(s) 'mlops_orchestration' retrieved from /opt/airflow/dags/mlops_orchestration.py
[2026-04-20T14:43:18.669+0000] {logging_mixin.py:188} INFO - [2026-04-20T14:43:18.669+0000] {dag.py:3096} INFO - Sync 1 DAGs
[2026-04-20T14:43:18.694+0000] {logging_mixin.py:188} INFO - [2026-04-20T14:43:18.694+0000] {dag.py:3954} INFO - Setting next_dagrun for mlops_orchestration to 2026-04-19 02:00:00+00:00, run_after=2026-04-20 02:00:00+00:00
[2026-04-20T14:43:18.935+0000] {processor.py:183} INFO - Processing /opt/airflow/dags/mlops_orchestration.py took 0.349 seconds
[2026-04-20T14:43:49.082+0000] {processor.py:161} INFO - Started process (PID=292) to work on /opt/airflow/dags/mlops_orchestration.py
[2026-04-20T14:43:49.083+0000] {processor.py:830} INFO - Processing file /opt/airflow/dags/mlops_orchestration.py for tasks to queue
[2026-04-20T14:43:49.085+0000] {logging_mixin.py:188} INFO - [2026-04-20T14:43:49.085+0000] {dagbag.py:545} INFO - Filling up the DagBag from /opt/airflow/dags/mlops_orchestration.py
[2026-04-20T14:43:49.109+0000] {processor.py:840} INFO - DAG(s) 'mlops_orchestration' retrieved from /opt/airflow/dags/mlops_orchestration.py
[2026-04-20T14:43:49.140+0000] {logging_mixin.py:188} INFO - [2026-04-20T14:43:49.140+0000] {dag.py:3096} INFO - Sync 1 DAGs
[2026-04-20T14:43:49.319+0000] {logging_mixin.py:188} INFO - [2026-04-20T14:43:49.319+0000] {dag.py:3954} INFO - Setting next_dagrun for mlops_orchestration to 2026-04-19 02:00:00+00:00, run_after=2026-04-20 02:00:00+00:00
[2026-04-20T14:43:49.335+0000] {processor.py:183} INFO - Processing /opt/airflow/dags/mlops_orchestration.py took 0.261 seconds
[2026-04-20T14:44:19.453+0000] {processor.py:161} INFO - Started process (PID=293) to work on /opt/airflow/dags/mlops_orchestration.py
[2026-04-20T14:44:19.454+0000] {processor.py:830} INFO - Processing file /opt/airflow/dags/mlops_orchestration.py for tasks to queue
[2026-04-20T14:44:19.456+0000] {logging_mixin.py:188} INFO - [2026-04-20T14:44:19.456+0000] {dagbag.py:545} INFO - Filling up the DagBag from /opt/airflow/dags/mlops_orchestration.py
[2026-04-20T14:44:19.483+0000] {processor.py:840} INFO - DAG(s) 'mlops_orchestration' retrieved from /opt/airflow/dags/mlops_orchestration.py
[2026-04-20T14:44:19.516+0000] {logging_mixin.py:188} INFO - [2026-04-20T14:44:19.516+0000] {dag.py:3096} INFO - Sync 1 DAGs
[2026-04-20T14:44:19.536+0000] {logging_mixin.py:188} INFO - [2026-04-20T14:44:19.535+0000] {dag.py:3954} INFO - Setting next_dagrun for mlops_orchestration to 2026-04-19 02:00:00+00:00, run_after=2026-04-20 02:00:00+00:00
[2026-04-20T14:44:19.556+0000] {processor.py:183} INFO - Processing /opt/airflow/dags/mlops_orchestration.py took 0.109 seconds
[2026-04-20T14:44:49.740+0000] {processor.py:161} INFO - Started process (PID=294) to work on /opt/airflow/dags/mlops_orchestration.py
[2026-04-20T14:44:49.742+0000] {processor.py:830} INFO - Processing file /opt/airflow/dags/mlops_orchestration.py for tasks to queue
[2026-04-20T14:44:49.745+0000] {logging_mixin.py:188} INFO - [2026-04-20T14:44:49.744+0000] {dagbag.py:545} INFO - Filling up the DagBag from /opt/airflow/dags/mlops_orchestration.py
[2026-04-20T14:44:49.776+0000] {processor.py:840} INFO - DAG(s) 'mlops_orchestration' retrieved from /opt/airflow/dags/mlops_orchestration.py
[2026-04-20T14:44:49.820+0000] {logging_mixin.py:188} INFO - [2026-04-20T14:44:49.819+0000] {dag.py:3096} INFO - Sync 1 DAGs
[2026-04-20T14:44:49.847+0000] {logging_mixin.py:188} INFO - [2026-04-20T14:44:49.847+0000] {dag.py:3954} INFO - Setting next_dagrun for mlops_orchestration to 2026-04-19 02:00:00+00:00, run_after=2026-04-20 02:00:00+00:00
[2026-04-20T14:44:49.875+0000] {processor.py:183} INFO - Processing /opt/airflow/dags/mlops_orchestration.py took 0.143 seconds
[2026-04-20T14:45:20.021+0000] {processor.py:161} INFO - Started process (PID=295) to work on /opt/airflow/dags/mlops_orchestration.py
[2026-04-20T14:45:20.023+0000] {processor.py:830} INFO - Processing file /opt/airflow/dags/mlops_orchestration.py for tasks to queue
[2026-04-20T14:45:20.025+0000] {logging_mixin.py:188} INFO - [2026-04-20T14:45:20.024+0000] {dagbag.py:545} INFO - Filling up the DagBag from /opt/airflow/dags/mlops_orchestration.py
[2026-04-20T14:45:20.051+0000] {processor.py:840} INFO - DAG(s) 'mlops_orchestration' retrieved from /opt/airflow/dags/mlops_orchestration.py
[2026-04-20T14:45:20.091+0000] {logging_mixin.py:188} INFO - [2026-04-20T14:45:20.091+0000] {dag.py:3096} INFO - Sync 1 DAGs
[2026-04-20T14:45:20.114+0000] {logging_mixin.py:188} INFO - [2026-04-20T14:45:20.114+0000] {dag.py:3954} INFO - Setting next_dagrun for mlops_orchestration to 2026-04-19 02:00:00+00:00, run_after=2026-04-20 02:00:00+00:00
[2026-04-20T14:45:20.140+0000] {processor.py:183} INFO - Processing /opt/airflow/dags/mlops_orchestration.py took 0.125 seconds
[2026-04-20T14:45:50.287+0000] {processor.py:161} INFO - Started process (PID=296) to work on /opt/airflow/dags/mlops_orchestration.py
[2026-04-20T14:45:50.288+0000] {processor.py:830} INFO - Processing file /opt/airflow/dags/mlops_orchestration.py for tasks to queue
[2026-04-20T14:45:50.291+0000] {logging_mixin.py:188} INFO - [2026-04-20T14:45:50.290+0000] {dagbag.py:545} INFO - Filling up the DagBag from /opt/airflow/dags/mlops_orchestration.py
[2026-04-20T14:45:50.313+0000] {processor.py:840} INFO - DAG(s) 'mlops_orchestration' retrieved from /opt/airflow/dags/mlops_orchestration.py
[2026-04-20T14:45:50.344+0000] {logging_mixin.py:188} INFO - [2026-04-20T14:45:50.343+0000] {dag.py:3096} INFO - Sync 1 DAGs
[2026-04-20T14:45:50.363+0000] {logging_mixin.py:188} INFO - [2026-04-20T14:45:50.363+0000] {dag.py:3954} INFO - Setting next_dagrun for mlops_orchestration to 2026-04-19 02:00:00+00:00, run_after=2026-04-20 02:00:00+00:00
[2026-04-20T14:45:50.387+0000] {processor.py:183} INFO - Processing /opt/airflow/dags/mlops_orchestration.py took 0.107 seconds
[2026-04-20T14:46:20.565+0000] {processor.py:161} INFO - Started process (PID=297) to work on /opt/airflow/dags/mlops_orchestration.py
[2026-04-20T14:46:20.566+0000] {processor.py:830} INFO - Processing file /opt/airflow/dags/mlops_orchestration.py for tasks to queue
[2026-04-20T14:46:20.568+0000] {logging_mixin.py:188} INFO - [2026-04-20T14:46:20.568+0000] {dagbag.py:545} INFO - Filling up the DagBag from /opt/airflow/dags/mlops_orchestration.py
[2026-04-20T14:46:20.592+0000] {processor.py:840} INFO - DAG(s) 'mlops_orchestration' retrieved from /opt/airflow/dags/mlops_orchestration.py
[2026-04-20T14:46:20.624+0000] {logging_mixin.py:188} INFO - [2026-04-20T14:46:20.624+0000] {dag.py:3096} INFO - Sync 1 DAGs
[2026-04-20T14:46:20.643+0000] {logging_mixin.py:188} INFO - [2026-04-20T14:46:20.643+0000] {dag.py:3954} INFO - Setting next_dagrun for mlops_orchestration to 2026-04-19 02:00:00+00:00, run_after=2026-04-20 02:00:00+00:00
[2026-04-20T14:46:20.815+0000] {processor.py:183} INFO - Processing /opt/airflow/dags/mlops_orchestration.py took 0.256 seconds
[2026-04-20T14:46:50.936+0000] {processor.py:161} INFO - Started process (PID=298) to work on /opt/airflow/dags/mlops_orchestration.py
[2026-04-20T14:46:50.937+0000] {processor.py:830} INFO - Processing file /opt/airflow/dags/mlops_orchestration.py for tasks to queue
[2026-04-20T14:46:50.942+0000] {logging_mixin.py:188} INFO - [2026-04-20T14:46:50.942+0000] {dagbag.py:545} INFO - Filling up the DagBag from /opt/airflow/dags/mlops_orchestration.py
[2026-04-20T14:46:50.964+0000] {processor.py:840} INFO - DAG(s) 'mlops_orchestration' retrieved from /opt/airflow/dags/mlops_orchestration.py
[2026-04-20T14:46:50.997+0000] {logging_mixin.py:188} INFO - [2026-04-20T14:46:50.997+0000] {dag.py:3096} INFO - Sync 1 DAGs
[2026-04-20T14:46:51.165+0000] {logging_mixin.py:188} INFO - [2026-04-20T14:46:51.165+0000] {dag.py:3954} INFO - Setting next_dagrun for mlops_orchestration to 2026-04-19 02:00:00+00:00, run_after=2026-04-20 02:00:00+00:00
[2026-04-20T14:46:51.184+0000] {processor.py:183} INFO - Processing /opt/airflow/dags/mlops_orchestration.py took 0.255 seconds
[2026-04-20T14:47:21.312+0000] {processor.py:161} INFO - Started process (PID=299) to work on /opt/airflow/dags/mlops_orchestration.py
[2026-04-20T14:47:21.313+0000] {processor.py:830} INFO - Processing file /opt/airflow/dags/mlops_orchestration.py for tasks to queue
[2026-04-20T14:47:21.315+0000] {logging_mixin.py:188} INFO - [2026-04-20T14:47:21.315+0000] {dagbag.py:545} INFO - Filling up the DagBag from /opt/airflow/dags/mlops_orchestration.py
[2026-04-20T14:47:21.342+0000] {processor.py:840} INFO - DAG(s) 'mlops_orchestration' retrieved from /opt/airflow/dags/mlops_orchestration.py
[2026-04-20T14:47:21.378+0000] {logging_mixin.py:188} INFO - [2026-04-20T14:47:21.377+0000] {dag.py:3096} INFO - Sync 1 DAGs
[2026-04-20T14:47:21.402+0000] {logging_mixin.py:188} INFO - [2026-04-20T14:47:21.402+0000] {dag.py:3954} INFO - Setting next_dagrun for mlops_orchestration to 2026-04-19 02:00:00+00:00, run_after=2026-04-20 02:00:00+00:00
[2026-04-20T14:47:21.427+0000] {processor.py:183} INFO - Processing /opt/airflow/dags/mlops_orchestration.py took 0.122 seconds
[2026-04-20T14:47:51.604+0000] {processor.py:161} INFO - Started process (PID=300) to work on /opt/airflow/dags/mlops_orchestration.py
[2026-04-20T14:47:51.606+0000] {processor.py:830} INFO - Processing file /opt/airflow/dags/mlops_orchestration.py for tasks to queue
[2026-04-20T14:47:51.613+0000] {logging_mixin.py:188} INFO - [2026-04-20T14:47:51.610+0000] {dagbag.py:545} INFO - Filling up the DagBag from /opt/airflow/dags/mlops_orchestration.py
[2026-04-20T14:47:51.666+0000] {processor.py:840} INFO - DAG(s) 'mlops_orchestration' retrieved from /opt/airflow/dags/mlops_orchestration.py
[2026-04-20T14:47:51.715+0000] {logging_mixin.py:188} INFO - [2026-04-20T14:47:51.714+0000] {dag.py:3096} INFO - Sync 1 DAGs
[2026-04-20T14:47:51.742+0000] {logging_mixin.py:188} INFO - [2026-04-20T14:47:51.742+0000] {dag.py:3954} INFO - Setting next_dagrun for mlops_orchestration to 2026-04-19 02:00:00+00:00, run_after=2026-04-20 02:00:00+00:00
[2026-04-20T14:47:51.771+0000] {processor.py:183} INFO - Processing /opt/airflow/dags/mlops_orchestration.py took 0.172 seconds
[2026-04-20T14:48:21.900+0000] {processor.py:161} INFO - Started process (PID=301) to work on /opt/airflow/dags/mlops_orchestration.py
[2026-04-20T14:48:21.904+0000] {processor.py:830} INFO - Processing file /opt/airflow/dags/mlops_orchestration.py for tasks to queue
[2026-04-20T14:48:21.909+0000] {logging_mixin.py:188} INFO - [2026-04-20T14:48:21.908+0000] {dagbag.py:545} INFO - Filling up the DagBag from /opt/airflow/dags/mlops_orchestration.py
[2026-04-20T14:48:21.940+0000] {processor.py:840} INFO - DAG(s) 'mlops_orchestration' retrieved from /opt/airflow/dags/mlops_orchestration.py
[2026-04-20T14:48:21.998+0000] {logging_mixin.py:188} INFO - [2026-04-20T14:48:21.997+0000] {dag.py:3096} INFO - Sync 1 DAGs
[2026-04-20T14:48:22.031+0000] {logging_mixin.py:188} INFO - [2026-04-20T14:48:22.031+0000] {dag.py:3954} INFO - Setting next_dagrun for mlops_orchestration to 2026-04-19 02:00:00+00:00, run_after=2026-04-20 02:00:00+00:00
[2026-04-20T14:48:22.060+0000] {processor.py:183} INFO - Processing /opt/airflow/dags/mlops_orchestration.py took 0.170 seconds
[2026-04-20T14:48:52.198+0000] {processor.py:161} INFO - Started process (PID=302) to work on /opt/airflow/dags/mlops_orchestration.py
[2026-04-20T14:48:52.199+0000] {processor.py:830} INFO - Processing file /opt/airflow/dags/mlops_orchestration.py for tasks to queue
[2026-04-20T14:48:52.201+0000] {logging_mixin.py:188} INFO - [2026-04-20T14:48:52.201+0000] {dagbag.py:545} INFO - Filling up the DagBag from /opt/airflow/dags/mlops_orchestration.py
[2026-04-20T14:48:52.232+0000] {processor.py:840} INFO - DAG(s) 'mlops_orchestration' retrieved from /opt/airflow/dags/mlops_orchestration.py
[2026-04-20T14:48:52.267+0000] {logging_mixin.py:188} INFO - [2026-04-20T14:48:52.267+0000] {dag.py:3096} INFO - Sync 1 DAGs
[2026-04-20T14:48:52.290+0000] {logging_mixin.py:188} INFO - [2026-04-20T14:48:52.290+0000] {dag.py:3954} INFO - Setting next_dagrun for mlops_orchestration to 2026-04-19 02:00:00+00:00, run_after=2026-04-20 02:00:00+00:00
[2026-04-20T14:48:52.316+0000] {processor.py:183} INFO - Processing /opt/airflow/dags/mlops_orchestration.py took 0.124 seconds
[2026-04-20T14:49:22.491+0000] {processor.py:161} INFO - Started process (PID=304) to work on /opt/airflow/dags/mlops_orchestration.py
[2026-04-20T14:49:22.492+0000] {processor.py:830} INFO - Processing file /opt/airflow/dags/mlops_orchestration.py for tasks to queue
[2026-04-20T14:49:22.495+0000] {logging_mixin.py:188} INFO - [2026-04-20T14:49:22.495+0000] {dagbag.py:545} INFO - Filling up the DagBag from /opt/airflow/dags/mlops_orchestration.py
[2026-04-20T14:49:22.528+0000] {processor.py:840} INFO - DAG(s) 'mlops_orchestration' retrieved from /opt/airflow/dags/mlops_orchestration.py
[2026-04-20T14:49:22.566+0000] {logging_mixin.py:188} INFO - [2026-04-20T14:49:22.565+0000] {dag.py:3096} INFO - Sync 1 DAGs
[2026-04-20T14:49:22.598+0000] {logging_mixin.py:188} INFO - [2026-04-20T14:49:22.597+0000] {dag.py:3954} INFO - Setting next_dagrun for mlops_orchestration to 2026-04-19 02:00:00+00:00, run_after=2026-04-20 02:00:00+00:00
[2026-04-20T14:49:22.946+0000] {processor.py:183} INFO - Processing /opt/airflow/dags/mlops_orchestration.py took 0.471 seconds
[2026-04-20T14:49:53.076+0000] {processor.py:161} INFO - Started process (PID=305) to work on /opt/airflow/dags/mlops_orchestration.py
[2026-04-20T14:49:53.079+0000] {processor.py:830} INFO - Processing file /opt/airflow/dags/mlops_orchestration.py for tasks to queue
[2026-04-20T14:49:53.085+0000] {logging_mixin.py:188} INFO - [2026-04-20T14:49:53.083+0000] {dagbag.py:545} INFO - Filling up the DagBag from /opt/airflow/dags/mlops_orchestration.py
[2026-04-20T14:49:53.114+0000] {processor.py:840} INFO - DAG(s) 'mlops_orchestration' retrieved from /opt/airflow/dags/mlops_orchestration.py
[2026-04-20T14:49:53.158+0000] {logging_mixin.py:188} INFO - [2026-04-20T14:49:53.158+0000] {dag.py:3096} INFO - Sync 1 DAGs
[2026-04-20T14:49:53.373+0000] {logging_mixin.py:188} INFO - [2026-04-20T14:49:53.373+0000] {dag.py:3954} INFO - Setting next_dagrun for mlops_orchestration to 2026-04-19 02:00:00+00:00, run_after=2026-04-20 02:00:00+00:00
[2026-04-20T14:49:53.393+0000] {processor.py:183} INFO - Processing /opt/airflow/dags/mlops_orchestration.py took 0.325 seconds
[2026-04-20T14:50:23.553+0000] {processor.py:161} INFO - Started process (PID=306) to work on /opt/airflow/dags/mlops_orchestration.py
[2026-04-20T14:50:23.554+0000] {processor.py:830} INFO - Processing file /opt/airflow/dags/mlops_orchestration.py for tasks to queue
[2026-04-20T14:50:23.557+0000] {logging_mixin.py:188} INFO - [2026-04-20T14:50:23.557+0000] {dagbag.py:545} INFO - Filling up the DagBag from /opt/airflow/dags/mlops_orchestration.py
[2026-04-20T14:50:23.588+0000] {processor.py:840} INFO - DAG(s) 'mlops_orchestration' retrieved from /opt/airflow/dags/mlops_orchestration.py
[2026-04-20T14:50:23.628+0000] {logging_mixin.py:188} INFO - [2026-04-20T14:50:23.627+0000] {dag.py:3096} INFO - Sync 1 DAGs
[2026-04-20T14:50:23.834+0000] {logging_mixin.py:188} INFO - [2026-04-20T14:50:23.833+0000] {dag.py:3954} INFO - Setting next_dagrun for mlops_orchestration to 2026-04-19 02:00:00+00:00, run_after=2026-04-20 02:00:00+00:00
[2026-04-20T14:50:23.861+0000] {processor.py:183} INFO - Processing /opt/airflow/dags/mlops_orchestration.py took 0.316 seconds
[2026-04-20T14:50:54.031+0000] {processor.py:161} INFO - Started process (PID=307) to work on /opt/airflow/dags/mlops_orchestration.py
[2026-04-20T14:50:54.032+0000] {processor.py:830} INFO - Processing file /opt/airflow/dags/mlops_orchestration.py for tasks to queue
[2026-04-20T14:50:54.035+0000] {logging_mixin.py:188} INFO - [2026-04-20T14:50:54.034+0000] {dagbag.py:545} INFO - Filling up the DagBag from /opt/airflow/dags/mlops_orchestration.py
[2026-04-20T14:50:54.058+0000] {processor.py:840} INFO - DAG(s) 'mlops_orchestration' retrieved from /opt/airflow/dags/mlops_orchestration.py
[2026-04-20T14:50:54.099+0000] {logging_mixin.py:188} INFO - [2026-04-20T14:50:54.099+0000] {dag.py:3096} INFO - Sync 1 DAGs
[2026-04-20T14:50:54.125+0000] {logging_mixin.py:188} INFO - [2026-04-20T14:50:54.125+0000] {dag.py:3954} INFO - Setting next_dagrun for mlops_orchestration to 2026-04-19 02:00:00+00:00, run_after=2026-04-20 02:00:00+00:00
[2026-04-20T14:50:54.149+0000] {processor.py:183} INFO - Processing /opt/airflow/dags/mlops_orchestration.py took 0.124 seconds
[2026-04-20T14:51:24.318+0000] {processor.py:161} INFO - Started process (PID=308) to work on /opt/airflow/dags/mlops_orchestration.py
[2026-04-20T14:51:24.319+0000] {processor.py:830} INFO - Processing file /opt/airflow/dags/mlops_orchestration.py for tasks to queue
[2026-04-20T14:51:24.324+0000] {logging_mixin.py:188} INFO - [2026-04-20T14:51:24.323+0000] {dagbag.py:545} INFO - Filling up the DagBag from /opt/airflow/dags/mlops_orchestration.py
[2026-04-20T14:51:24.349+0000] {processor.py:840} INFO - DAG(s) 'mlops_orchestration' retrieved from /opt/airflow/dags/mlops_orchestration.py
[2026-04-20T14:51:24.388+0000] {logging_mixin.py:188} INFO - [2026-04-20T14:51:24.387+0000] {dag.py:3096} INFO - Sync 1 DAGs
[2026-04-20T14:51:24.410+0000] {logging_mixin.py:188} INFO - [2026-04-20T14:51:24.409+0000] {dag.py:3954} INFO - Setting next_dagrun for mlops_orchestration to 2026-04-19 02:00:00+00:00, run_after=2026-04-20 02:00:00+00:00
[2026-04-20T14:51:24.436+0000] {processor.py:183} INFO - Processing /opt/airflow/dags/mlops_orchestration.py took 0.126 seconds
[2026-04-20T14:51:54.598+0000] {processor.py:161} INFO - Started process (PID=309) to work on /opt/airflow/dags/mlops_orchestration.py
[2026-04-20T14:51:54.599+0000] {processor.py:830} INFO - Processing file /opt/airflow/dags/mlops_orchestration.py for tasks to queue
[2026-04-20T14:51:54.602+0000] {logging_mixin.py:188} INFO - [2026-04-20T14:51:54.601+0000] {dagbag.py:545} INFO - Filling up the DagBag from /opt/airflow/dags/mlops_orchestration.py
[2026-04-20T14:51:54.630+0000] {processor.py:840} INFO - DAG(s) 'mlops_orchestration' retrieved from /opt/airflow/dags/mlops_orchestration.py
[2026-04-20T14:51:54.666+0000] {logging_mixin.py:188} INFO - [2026-04-20T14:51:54.665+0000] {dag.py:3096} INFO - Sync 1 DAGs
[2026-04-20T14:51:54.688+0000] {logging_mixin.py:188} INFO - [2026-04-20T14:51:54.688+0000] {dag.py:3954} INFO - Setting next_dagrun for mlops_orchestration to 2026-04-19 02:00:00+00:00, run_after=2026-04-20 02:00:00+00:00
[2026-04-20T14:51:54.708+0000] {processor.py:183} INFO - Processing /opt/airflow/dags/mlops_orchestration.py took 0.116 seconds
[2026-04-20T14:52:24.879+0000] {processor.py:161} INFO - Started process (PID=310) to work on /opt/airflow/dags/mlops_orchestration.py
[2026-04-20T14:52:24.881+0000] {processor.py:830} INFO - Processing file /opt/airflow/dags/mlops_orchestration.py for tasks to queue
[2026-04-20T14:52:24.885+0000] {logging_mixin.py:188} INFO - [2026-04-20T14:52:24.884+0000] {dagbag.py:545} INFO - Filling up the DagBag from /opt/airflow/dags/mlops_orchestration.py
[2026-04-20T14:52:24.911+0000] {processor.py:840} INFO - DAG(s) 'mlops_orchestration' retrieved from /opt/airflow/dags/mlops_orchestration.py
[2026-04-20T14:52:24.949+0000] {logging_mixin.py:188} INFO - [2026-04-20T14:52:24.948+0000] {dag.py:3096} INFO - Sync 1 DAGs
[2026-04-20T14:52:24.973+0000] {logging_mixin.py:188} INFO - [2026-04-20T14:52:24.972+0000] {dag.py:3954} INFO - Setting next_dagrun for mlops_orchestration to 2026-04-19 02:00:00+00:00, run_after=2026-04-20 02:00:00+00:00
[2026-04-20T14:52:25.192+0000] {processor.py:183} INFO - Processing /opt/airflow/dags/mlops_orchestration.py took 0.320 seconds
[2026-04-20T14:52:55.375+0000] {processor.py:161} INFO - Started process (PID=311) to work on /opt/airflow/dags/mlops_orchestration.py
[2026-04-20T14:52:55.376+0000] {processor.py:830} INFO - Processing file /opt/airflow/dags/mlops_orchestration.py for tasks to queue
[2026-04-20T14:52:55.381+0000] {logging_mixin.py:188} INFO - [2026-04-20T14:52:55.379+0000] {dagbag.py:545} INFO - Filling up the DagBag from /opt/airflow/dags/mlops_orchestration.py
[2026-04-20T14:52:55.411+0000] {processor.py:840} INFO - DAG(s) 'mlops_orchestration' retrieved from /opt/airflow/dags/mlops_orchestration.py
[2026-04-20T14:52:55.451+0000] {logging_mixin.py:188} INFO - [2026-04-20T14:52:55.450+0000] {dag.py:3096} INFO - Sync 1 DAGs
[2026-04-20T14:52:55.643+0000] {logging_mixin.py:188} INFO - [2026-04-20T14:52:55.642+0000] {dag.py:3954} INFO - Setting next_dagrun for mlops_orchestration to 2026-04-19 02:00:00+00:00, run_after=2026-04-20 02:00:00+00:00
[2026-04-20T14:52:55.673+0000] {processor.py:183} INFO - Processing /opt/airflow/dags/mlops_orchestration.py took 0.307 seconds
[2026-04-20T14:53:25.859+0000] {processor.py:161} INFO - Started process (PID=312) to work on /opt/airflow/dags/mlops_orchestration.py
[2026-04-20T14:53:25.860+0000] {processor.py:830} INFO - Processing file /opt/airflow/dags/mlops_orchestration.py for tasks to queue
[2026-04-20T14:53:25.862+0000] {logging_mixin.py:188} INFO - [2026-04-20T14:53:25.862+0000] {dagbag.py:545} INFO - Filling up the DagBag from /opt/airflow/dags/mlops_orchestration.py
[2026-04-20T14:53:25.887+0000] {processor.py:840} INFO - DAG(s) 'mlops_orchestration' retrieved from /opt/airflow/dags/mlops_orchestration.py
[2026-04-20T14:53:25.925+0000] {logging_mixin.py:188} INFO - [2026-04-20T14:53:25.924+0000] {dag.py:3096} INFO - Sync 1 DAGs
[2026-04-20T14:53:26.112+0000] {logging_mixin.py:188} INFO - [2026-04-20T14:53:26.111+0000] {dag.py:3954} INFO - Setting next_dagrun for mlops_orchestration to 2026-04-19 02:00:00+00:00, run_after=2026-04-20 02:00:00+00:00
[2026-04-20T14:53:26.139+0000] {processor.py:183} INFO - Processing /opt/airflow/dags/mlops_orchestration.py took 0.287 seconds
[2026-04-20T14:53:56.243+0000] {processor.py:161} INFO - Started process (PID=313) to work on /opt/airflow/dags/mlops_orchestration.py
[2026-04-20T14:53:56.244+0000] {processor.py:830} INFO - Processing file /opt/airflow/dags/mlops_orchestration.py for tasks to queue
[2026-04-20T14:53:56.248+0000] {logging_mixin.py:188} INFO - [2026-04-20T14:53:56.248+0000] {dagbag.py:545} INFO - Filling up the DagBag from /opt/airflow/dags/mlops_orchestration.py
[2026-04-20T14:53:56.278+0000] {processor.py:840} INFO - DAG(s) 'mlops_orchestration' retrieved from /opt/airflow/dags/mlops_orchestration.py
[2026-04-20T14:53:56.458+0000] {logging_mixin.py:188} INFO - [2026-04-20T14:53:56.458+0000] {dag.py:3096} INFO - Sync 1 DAGs
[2026-04-20T14:53:56.477+0000] {logging_mixin.py:188} INFO - [2026-04-20T14:53:56.477+0000] {dag.py:3954} INFO - Setting next_dagrun for mlops_orchestration to 2026-04-19 02:00:00+00:00, run_after=2026-04-20 02:00:00+00:00
[2026-04-20T14:53:56.500+0000] {processor.py:183} INFO - Processing /opt/airflow/dags/mlops_orchestration.py took 0.264 seconds
[2026-04-20T14:54:26.623+0000] {processor.py:161} INFO - Started process (PID=314) to work on /opt/airflow/dags/mlops_orchestration.py
[2026-04-20T14:54:26.624+0000] {processor.py:830} INFO - Processing file /opt/airflow/dags/mlops_orchestration.py for tasks to queue
[2026-04-20T14:54:26.627+0000] {logging_mixin.py:188} INFO - [2026-04-20T14:54:26.627+0000] {dagbag.py:545} INFO - Filling up the DagBag from /opt/airflow/dags/mlops_orchestration.py
[2026-04-20T14:54:26.655+0000] {processor.py:840} INFO - DAG(s) 'mlops_orchestration' retrieved from /opt/airflow/dags/mlops_orchestration.py
[2026-04-20T14:54:26.693+0000] {logging_mixin.py:188} INFO - [2026-04-20T14:54:26.693+0000] {dag.py:3096} INFO - Sync 1 DAGs
[2026-04-20T14:54:26.719+0000] {logging_mixin.py:188} INFO - [2026-04-20T14:54:26.719+0000] {dag.py:3954} INFO - Setting next_dagrun for mlops_orchestration to 2026-04-19 02:00:00+00:00, run_after=2026-04-20 02:00:00+00:00
[2026-04-20T14:54:26.749+0000] {processor.py:183} INFO - Processing /opt/airflow/dags/mlops_orchestration.py took 0.133 seconds
[2026-04-20T14:54:56.906+0000] {processor.py:161} INFO - Started process (PID=315) to work on /opt/airflow/dags/mlops_orchestration.py
[2026-04-20T14:54:56.907+0000] {processor.py:830} INFO - Processing file /opt/airflow/dags/mlops_orchestration.py for tasks to queue
[2026-04-20T14:54:56.909+0000] {logging_mixin.py:188} INFO - [2026-04-20T14:54:56.908+0000] {dagbag.py:545} INFO - Filling up the DagBag from /opt/airflow/dags/mlops_orchestration.py
[2026-04-20T14:54:56.939+0000] {processor.py:840} INFO - DAG(s) 'mlops_orchestration' retrieved from /opt/airflow/dags/mlops_orchestration.py
[2026-04-20T14:54:56.971+0000] {logging_mixin.py:188} INFO - [2026-04-20T14:54:56.970+0000] {dag.py:3096} INFO - Sync 1 DAGs
[2026-04-20T14:54:56.992+0000] {logging_mixin.py:188} INFO - [2026-04-20T14:54:56.991+0000] {dag.py:3954} INFO - Setting next_dagrun for mlops_orchestration to 2026-04-19 02:00:00+00:00, run_after=2026-04-20 02:00:00+00:00
[2026-04-20T14:54:57.013+0000] {processor.py:183} INFO - Processing /opt/airflow/dags/mlops_orchestration.py took 0.116 seconds
[2026-04-20T14:55:27.188+0000] {processor.py:161} INFO - Started process (PID=316) to work on /opt/airflow/dags/mlops_orchestration.py
[2026-04-20T14:55:27.190+0000] {processor.py:830} INFO - Processing file /opt/airflow/dags/mlops_orchestration.py for tasks to queue
[2026-04-20T14:55:27.193+0000] {logging_mixin.py:188} INFO - [2026-04-20T14:55:27.192+0000] {dagbag.py:545} INFO - Filling up the DagBag from /opt/airflow/dags/mlops_orchestration.py
[2026-04-20T14:55:27.219+0000] {processor.py:840} INFO - DAG(s) 'mlops_orchestration' retrieved from /opt/airflow/dags/mlops_orchestration.py
[2026-04-20T14:55:27.256+0000] {logging_mixin.py:188} INFO - [2026-04-20T14:55:27.256+0000] {dag.py:3096} INFO - Sync 1 DAGs
[2026-04-20T14:55:27.276+0000] {logging_mixin.py:188} INFO - [2026-04-20T14:55:27.276+0000] {dag.py:3954} INFO - Setting next_dagrun for mlops_orchestration to 2026-04-19 02:00:00+00:00, run_after=2026-04-20 02:00:00+00:00
[2026-04-20T14:55:27.451+0000] {processor.py:183} INFO - Processing /opt/airflow/dags/mlops_orchestration.py took 0.271 seconds
[2026-04-20T14:55:57.577+0000] {processor.py:161} INFO - Started process (PID=317) to work on /opt/airflow/dags/mlops_orchestration.py
[2026-04-20T14:55:57.578+0000] {processor.py:830} INFO - Processing file /opt/airflow/dags/mlops_orchestration.py for tasks to queue
[2026-04-20T14:55:57.580+0000] {logging_mixin.py:188} INFO - [2026-04-20T14:55:57.580+0000] {dagbag.py:545} INFO - Filling up the DagBag from /opt/airflow/dags/mlops_orchestration.py
[2026-04-20T14:55:57.610+0000] {processor.py:840} INFO - DAG(s) 'mlops_orchestration' retrieved from /opt/airflow/dags/mlops_orchestration.py
[2026-04-20T14:55:57.652+0000] {logging_mixin.py:188} INFO - [2026-04-20T14:55:57.651+0000] {dag.py:3096} INFO - Sync 1 DAGs
[2026-04-20T14:55:57.843+0000] {logging_mixin.py:188} INFO - [2026-04-20T14:55:57.843+0000] {dag.py:3954} INFO - Setting next_dagrun for mlops_orchestration to 2026-04-19 02:00:00+00:00, run_after=2026-04-20 02:00:00+00:00
[2026-04-20T14:55:57.866+0000] {processor.py:183} INFO - Processing /opt/airflow/dags/mlops_orchestration.py took 0.294 seconds
[2026-04-20T14:56:28.075+0000] {processor.py:161} INFO - Started process (PID=318) to work on /opt/airflow/dags/mlops_orchestration.py
[2026-04-20T14:56:28.077+0000] {processor.py:830} INFO - Processing file /opt/airflow/dags/mlops_orchestration.py for tasks to queue
[2026-04-20T14:56:28.079+0000] {logging_mixin.py:188} INFO - [2026-04-20T14:56:28.079+0000] {dagbag.py:545} INFO - Filling up the DagBag from /opt/airflow/dags/mlops_orchestration.py
[2026-04-20T14:56:28.104+0000] {processor.py:840} INFO - DAG(s) 'mlops_orchestration' retrieved from /opt/airflow/dags/mlops_orchestration.py
[2026-04-20T14:56:28.138+0000] {logging_mixin.py:188} INFO - [2026-04-20T14:56:28.137+0000] {dag.py:3096} INFO - Sync 1 DAGs
[2026-04-20T14:56:28.312+0000] {logging_mixin.py:188} INFO - [2026-04-20T14:56:28.312+0000] {dag.py:3954} INFO - Setting next_dagrun for mlops_orchestration to 2026-04-19 02:00:00+00:00, run_after=2026-04-20 02:00:00+00:00
[2026-04-20T14:56:28.339+0000] {processor.py:183} INFO - Processing /opt/airflow/dags/mlops_orchestration.py took 0.273 seconds
[2026-04-20T14:56:58.453+0000] {processor.py:161} INFO - Started process (PID=319) to work on /opt/airflow/dags/mlops_orchestration.py
[2026-04-20T14:56:58.454+0000] {processor.py:830} INFO - Processing file /opt/airflow/dags/mlops_orchestration.py for tasks to queue
[2026-04-20T14:56:58.457+0000] {logging_mixin.py:188} INFO - [2026-04-20T14:56:58.457+0000] {dagbag.py:545} INFO - Filling up the DagBag from /opt/airflow/dags/mlops_orchestration.py
[2026-04-20T14:56:58.480+0000] {processor.py:840} INFO - DAG(s) 'mlops_orchestration' retrieved from /opt/airflow/dags/mlops_orchestration.py
[2026-04-20T14:56:58.695+0000] {logging_mixin.py:188} INFO - [2026-04-20T14:56:58.695+0000] {dag.py:3096} INFO - Sync 1 DAGs
[2026-04-20T14:56:58.712+0000] {logging_mixin.py:188} INFO - [2026-04-20T14:56:58.712+0000] {dag.py:3954} INFO - Setting next_dagrun for mlops_orchestration to 2026-04-19 02:00:00+00:00, run_after=2026-04-20 02:00:00+00:00
[2026-04-20T14:56:58.735+0000] {processor.py:183} INFO - Processing /opt/airflow/dags/mlops_orchestration.py took 0.289 seconds
[2026-04-20T14:57:28.846+0000] {processor.py:161} INFO - Started process (PID=320) to work on /opt/airflow/dags/mlops_orchestration.py
[2026-04-20T14:57:28.847+0000] {processor.py:830} INFO - Processing file /opt/airflow/dags/mlops_orchestration.py for tasks to queue
[2026-04-20T14:57:28.853+0000] {logging_mixin.py:188} INFO - [2026-04-20T14:57:28.850+0000] {dagbag.py:545} INFO - Filling up the DagBag from /opt/airflow/dags/mlops_orchestration.py
[2026-04-20T14:57:29.031+0000] {processor.py:840} INFO - DAG(s) 'mlops_orchestration' retrieved from /opt/airflow/dags/mlops_orchestration.py
[2026-04-20T14:57:29.068+0000] {logging_mixin.py:188} INFO - [2026-04-20T14:57:29.067+0000] {dag.py:3096} INFO - Sync 1 DAGs
[2026-04-20T14:57:29.089+0000] {logging_mixin.py:188} INFO - [2026-04-20T14:57:29.089+0000] {dag.py:3954} INFO - Setting next_dagrun for mlops_orchestration to 2026-04-19 02:00:00+00:00, run_after=2026-04-20 02:00:00+00:00
[2026-04-20T14:57:29.110+0000] {processor.py:183} INFO - Processing /opt/airflow/dags/mlops_orchestration.py took 0.270 seconds
[2026-04-20T14:57:59.228+0000] {processor.py:161} INFO - Started process (PID=321) to work on /opt/airflow/dags/mlops_orchestration.py
[2026-04-20T14:57:59.229+0000] {processor.py:830} INFO - Processing file /opt/airflow/dags/mlops_orchestration.py for tasks to queue
[2026-04-20T14:57:59.231+0000] {logging_mixin.py:188} INFO - [2026-04-20T14:57:59.230+0000] {dagbag.py:545} INFO - Filling up the DagBag from /opt/airflow/dags/mlops_orchestration.py
[2026-04-20T14:57:59.252+0000] {processor.py:840} INFO - DAG(s) 'mlops_orchestration' retrieved from /opt/airflow/dags/mlops_orchestration.py
[2026-04-20T14:57:59.290+0000] {logging_mixin.py:188} INFO - [2026-04-20T14:57:59.289+0000] {dag.py:3096} INFO - Sync 1 DAGs
[2026-04-20T14:57:59.310+0000] {logging_mixin.py:188} INFO - [2026-04-20T14:57:59.310+0000] {dag.py:3954} INFO - Setting next_dagrun for mlops_orchestration to 2026-04-19 02:00:00+00:00, run_after=2026-04-20 02:00:00+00:00
[2026-04-20T14:57:59.333+0000] {processor.py:183} INFO - Processing /opt/airflow/dags/mlops_orchestration.py took 0.111 seconds
[2026-04-20T14:58:29.518+0000] {processor.py:161} INFO - Started process (PID=322) to work on /opt/airflow/dags/mlops_orchestration.py
[2026-04-20T14:58:29.519+0000] {processor.py:830} INFO - Processing file /opt/airflow/dags/mlops_orchestration.py for tasks to queue
[2026-04-20T14:58:29.523+0000] {logging_mixin.py:188} INFO - [2026-04-20T14:58:29.522+0000] {dagbag.py:545} INFO - Filling up the DagBag from /opt/airflow/dags/mlops_orchestration.py
[2026-04-20T14:58:29.553+0000] {processor.py:840} INFO - DAG(s) 'mlops_orchestration' retrieved from /opt/airflow/dags/mlops_orchestration.py
[2026-04-20T14:58:29.589+0000] {logging_mixin.py:188} INFO - [2026-04-20T14:58:29.588+0000] {dag.py:3096} INFO - Sync 1 DAGs
[2026-04-20T14:58:29.615+0000] {logging_mixin.py:188} INFO - [2026-04-20T14:58:29.614+0000] {dag.py:3954} INFO - Setting next_dagrun for mlops_orchestration to 2026-04-19 02:00:00+00:00, run_after=2026-04-20 02:00:00+00:00
[2026-04-20T14:58:29.640+0000] {processor.py:183} INFO - Processing /opt/airflow/dags/mlops_orchestration.py took 0.129 seconds
[2026-04-20T14:58:59.802+0000] {processor.py:161} INFO - Started process (PID=323) to work on /opt/airflow/dags/mlops_orchestration.py
[2026-04-20T14:58:59.803+0000] {processor.py:830} INFO - Processing file /opt/airflow/dags/mlops_orchestration.py for tasks to queue
[2026-04-20T14:58:59.806+0000] {logging_mixin.py:188} INFO - [2026-04-20T14:58:59.806+0000] {dagbag.py:545} INFO - Filling up the DagBag from /opt/airflow/dags/mlops_orchestration.py
[2026-04-20T14:58:59.837+0000] {processor.py:840} INFO - DAG(s) 'mlops_orchestration' retrieved from /opt/airflow/dags/mlops_orchestration.py
[2026-04-20T14:58:59.898+0000] {logging_mixin.py:188} INFO - [2026-04-20T14:58:59.897+0000] {dag.py:3096} INFO - Sync 1 DAGs
[2026-04-20T14:58:59.934+0000] {logging_mixin.py:188} INFO - [2026-04-20T14:58:59.934+0000] {dag.py:3954} INFO - Setting next_dagrun for mlops_orchestration to 2026-04-19 02:00:00+00:00, run_after=2026-04-20 02:00:00+00:00
[2026-04-20T14:58:59.960+0000] {processor.py:183} INFO - Processing /opt/airflow/dags/mlops_orchestration.py took 0.167 seconds
[2026-04-20T14:59:30.098+0000] {processor.py:161} INFO - Started process (PID=324) to work on /opt/airflow/dags/mlops_orchestration.py
[2026-04-20T14:59:30.099+0000] {processor.py:830} INFO - Processing file /opt/airflow/dags/mlops_orchestration.py for tasks to queue
[2026-04-20T14:59:30.101+0000] {logging_mixin.py:188} INFO - [2026-04-20T14:59:30.100+0000] {dagbag.py:545} INFO - Filling up the DagBag from /opt/airflow/dags/mlops_orchestration.py
[2026-04-20T14:59:30.122+0000] {processor.py:840} INFO - DAG(s) 'mlops_orchestration' retrieved from /opt/airflow/dags/mlops_orchestration.py
[2026-04-20T14:59:30.156+0000] {logging_mixin.py:188} INFO - [2026-04-20T14:59:30.156+0000] {dag.py:3096} INFO - Sync 1 DAGs
[2026-04-20T14:59:30.175+0000] {logging_mixin.py:188} INFO - [2026-04-20T14:59:30.175+0000] {dag.py:3954} INFO - Setting next_dagrun for mlops_orchestration to 2026-04-19 02:00:00+00:00, run_after=2026-04-20 02:00:00+00:00
[2026-04-20T14:59:30.195+0000] {processor.py:183} INFO - Processing /opt/airflow/dags/mlops_orchestration.py took 0.102 seconds
[2026-04-20T15:00:00.425+0000] {processor.py:161} INFO - Started process (PID=325) to work on /opt/airflow/dags/mlops_orchestration.py
[2026-04-20T15:00:00.426+0000] {processor.py:830} INFO - Processing file /opt/airflow/dags/mlops_orchestration.py for tasks to queue
[2026-04-20T15:00:00.428+0000] {logging_mixin.py:188} INFO - [2026-04-20T15:00:00.428+0000] {dagbag.py:545} INFO - Filling up the DagBag from /opt/airflow/dags/mlops_orchestration.py
[2026-04-20T15:00:00.451+0000] {processor.py:840} INFO - DAG(s) 'mlops_orchestration' retrieved from /opt/airflow/dags/mlops_orchestration.py
[2026-04-20T15:00:00.480+0000] {logging_mixin.py:188} INFO - [2026-04-20T15:00:00.480+0000] {dag.py:3096} INFO - Sync 1 DAGs
[2026-04-20T15:00:00.498+0000] {logging_mixin.py:188} INFO - [2026-04-20T15:00:00.498+0000] {dag.py:3954} INFO - Setting next_dagrun for mlops_orchestration to 2026-04-19 02:00:00+00:00, run_after=2026-04-20 02:00:00+00:00
[2026-04-20T15:00:00.524+0000] {processor.py:183} INFO - Processing /opt/airflow/dags/mlops_orchestration.py took 0.106 seconds
[2026-04-20T15:00:30.709+0000] {processor.py:161} INFO - Started process (PID=326) to work on /opt/airflow/dags/mlops_orchestration.py
[2026-04-20T15:00:30.710+0000] {processor.py:830} INFO - Processing file /opt/airflow/dags/mlops_orchestration.py for tasks to queue
[2026-04-20T15:00:30.712+0000] {logging_mixin.py:188} INFO - [2026-04-20T15:00:30.711+0000] {dagbag.py:545} INFO - Filling up the DagBag from /opt/airflow/dags/mlops_orchestration.py
[2026-04-20T15:00:30.732+0000] {processor.py:840} INFO - DAG(s) 'mlops_orchestration' retrieved from /opt/airflow/dags/mlops_orchestration.py
[2026-04-20T15:00:30.759+0000] {logging_mixin.py:188} INFO - [2026-04-20T15:00:30.759+0000] {dag.py:3096} INFO - Sync 1 DAGs
[2026-04-20T15:00:30.776+0000] {logging_mixin.py:188} INFO - [2026-04-20T15:00:30.776+0000] {dag.py:3954} INFO - Setting next_dagrun for mlops_orchestration to 2026-04-19 02:00:00+00:00, run_after=2026-04-20 02:00:00+00:00
[2026-04-20T15:00:30.798+0000] {processor.py:183} INFO - Processing /opt/airflow/dags/mlops_orchestration.py took 0.094 seconds
[2026-04-20T15:01:00.983+0000] {processor.py:161} INFO - Started process (PID=327) to work on /opt/airflow/dags/mlops_orchestration.py
[2026-04-20T15:01:00.984+0000] {processor.py:830} INFO - Processing file /opt/airflow/dags/mlops_orchestration.py for tasks to queue
[2026-04-20T15:01:00.986+0000] {logging_mixin.py:188} INFO - [2026-04-20T15:01:00.986+0000] {dagbag.py:545} INFO - Filling up the DagBag from /opt/airflow/dags/mlops_orchestration.py
[2026-04-20T15:01:01.005+0000] {processor.py:840} INFO - DAG(s) 'mlops_orchestration' retrieved from /opt/airflow/dags/mlops_orchestration.py
[2026-04-20T15:01:01.034+0000] {logging_mixin.py:188} INFO - [2026-04-20T15:01:01.034+0000] {dag.py:3096} INFO - Sync 1 DAGs
[2026-04-20T15:01:01.053+0000] {logging_mixin.py:188} INFO - [2026-04-20T15:01:01.052+0000] {dag.py:3954} INFO - Setting next_dagrun for mlops_orchestration to 2026-04-19 02:00:00+00:00, run_after=2026-04-20 02:00:00+00:00
[2026-04-20T15:01:01.077+0000] {processor.py:183} INFO - Processing /opt/airflow/dags/mlops_orchestration.py took 0.099 seconds
[2026-04-20T15:01:31.280+0000] {processor.py:161} INFO - Started process (PID=328) to work on /opt/airflow/dags/mlops_orchestration.py
[2026-04-20T15:01:31.321+0000] {processor.py:830} INFO - Processing file /opt/airflow/dags/mlops_orchestration.py for tasks to queue
[2026-04-20T15:01:31.340+0000] {logging_mixin.py:188} INFO - [2026-04-20T15:01:31.339+0000] {dagbag.py:545} INFO - Filling up the DagBag from /opt/airflow/dags/mlops_orchestration.py
[2026-04-20T15:01:31.376+0000] {processor.py:840} INFO - DAG(s) 'mlops_orchestration' retrieved from /opt/airflow/dags/mlops_orchestration.py
[2026-04-20T15:01:31.415+0000] {logging_mixin.py:188} INFO - [2026-04-20T15:01:31.415+0000] {dag.py:3096} INFO - Sync 1 DAGs
[2026-04-20T15:01:31.435+0000] {logging_mixin.py:188} INFO - [2026-04-20T15:01:31.435+0000] {dag.py:3954} INFO - Setting next_dagrun for mlops_orchestration to 2026-04-19 02:00:00+00:00, run_after=2026-04-20 02:00:00+00:00
[2026-04-20T15:01:31.465+0000] {processor.py:183} INFO - Processing /opt/airflow/dags/mlops_orchestration.py took 0.193 seconds
[2026-04-20T15:02:01.641+0000] {processor.py:161} INFO - Started process (PID=329) to work on /opt/airflow/dags/mlops_orchestration.py
[2026-04-20T15:02:01.642+0000] {processor.py:830} INFO - Processing file /opt/airflow/dags/mlops_orchestration.py for tasks to queue
[2026-04-20T15:02:01.644+0000] {logging_mixin.py:188} INFO - [2026-04-20T15:02:01.644+0000] {dagbag.py:545} INFO - Filling up the DagBag from /opt/airflow/dags/mlops_orchestration.py
[2026-04-20T15:02:01.664+0000] {processor.py:840} INFO - DAG(s) 'mlops_orchestration' retrieved from /opt/airflow/dags/mlops_orchestration.py
[2026-04-20T15:02:01.696+0000] {logging_mixin.py:188} INFO - [2026-04-20T15:02:01.696+0000] {dag.py:3096} INFO - Sync 1 DAGs
[2026-04-20T15:02:01.721+0000] {logging_mixin.py:188} INFO - [2026-04-20T15:02:01.721+0000] {dag.py:3954} INFO - Setting next_dagrun for mlops_orchestration to 2026-04-19 02:00:00+00:00, run_after=2026-04-20 02:00:00+00:00
[2026-04-20T15:02:01.744+0000] {processor.py:183} INFO - Processing /opt/airflow/dags/mlops_orchestration.py took 0.108 seconds
[2026-04-20T15:02:31.931+0000] {processor.py:161} INFO - Started process (PID=330) to work on /opt/airflow/dags/mlops_orchestration.py
[2026-04-20T15:02:31.932+0000] {processor.py:830} INFO - Processing file /opt/airflow/dags/mlops_orchestration.py for tasks to queue
[2026-04-20T15:02:31.934+0000] {logging_mixin.py:188} INFO - [2026-04-20T15:02:31.934+0000] {dagbag.py:545} INFO - Filling up the DagBag from /opt/airflow/dags/mlops_orchestration.py
[2026-04-20T15:02:31.953+0000] {processor.py:840} INFO - DAG(s) 'mlops_orchestration' retrieved from /opt/airflow/dags/mlops_orchestration.py
[2026-04-20T15:02:31.980+0000] {logging_mixin.py:188} INFO - [2026-04-20T15:02:31.980+0000] {dag.py:3096} INFO - Sync 1 DAGs
[2026-04-20T15:02:31.998+0000] {logging_mixin.py:188} INFO - [2026-04-20T15:02:31.997+0000] {dag.py:3954} INFO - Setting next_dagrun for mlops_orchestration to 2026-04-19 02:00:00+00:00, run_after=2026-04-20 02:00:00+00:00
[2026-04-20T15:02:32.017+0000] {processor.py:183} INFO - Processing /opt/airflow/dags/mlops_orchestration.py took 0.091 seconds
[2026-04-20T15:03:02.116+0000] {processor.py:161} INFO - Started process (PID=331) to work on /opt/airflow/dags/mlops_orchestration.py
[2026-04-20T15:03:02.117+0000] {processor.py:830} INFO - Processing file /opt/airflow/dags/mlops_orchestration.py for tasks to queue
[2026-04-20T15:03:02.119+0000] {logging_mixin.py:188} INFO - [2026-04-20T15:03:02.119+0000] {dagbag.py:545} INFO - Filling up the DagBag from /opt/airflow/dags/mlops_orchestration.py
[2026-04-20T15:03:02.149+0000] {processor.py:840} INFO - DAG(s) 'mlops_orchestration' retrieved from /opt/airflow/dags/mlops_orchestration.py
[2026-04-20T15:03:02.184+0000] {logging_mixin.py:188} INFO - [2026-04-20T15:03:02.184+0000] {dag.py:3096} INFO - Sync 1 DAGs
[2026-04-20T15:03:02.204+0000] {logging_mixin.py:188} INFO - [2026-04-20T15:03:02.204+0000] {dag.py:3954} INFO - Setting next_dagrun for mlops_orchestration to 2026-04-19 02:00:00+00:00, run_after=2026-04-20 02:00:00+00:00
[2026-04-20T15:03:02.231+0000] {processor.py:183} INFO - Processing /opt/airflow/dags/mlops_orchestration.py took 0.122 seconds
[2026-04-20T15:03:32.403+0000] {processor.py:161} INFO - Started process (PID=332) to work on /opt/airflow/dags/mlops_orchestration.py
[2026-04-20T15:03:32.405+0000] {processor.py:830} INFO - Processing file /opt/airflow/dags/mlops_orchestration.py for tasks to queue
[2026-04-20T15:03:32.407+0000] {logging_mixin.py:188} INFO - [2026-04-20T15:03:32.407+0000] {dagbag.py:545} INFO - Filling up the DagBag from /opt/airflow/dags/mlops_orchestration.py
[2026-04-20T15:03:32.430+0000] {processor.py:840} INFO - DAG(s) 'mlops_orchestration' retrieved from /opt/airflow/dags/mlops_orchestration.py
[2026-04-20T15:03:32.462+0000] {logging_mixin.py:188} INFO - [2026-04-20T15:03:32.462+0000] {dag.py:3096} INFO - Sync 1 DAGs
[2026-04-20T15:03:32.483+0000] {logging_mixin.py:188} INFO - [2026-04-20T15:03:32.482+0000] {dag.py:3954} INFO - Setting next_dagrun for mlops_orchestration to 2026-04-19 02:00:00+00:00, run_after=2026-04-20 02:00:00+00:00
[2026-04-20T15:03:32.507+0000] {processor.py:183} INFO - Processing /opt/airflow/dags/mlops_orchestration.py took 0.112 seconds
[2026-04-20T15:04:02.687+0000] {processor.py:161} INFO - Started process (PID=333) to work on /opt/airflow/dags/mlops_orchestration.py
[2026-04-20T15:04:02.689+0000] {processor.py:830} INFO - Processing file /opt/airflow/dags/mlops_orchestration.py for tasks to queue
[2026-04-20T15:04:02.693+0000] {logging_mixin.py:188} INFO - [2026-04-20T15:04:02.692+0000] {dagbag.py:545} INFO - Filling up the DagBag from /opt/airflow/dags/mlops_orchestration.py
[2026-04-20T15:04:02.719+0000] {processor.py:840} INFO - DAG(s) 'mlops_orchestration' retrieved from /opt/airflow/dags/mlops_orchestration.py
[2026-04-20T15:04:02.757+0000] {logging_mixin.py:188} INFO - [2026-04-20T15:04:02.756+0000] {dag.py:3096} INFO - Sync 1 DAGs
[2026-04-20T15:04:02.780+0000] {logging_mixin.py:188} INFO - [2026-04-20T15:04:02.779+0000] {dag.py:3954} INFO - Setting next_dagrun for mlops_orchestration to 2026-04-19 02:00:00+00:00, run_after=2026-04-20 02:00:00+00:00
[2026-04-20T15:04:02.801+0000] {processor.py:183} INFO - Processing /opt/airflow/dags/mlops_orchestration.py took 0.121 seconds
[2026-04-20T15:04:32.983+0000] {processor.py:161} INFO - Started process (PID=334) to work on /opt/airflow/dags/mlops_orchestration.py
[2026-04-20T15:04:32.985+0000] {processor.py:830} INFO - Processing file /opt/airflow/dags/mlops_orchestration.py for tasks to queue
[2026-04-20T15:04:32.989+0000] {logging_mixin.py:188} INFO - [2026-04-20T15:04:32.988+0000] {dagbag.py:545} INFO - Filling up the DagBag from /opt/airflow/dags/mlops_orchestration.py
[2026-04-20T15:04:33.029+0000] {processor.py:840} INFO - DAG(s) 'mlops_orchestration' retrieved from /opt/airflow/dags/mlops_orchestration.py
[2026-04-20T15:04:33.083+0000] {logging_mixin.py:188} INFO - [2026-04-20T15:04:33.082+0000] {dag.py:3096} INFO - Sync 1 DAGs
[2026-04-20T15:04:33.106+0000] {logging_mixin.py:188} INFO - [2026-04-20T15:04:33.106+0000] {dag.py:3954} INFO - Setting next_dagrun for mlops_orchestration to 2026-04-19 02:00:00+00:00, run_after=2026-04-20 02:00:00+00:00
[2026-04-20T15:04:33.132+0000] {processor.py:183} INFO - Processing /opt/airflow/dags/mlops_orchestration.py took 0.159 seconds
[2026-04-20T15:05:03.255+0000] {processor.py:161} INFO - Started process (PID=335) to work on /opt/airflow/dags/mlops_orchestration.py
[2026-04-20T15:05:03.256+0000] {processor.py:830} INFO - Processing file /opt/airflow/dags/mlops_orchestration.py for tasks to queue
[2026-04-20T15:05:03.258+0000] {logging_mixin.py:188} INFO - [2026-04-20T15:05:03.258+0000] {dagbag.py:545} INFO - Filling up the DagBag from /opt/airflow/dags/mlops_orchestration.py
[2026-04-20T15:05:03.281+0000] {processor.py:840} INFO - DAG(s) 'mlops_orchestration' retrieved from /opt/airflow/dags/mlops_orchestration.py
[2026-04-20T15:05:03.314+0000] {logging_mixin.py:188} INFO - [2026-04-20T15:05:03.314+0000] {dag.py:3096} INFO - Sync 1 DAGs
[2026-04-20T15:05:03.337+0000] {logging_mixin.py:188} INFO - [2026-04-20T15:05:03.336+0000] {dag.py:3954} INFO - Setting next_dagrun for mlops_orchestration to 2026-04-19 02:00:00+00:00, run_after=2026-04-20 02:00:00+00:00
[2026-04-20T15:05:03.357+0000] {processor.py:183} INFO - Processing /opt/airflow/dags/mlops_orchestration.py took 0.109 seconds
[2026-04-20T15:05:33.544+0000] {processor.py:161} INFO - Started process (PID=336) to work on /opt/airflow/dags/mlops_orchestration.py
[2026-04-20T15:05:33.545+0000] {processor.py:830} INFO - Processing file /opt/airflow/dags/mlops_orchestration.py for tasks to queue
[2026-04-20T15:05:33.548+0000] {logging_mixin.py:188} INFO - [2026-04-20T15:05:33.547+0000] {dagbag.py:545} INFO - Filling up the DagBag from /opt/airflow/dags/mlops_orchestration.py
[2026-04-20T15:05:33.575+0000] {processor.py:840} INFO - DAG(s) 'mlops_orchestration' retrieved from /opt/airflow/dags/mlops_orchestration.py
[2026-04-20T15:05:33.610+0000] {logging_mixin.py:188} INFO - [2026-04-20T15:05:33.610+0000] {dag.py:3096} INFO - Sync 1 DAGs
[2026-04-20T15:05:33.632+0000] {logging_mixin.py:188} INFO - [2026-04-20T15:05:33.631+0000] {dag.py:3954} INFO - Setting next_dagrun for mlops_orchestration to 2026-04-19 02:00:00+00:00, run_after=2026-04-20 02:00:00+00:00
[2026-04-20T15:05:33.654+0000] {processor.py:183} INFO - Processing /opt/airflow/dags/mlops_orchestration.py took 0.120 seconds
[2026-04-20T15:06:03.821+0000] {processor.py:161} INFO - Started process (PID=337) to work on /opt/airflow/dags/mlops_orchestration.py
[2026-04-20T15:06:03.822+0000] {processor.py:830} INFO - Processing file /opt/airflow/dags/mlops_orchestration.py for tasks to queue
[2026-04-20T15:06:03.824+0000] {logging_mixin.py:188} INFO - [2026-04-20T15:06:03.823+0000] {dagbag.py:545} INFO - Filling up the DagBag from /opt/airflow/dags/mlops_orchestration.py
[2026-04-20T15:06:03.849+0000] {processor.py:840} INFO - DAG(s) 'mlops_orchestration' retrieved from /opt/airflow/dags/mlops_orchestration.py
[2026-04-20T15:06:03.883+0000] {logging_mixin.py:188} INFO - [2026-04-20T15:06:03.882+0000] {dag.py:3096} INFO - Sync 1 DAGs
[2026-04-20T15:06:03.903+0000] {logging_mixin.py:188} INFO - [2026-04-20T15:06:03.903+0000] {dag.py:3954} INFO - Setting next_dagrun for mlops_orchestration to 2026-04-19 02:00:00+00:00, run_after=2026-04-20 02:00:00+00:00
[2026-04-20T15:06:03.925+0000] {processor.py:183} INFO - Processing /opt/airflow/dags/mlops_orchestration.py took 0.111 seconds
[2026-04-20T15:06:34.125+0000] {processor.py:161} INFO - Started process (PID=338) to work on /opt/airflow/dags/mlops_orchestration.py
[2026-04-20T15:06:34.127+0000] {processor.py:830} INFO - Processing file /opt/airflow/dags/mlops_orchestration.py for tasks to queue
[2026-04-20T15:06:34.130+0000] {logging_mixin.py:188} INFO - [2026-04-20T15:06:34.130+0000] {dagbag.py:545} INFO - Filling up the DagBag from /opt/airflow/dags/mlops_orchestration.py
[2026-04-20T15:06:34.162+0000] {processor.py:840} INFO - DAG(s) 'mlops_orchestration' retrieved from /opt/airflow/dags/mlops_orchestration.py
[2026-04-20T15:06:34.201+0000] {logging_mixin.py:188} INFO - [2026-04-20T15:06:34.201+0000] {dag.py:3096} INFO - Sync 1 DAGs
[2026-04-20T15:06:34.232+0000] {logging_mixin.py:188} INFO - [2026-04-20T15:06:34.231+0000] {dag.py:3954} INFO - Setting next_dagrun for mlops_orchestration to 2026-04-19 02:00:00+00:00, run_after=2026-04-20 02:00:00+00:00
[2026-04-20T15:06:34.273+0000] {processor.py:183} INFO - Processing /opt/airflow/dags/mlops_orchestration.py took 0.157 seconds
[2026-04-20T15:07:04.450+0000] {processor.py:161} INFO - Started process (PID=339) to work on /opt/airflow/dags/mlops_orchestration.py
[2026-04-20T15:07:04.452+0000] {processor.py:830} INFO - Processing file /opt/airflow/dags/mlops_orchestration.py for tasks to queue
[2026-04-20T15:07:04.456+0000] {logging_mixin.py:188} INFO - [2026-04-20T15:07:04.455+0000] {dagbag.py:545} INFO - Filling up the DagBag from /opt/airflow/dags/mlops_orchestration.py
[2026-04-20T15:07:04.498+0000] {processor.py:840} INFO - DAG(s) 'mlops_orchestration' retrieved from /opt/airflow/dags/mlops_orchestration.py
[2026-04-20T15:07:04.553+0000] {logging_mixin.py:188} INFO - [2026-04-20T15:07:04.552+0000] {dag.py:3096} INFO - Sync 1 DAGs
[2026-04-20T15:07:04.604+0000] {logging_mixin.py:188} INFO - [2026-04-20T15:07:04.603+0000] {dag.py:3954} INFO - Setting next_dagrun for mlops_orchestration to 2026-04-19 02:00:00+00:00, run_after=2026-04-20 02:00:00+00:00
[2026-04-20T15:07:04.644+0000] {processor.py:183} INFO - Processing /opt/airflow/dags/mlops_orchestration.py took 0.206 seconds
[2026-04-20T15:07:34.826+0000] {processor.py:161} INFO - Started process (PID=340) to work on /opt/airflow/dags/mlops_orchestration.py
[2026-04-20T15:07:34.829+0000] {processor.py:830} INFO - Processing file /opt/airflow/dags/mlops_orchestration.py for tasks to queue
[2026-04-20T15:07:34.839+0000] {logging_mixin.py:188} INFO - [2026-04-20T15:07:34.838+0000] {dagbag.py:545} INFO - Filling up the DagBag from /opt/airflow/dags/mlops_orchestration.py
[2026-04-20T15:07:34.900+0000] {processor.py:840} INFO - DAG(s) 'mlops_orchestration' retrieved from /opt/airflow/dags/mlops_orchestration.py
[2026-04-20T15:07:34.957+0000] {logging_mixin.py:188} INFO - [2026-04-20T15:07:34.956+0000] {dag.py:3096} INFO - Sync 1 DAGs
[2026-04-20T15:07:34.979+0000] {logging_mixin.py:188} INFO - [2026-04-20T15:07:34.979+0000] {dag.py:3954} INFO - Setting next_dagrun for mlops_orchestration to 2026-04-19 02:00:00+00:00, run_after=2026-04-20 02:00:00+00:00
[2026-04-20T15:07:35.006+0000] {processor.py:183} INFO - Processing /opt/airflow/dags/mlops_orchestration.py took 0.189 seconds
[2026-04-20T15:08:05.239+0000] {processor.py:161} INFO - Started process (PID=341) to work on /opt/airflow/dags/mlops_orchestration.py
[2026-04-20T15:08:05.242+0000] {processor.py:830} INFO - Processing file /opt/airflow/dags/mlops_orchestration.py for tasks to queue
[2026-04-20T15:08:05.245+0000] {logging_mixin.py:188} INFO - [2026-04-20T15:08:05.244+0000] {dagbag.py:545} INFO - Filling up the DagBag from /opt/airflow/dags/mlops_orchestration.py
[2026-04-20T15:08:05.270+0000] {processor.py:840} INFO - DAG(s) 'mlops_orchestration' retrieved from /opt/airflow/dags/mlops_orchestration.py
[2026-04-20T15:08:05.311+0000] {logging_mixin.py:188} INFO - [2026-04-20T15:08:05.311+0000] {dag.py:3096} INFO - Sync 1 DAGs
[2026-04-20T15:08:05.336+0000] {logging_mixin.py:188} INFO - [2026-04-20T15:08:05.336+0000] {dag.py:3954} INFO - Setting next_dagrun for mlops_orchestration to 2026-04-19 02:00:00+00:00, run_after=2026-04-20 02:00:00+00:00
[2026-04-20T15:08:05.361+0000] {processor.py:183} INFO - Processing /opt/airflow/dags/mlops_orchestration.py took 0.140 seconds
[2026-04-20T15:08:35.537+0000] {processor.py:161} INFO - Started process (PID=342) to work on /opt/airflow/dags/mlops_orchestration.py
[2026-04-20T15:08:35.541+0000] {processor.py:830} INFO - Processing file /opt/airflow/dags/mlops_orchestration.py for tasks to queue
[2026-04-20T15:08:35.546+0000] {logging_mixin.py:188} INFO - [2026-04-20T15:08:35.544+0000] {dagbag.py:545} INFO - Filling up the DagBag from /opt/airflow/dags/mlops_orchestration.py
[2026-04-20T15:08:35.590+0000] {processor.py:840} INFO - DAG(s) 'mlops_orchestration' retrieved from /opt/airflow/dags/mlops_orchestration.py
[2026-04-20T15:08:35.637+0000] {logging_mixin.py:188} INFO - [2026-04-20T15:08:35.637+0000] {dag.py:3096} INFO - Sync 1 DAGs
[2026-04-20T15:08:35.668+0000] {logging_mixin.py:188} INFO - [2026-04-20T15:08:35.668+0000] {dag.py:3954} INFO - Setting next_dagrun for mlops_orchestration to 2026-04-19 02:00:00+00:00, run_after=2026-04-20 02:00:00+00:00
[2026-04-20T15:08:35.696+0000] {processor.py:183} INFO - Processing /opt/airflow/dags/mlops_orchestration.py took 0.169 seconds
[2026-04-20T15:09:05.862+0000] {processor.py:161} INFO - Started process (PID=343) to work on /opt/airflow/dags/mlops_orchestration.py
[2026-04-20T15:09:05.863+0000] {processor.py:830} INFO - Processing file /opt/airflow/dags/mlops_orchestration.py for tasks to queue
[2026-04-20T15:09:05.867+0000] {logging_mixin.py:188} INFO - [2026-04-20T15:09:05.866+0000] {dagbag.py:545} INFO - Filling up the DagBag from /opt/airflow/dags/mlops_orchestration.py
[2026-04-20T15:09:05.898+0000] {processor.py:840} INFO - DAG(s) 'mlops_orchestration' retrieved from /opt/airflow/dags/mlops_orchestration.py
[2026-04-20T15:09:05.946+0000] {logging_mixin.py:188} INFO - [2026-04-20T15:09:05.946+0000] {dag.py:3096} INFO - Sync 1 DAGs
[2026-04-20T15:09:05.979+0000] {logging_mixin.py:188} INFO - [2026-04-20T15:09:05.979+0000] {dag.py:3954} INFO - Setting next_dagrun for mlops_orchestration to 2026-04-19 02:00:00+00:00, run_after=2026-04-20 02:00:00+00:00
[2026-04-20T15:09:06.012+0000] {processor.py:183} INFO - Processing /opt/airflow/dags/mlops_orchestration.py took 0.161 seconds
[2026-04-20T15:09:36.180+0000] {processor.py:161} INFO - Started process (PID=344) to work on /opt/airflow/dags/mlops_orchestration.py
[2026-04-20T15:09:36.181+0000] {processor.py:830} INFO - Processing file /opt/airflow/dags/mlops_orchestration.py for tasks to queue
[2026-04-20T15:09:36.184+0000] {logging_mixin.py:188} INFO - [2026-04-20T15:09:36.183+0000] {dagbag.py:545} INFO - Filling up the DagBag from /opt/airflow/dags/mlops_orchestration.py
[2026-04-20T15:09:36.224+0000] {processor.py:840} INFO - DAG(s) 'mlops_orchestration' retrieved from /opt/airflow/dags/mlops_orchestration.py
[2026-04-20T15:09:36.276+0000] {logging_mixin.py:188} INFO - [2026-04-20T15:09:36.276+0000] {dag.py:3096} INFO - Sync 1 DAGs
[2026-04-20T15:09:36.301+0000] {logging_mixin.py:188} INFO - [2026-04-20T15:09:36.301+0000] {dag.py:3954} INFO - Setting next_dagrun for mlops_orchestration to 2026-04-19 02:00:00+00:00, run_after=2026-04-20 02:00:00+00:00
[2026-04-20T15:09:36.329+0000] {processor.py:183} INFO - Processing /opt/airflow/dags/mlops_orchestration.py took 0.159 seconds
[2026-04-20T15:10:06.491+0000] {processor.py:161} INFO - Started process (PID=345) to work on /opt/airflow/dags/mlops_orchestration.py
[2026-04-20T15:10:06.493+0000] {processor.py:830} INFO - Processing file /opt/airflow/dags/mlops_orchestration.py for tasks to queue
[2026-04-20T15:10:06.498+0000] {logging_mixin.py:188} INFO - [2026-04-20T15:10:06.497+0000] {dagbag.py:545} INFO - Filling up the DagBag from /opt/airflow/dags/mlops_orchestration.py
[2026-04-20T15:10:06.554+0000] {processor.py:840} INFO - DAG(s) 'mlops_orchestration' retrieved from /opt/airflow/dags/mlops_orchestration.py
[2026-04-20T15:10:06.614+0000] {logging_mixin.py:188} INFO - [2026-04-20T15:10:06.613+0000] {dag.py:3096} INFO - Sync 1 DAGs
[2026-04-20T15:10:06.646+0000] {logging_mixin.py:188} INFO - [2026-04-20T15:10:06.645+0000] {dag.py:3954} INFO - Setting next_dagrun for mlops_orchestration to 2026-04-19 02:00:00+00:00, run_after=2026-04-20 02:00:00+00:00
[2026-04-20T15:10:06.688+0000] {processor.py:183} INFO - Processing /opt/airflow/dags/mlops_orchestration.py took 0.206 seconds
[2026-04-20T15:10:36.919+0000] {processor.py:161} INFO - Started process (PID=346) to work on /opt/airflow/dags/mlops_orchestration.py
[2026-04-20T15:10:36.921+0000] {processor.py:830} INFO - Processing file /opt/airflow/dags/mlops_orchestration.py for tasks to queue
[2026-04-20T15:10:36.925+0000] {logging_mixin.py:188} INFO - [2026-04-20T15:10:36.924+0000] {dagbag.py:545} INFO - Filling up the DagBag from /opt/airflow/dags/mlops_orchestration.py
[2026-04-20T15:10:36.969+0000] {processor.py:840} INFO - DAG(s) 'mlops_orchestration' retrieved from /opt/airflow/dags/mlops_orchestration.py
[2026-04-20T15:10:37.017+0000] {logging_mixin.py:188} INFO - [2026-04-20T15:10:37.016+0000] {dag.py:3096} INFO - Sync 1 DAGs
[2026-04-20T15:10:37.055+0000] {logging_mixin.py:188} INFO - [2026-04-20T15:10:37.055+0000] {dag.py:3954} INFO - Setting next_dagrun for mlops_orchestration to 2026-04-19 02:00:00+00:00, run_after=2026-04-20 02:00:00+00:00
[2026-04-20T15:10:37.092+0000] {processor.py:183} INFO - Processing /opt/airflow/dags/mlops_orchestration.py took 0.184 seconds
[2026-04-20T15:11:07.255+0000] {processor.py:161} INFO - Started process (PID=347) to work on /opt/airflow/dags/mlops_orchestration.py
[2026-04-20T15:11:07.257+0000] {processor.py:830} INFO - Processing file /opt/airflow/dags/mlops_orchestration.py for tasks to queue
[2026-04-20T15:11:07.261+0000] {logging_mixin.py:188} INFO - [2026-04-20T15:11:07.261+0000] {dagbag.py:545} INFO - Filling up the DagBag from /opt/airflow/dags/mlops_orchestration.py
[2026-04-20T15:11:07.295+0000] {processor.py:840} INFO - DAG(s) 'mlops_orchestration' retrieved from /opt/airflow/dags/mlops_orchestration.py
[2026-04-20T15:11:07.337+0000] {logging_mixin.py:188} INFO - [2026-04-20T15:11:07.337+0000] {dag.py:3096} INFO - Sync 1 DAGs
[2026-04-20T15:11:07.367+0000] {logging_mixin.py:188} INFO - [2026-04-20T15:11:07.367+0000] {dag.py:3954} INFO - Setting next_dagrun for mlops_orchestration to 2026-04-19 02:00:00+00:00, run_after=2026-04-20 02:00:00+00:00
[2026-04-20T15:11:07.392+0000] {processor.py:183} INFO - Processing /opt/airflow/dags/mlops_orchestration.py took 0.143 seconds
[2026-04-20T15:11:37.566+0000] {processor.py:161} INFO - Started process (PID=348) to work on /opt/airflow/dags/mlops_orchestration.py
[2026-04-20T15:11:37.568+0000] {processor.py:830} INFO - Processing file /opt/airflow/dags/mlops_orchestration.py for tasks to queue
[2026-04-20T15:11:37.570+0000] {logging_mixin.py:188} INFO - [2026-04-20T15:11:37.569+0000] {dagbag.py:545} INFO - Filling up the DagBag from /opt/airflow/dags/mlops_orchestration.py
[2026-04-20T15:11:37.607+0000] {processor.py:840} INFO - DAG(s) 'mlops_orchestration' retrieved from /opt/airflow/dags/mlops_orchestration.py
[2026-04-20T15:11:37.663+0000] {logging_mixin.py:188} INFO - [2026-04-20T15:11:37.663+0000] {dag.py:3096} INFO - Sync 1 DAGs
[2026-04-20T15:11:37.700+0000] {logging_mixin.py:188} INFO - [2026-04-20T15:11:37.700+0000] {dag.py:3954} INFO - Setting next_dagrun for mlops_orchestration to 2026-04-19 02:00:00+00:00, run_after=2026-04-20 02:00:00+00:00
[2026-04-20T15:11:37.738+0000] {processor.py:183} INFO - Processing /opt/airflow/dags/mlops_orchestration.py took 0.179 seconds
[2026-04-20T15:12:07.961+0000] {processor.py:161} INFO - Started process (PID=349) to work on /opt/airflow/dags/mlops_orchestration.py
[2026-04-20T15:12:07.962+0000] {processor.py:830} INFO - Processing file /opt/airflow/dags/mlops_orchestration.py for tasks to queue
[2026-04-20T15:12:07.966+0000] {logging_mixin.py:188} INFO - [2026-04-20T15:12:07.965+0000] {dagbag.py:545} INFO - Filling up the DagBag from /opt/airflow/dags/mlops_orchestration.py
[2026-04-20T15:12:07.996+0000] {processor.py:840} INFO - DAG(s) 'mlops_orchestration' retrieved from /opt/airflow/dags/mlops_orchestration.py
[2026-04-20T15:12:08.049+0000] {logging_mixin.py:188} INFO - [2026-04-20T15:12:08.047+0000] {dag.py:3096} INFO - Sync 1 DAGs
[2026-04-20T15:12:08.076+0000] {logging_mixin.py:188} INFO - [2026-04-20T15:12:08.076+0000] {dag.py:3954} INFO - Setting next_dagrun for mlops_orchestration to 2026-04-19 02:00:00+00:00, run_after=2026-04-20 02:00:00+00:00
[2026-04-20T15:12:08.104+0000] {processor.py:183} INFO - Processing /opt/airflow/dags/mlops_orchestration.py took 0.151 seconds
[2026-04-20T15:12:38.277+0000] {processor.py:161} INFO - Started process (PID=350) to work on /opt/airflow/dags/mlops_orchestration.py
[2026-04-20T15:12:38.279+0000] {processor.py:830} INFO - Processing file /opt/airflow/dags/mlops_orchestration.py for tasks to queue
[2026-04-20T15:12:38.281+0000] {logging_mixin.py:188} INFO - [2026-04-20T15:12:38.281+0000] {dagbag.py:545} INFO - Filling up the DagBag from /opt/airflow/dags/mlops_orchestration.py
[2026-04-20T15:12:38.314+0000] {processor.py:840} INFO - DAG(s) 'mlops_orchestration' retrieved from /opt/airflow/dags/mlops_orchestration.py
[2026-04-20T15:12:38.363+0000] {logging_mixin.py:188} INFO - [2026-04-20T15:12:38.363+0000] {dag.py:3096} INFO - Sync 1 DAGs
[2026-04-20T15:12:38.393+0000] {logging_mixin.py:188} INFO - [2026-04-20T15:12:38.393+0000] {dag.py:3954} INFO - Setting next_dagrun for mlops_orchestration to 2026-04-19 02:00:00+00:00, run_after=2026-04-20 02:00:00+00:00
[2026-04-20T15:12:38.424+0000] {processor.py:183} INFO - Processing /opt/airflow/dags/mlops_orchestration.py took 0.155 seconds
[2026-04-20T15:13:08.621+0000] {processor.py:161} INFO - Started process (PID=351) to work on /opt/airflow/dags/mlops_orchestration.py
[2026-04-20T15:13:08.623+0000] {processor.py:830} INFO - Processing file /opt/airflow/dags/mlops_orchestration.py for tasks to queue
[2026-04-20T15:13:08.627+0000] {logging_mixin.py:188} INFO - [2026-04-20T15:13:08.626+0000] {dagbag.py:545} INFO - Filling up the DagBag from /opt/airflow/dags/mlops_orchestration.py
[2026-04-20T15:13:08.671+0000] {processor.py:840} INFO - DAG(s) 'mlops_orchestration' retrieved from /opt/airflow/dags/mlops_orchestration.py
[2026-04-20T15:13:08.725+0000] {logging_mixin.py:188} INFO - [2026-04-20T15:13:08.725+0000] {dag.py:3096} INFO - Sync 1 DAGs
[2026-04-20T15:13:08.762+0000] {logging_mixin.py:188} INFO - [2026-04-20T15:13:08.762+0000] {dag.py:3954} INFO - Setting next_dagrun for mlops_orchestration to 2026-04-19 02:00:00+00:00, run_after=2026-04-20 02:00:00+00:00
[2026-04-20T15:13:08.802+0000] {processor.py:183} INFO - Processing /opt/airflow/dags/mlops_orchestration.py took 0.194 seconds
[2026-04-20T15:13:39.026+0000] {processor.py:161} INFO - Started process (PID=352) to work on /opt/airflow/dags/mlops_orchestration.py
[2026-04-20T15:13:39.028+0000] {processor.py:830} INFO - Processing file /opt/airflow/dags/mlops_orchestration.py for tasks to queue
[2026-04-20T15:13:39.030+0000] {logging_mixin.py:188} INFO - [2026-04-20T15:13:39.029+0000] {dagbag.py:545} INFO - Filling up the DagBag from /opt/airflow/dags/mlops_orchestration.py
[2026-04-20T15:13:39.060+0000] {processor.py:840} INFO - DAG(s) 'mlops_orchestration' retrieved from /opt/airflow/dags/mlops_orchestration.py
[2026-04-20T15:13:39.119+0000] {logging_mixin.py:188} INFO - [2026-04-20T15:13:39.118+0000] {dag.py:3096} INFO - Sync 1 DAGs
[2026-04-20T15:13:39.148+0000] {logging_mixin.py:188} INFO - [2026-04-20T15:13:39.148+0000] {dag.py:3954} INFO - Setting next_dagrun for mlops_orchestration to 2026-04-19 02:00:00+00:00, run_after=2026-04-20 02:00:00+00:00
[2026-04-20T15:13:39.177+0000] {processor.py:183} INFO - Processing /opt/airflow/dags/mlops_orchestration.py took 0.161 seconds
[2026-04-20T15:14:09.301+0000] {processor.py:161} INFO - Started process (PID=353) to work on /opt/airflow/dags/mlops_orchestration.py
[2026-04-20T15:14:09.302+0000] {processor.py:830} INFO - Processing file /opt/airflow/dags/mlops_orchestration.py for tasks to queue
[2026-04-20T15:14:09.304+0000] {logging_mixin.py:188} INFO - [2026-04-20T15:14:09.304+0000] {dagbag.py:545} INFO - Filling up the DagBag from /opt/airflow/dags/mlops_orchestration.py
[2026-04-20T15:14:09.331+0000] {processor.py:840} INFO - DAG(s) 'mlops_orchestration' retrieved from /opt/airflow/dags/mlops_orchestration.py
[2026-04-20T15:14:09.377+0000] {logging_mixin.py:188} INFO - [2026-04-20T15:14:09.376+0000] {dag.py:3096} INFO - Sync 1 DAGs
[2026-04-20T15:14:09.406+0000] {logging_mixin.py:188} INFO - [2026-04-20T15:14:09.406+0000] {dag.py:3954} INFO - Setting next_dagrun for mlops_orchestration to 2026-04-19 02:00:00+00:00, run_after=2026-04-20 02:00:00+00:00
[2026-04-20T15:14:09.436+0000] {processor.py:183} INFO - Processing /opt/airflow/dags/mlops_orchestration.py took 0.141 seconds
[2026-04-20T15:14:39.598+0000] {processor.py:161} INFO - Started process (PID=354) to work on /opt/airflow/dags/mlops_orchestration.py
[2026-04-20T15:14:39.599+0000] {processor.py:830} INFO - Processing file /opt/airflow/dags/mlops_orchestration.py for tasks to queue
[2026-04-20T15:14:39.604+0000] {logging_mixin.py:188} INFO - [2026-04-20T15:14:39.604+0000] {dagbag.py:545} INFO - Filling up the DagBag from /opt/airflow/dags/mlops_orchestration.py
[2026-04-20T15:14:39.635+0000] {processor.py:840} INFO - DAG(s) 'mlops_orchestration' retrieved from /opt/airflow/dags/mlops_orchestration.py
[2026-04-20T15:14:39.677+0000] {logging_mixin.py:188} INFO - [2026-04-20T15:14:39.676+0000] {dag.py:3096} INFO - Sync 1 DAGs
[2026-04-20T15:14:39.702+0000] {logging_mixin.py:188} INFO - [2026-04-20T15:14:39.701+0000] {dag.py:3954} INFO - Setting next_dagrun for mlops_orchestration to 2026-04-19 02:00:00+00:00, run_after=2026-04-20 02:00:00+00:00
[2026-04-20T15:14:39.729+0000] {processor.py:183} INFO - Processing /opt/airflow/dags/mlops_orchestration.py took 0.137 seconds
[2026-04-20T15:15:09.910+0000] {processor.py:161} INFO - Started process (PID=355) to work on /opt/airflow/dags/mlops_orchestration.py
[2026-04-20T15:15:09.911+0000] {processor.py:830} INFO - Processing file /opt/airflow/dags/mlops_orchestration.py for tasks to queue
[2026-04-20T15:15:09.915+0000] {logging_mixin.py:188} INFO - [2026-04-20T15:15:09.914+0000] {dagbag.py:545} INFO - Filling up the DagBag from /opt/airflow/dags/mlops_orchestration.py
[2026-04-20T15:15:09.945+0000] {processor.py:840} INFO - DAG(s) 'mlops_orchestration' retrieved from /opt/airflow/dags/mlops_orchestration.py
[2026-04-20T15:15:09.997+0000] {logging_mixin.py:188} INFO - [2026-04-20T15:15:09.996+0000] {dag.py:3096} INFO - Sync 1 DAGs
[2026-04-20T15:15:10.028+0000] {logging_mixin.py:188} INFO - [2026-04-20T15:15:10.027+0000] {dag.py:3954} INFO - Setting next_dagrun for mlops_orchestration to 2026-04-19 02:00:00+00:00, run_after=2026-04-20 02:00:00+00:00
[2026-04-20T15:15:10.059+0000] {processor.py:183} INFO - Processing /opt/airflow/dags/mlops_orchestration.py took 0.157 seconds
[2026-04-20T15:15:40.207+0000] {processor.py:161} INFO - Started process (PID=356) to work on /opt/airflow/dags/mlops_orchestration.py
[2026-04-20T15:15:40.208+0000] {processor.py:830} INFO - Processing file /opt/airflow/dags/mlops_orchestration.py for tasks to queue
[2026-04-20T15:15:40.212+0000] {logging_mixin.py:188} INFO - [2026-04-20T15:15:40.212+0000] {dagbag.py:545} INFO - Filling up the DagBag from /opt/airflow/dags/mlops_orchestration.py
[2026-04-20T15:15:40.246+0000] {processor.py:840} INFO - DAG(s) 'mlops_orchestration' retrieved from /opt/airflow/dags/mlops_orchestration.py
[2026-04-20T15:15:40.290+0000] {logging_mixin.py:188} INFO - [2026-04-20T15:15:40.290+0000] {dag.py:3096} INFO - Sync 1 DAGs
[2026-04-20T15:15:40.319+0000] {logging_mixin.py:188} INFO - [2026-04-20T15:15:40.318+0000] {dag.py:3954} INFO - Setting next_dagrun for mlops_orchestration to 2026-04-19 02:00:00+00:00, run_after=2026-04-20 02:00:00+00:00
[2026-04-20T15:15:40.343+0000] {processor.py:183} INFO - Processing /opt/airflow/dags/mlops_orchestration.py took 0.145 seconds
[2026-04-20T15:16:10.506+0000] {processor.py:161} INFO - Started process (PID=357) to work on /opt/airflow/dags/mlops_orchestration.py
[2026-04-20T15:16:10.508+0000] {processor.py:830} INFO - Processing file /opt/airflow/dags/mlops_orchestration.py for tasks to queue
[2026-04-20T15:16:10.511+0000] {logging_mixin.py:188} INFO - [2026-04-20T15:16:10.510+0000] {dagbag.py:545} INFO - Filling up the DagBag from /opt/airflow/dags/mlops_orchestration.py
[2026-04-20T15:16:10.555+0000] {processor.py:840} INFO - DAG(s) 'mlops_orchestration' retrieved from /opt/airflow/dags/mlops_orchestration.py
[2026-04-20T15:16:10.612+0000] {logging_mixin.py:188} INFO - [2026-04-20T15:16:10.612+0000] {dag.py:3096} INFO - Sync 1 DAGs
[2026-04-20T15:16:10.647+0000] {logging_mixin.py:188} INFO - [2026-04-20T15:16:10.647+0000] {dag.py:3954} INFO - Setting next_dagrun for mlops_orchestration to 2026-04-19 02:00:00+00:00, run_after=2026-04-20 02:00:00+00:00
[2026-04-20T15:16:10.679+0000] {processor.py:183} INFO - Processing /opt/airflow/dags/mlops_orchestration.py took 0.181 seconds
[2026-04-20T15:16:40.867+0000] {processor.py:161} INFO - Started process (PID=358) to work on /opt/airflow/dags/mlops_orchestration.py
[2026-04-20T15:16:40.869+0000] {processor.py:830} INFO - Processing file /opt/airflow/dags/mlops_orchestration.py for tasks to queue
[2026-04-20T15:16:40.879+0000] {logging_mixin.py:188} INFO - [2026-04-20T15:16:40.877+0000] {dagbag.py:545} INFO - Filling up the DagBag from /opt/airflow/dags/mlops_orchestration.py
[2026-04-20T15:16:40.930+0000] {processor.py:840} INFO - DAG(s) 'mlops_orchestration' retrieved from /opt/airflow/dags/mlops_orchestration.py
[2026-04-20T15:16:40.997+0000] {logging_mixin.py:188} INFO - [2026-04-20T15:16:40.995+0000] {dag.py:3096} INFO - Sync 1 DAGs
[2026-04-20T15:16:41.051+0000] {logging_mixin.py:188} INFO - [2026-04-20T15:16:41.051+0000] {dag.py:3954} INFO - Setting next_dagrun for mlops_orchestration to 2026-04-19 02:00:00+00:00, run_after=2026-04-20 02:00:00+00:00
[2026-04-20T15:16:41.087+0000] {processor.py:183} INFO - Processing /opt/airflow/dags/mlops_orchestration.py took 0.245 seconds
[2026-04-20T15:17:11.251+0000] {processor.py:161} INFO - Started process (PID=359) to work on /opt/airflow/dags/mlops_orchestration.py
[2026-04-20T15:17:11.253+0000] {processor.py:830} INFO - Processing file /opt/airflow/dags/mlops_orchestration.py for tasks to queue
[2026-04-20T15:17:11.256+0000] {logging_mixin.py:188} INFO - [2026-04-20T15:17:11.255+0000] {dagbag.py:545} INFO - Filling up the DagBag from /opt/airflow/dags/mlops_orchestration.py
[2026-04-20T15:17:11.281+0000] {processor.py:840} INFO - DAG(s) 'mlops_orchestration' retrieved from /opt/airflow/dags/mlops_orchestration.py
[2026-04-20T15:17:11.333+0000] {logging_mixin.py:188} INFO - [2026-04-20T15:17:11.332+0000] {dag.py:3096} INFO - Sync 1 DAGs
[2026-04-20T15:17:11.358+0000] {logging_mixin.py:188} INFO - [2026-04-20T15:17:11.358+0000] {dag.py:3954} INFO - Setting next_dagrun for mlops_orchestration to 2026-04-19 02:00:00+00:00, run_after=2026-04-20 02:00:00+00:00
[2026-04-20T15:17:11.381+0000] {processor.py:183} INFO - Processing /opt/airflow/dags/mlops_orchestration.py took 0.136 seconds
[2026-04-20T15:17:41.586+0000] {processor.py:161} INFO - Started process (PID=360) to work on /opt/airflow/dags/mlops_orchestration.py
[2026-04-20T15:17:41.591+0000] {processor.py:830} INFO - Processing file /opt/airflow/dags/mlops_orchestration.py for tasks to queue
[2026-04-20T15:17:41.595+0000] {logging_mixin.py:188} INFO - [2026-04-20T15:17:41.594+0000] {dagbag.py:545} INFO - Filling up the DagBag from /opt/airflow/dags/mlops_orchestration.py
[2026-04-20T15:17:41.634+0000] {processor.py:840} INFO - DAG(s) 'mlops_orchestration' retrieved from /opt/airflow/dags/mlops_orchestration.py
[2026-04-20T15:17:41.682+0000] {logging_mixin.py:188} INFO - [2026-04-20T15:17:41.682+0000] {dag.py:3096} INFO - Sync 1 DAGs
[2026-04-20T15:17:41.716+0000] {logging_mixin.py:188} INFO - [2026-04-20T15:17:41.715+0000] {dag.py:3954} INFO - Setting next_dagrun for mlops_orchestration to 2026-04-19 02:00:00+00:00, run_after=2026-04-20 02:00:00+00:00
[2026-04-20T15:17:41.759+0000] {processor.py:183} INFO - Processing /opt/airflow/dags/mlops_orchestration.py took 0.182 seconds
[2026-04-20T15:18:11.981+0000] {processor.py:161} INFO - Started process (PID=361) to work on /opt/airflow/dags/mlops_orchestration.py
[2026-04-20T15:18:11.983+0000] {processor.py:830} INFO - Processing file /opt/airflow/dags/mlops_orchestration.py for tasks to queue
[2026-04-20T15:18:11.986+0000] {logging_mixin.py:188} INFO - [2026-04-20T15:18:11.985+0000] {dagbag.py:545} INFO - Filling up the DagBag from /opt/airflow/dags/mlops_orchestration.py
[2026-04-20T15:18:12.019+0000] {processor.py:840} INFO - DAG(s) 'mlops_orchestration' retrieved from /opt/airflow/dags/mlops_orchestration.py
[2026-04-20T15:18:12.075+0000] {logging_mixin.py:188} INFO - [2026-04-20T15:18:12.075+0000] {dag.py:3096} INFO - Sync 1 DAGs
[2026-04-20T15:18:12.104+0000] {logging_mixin.py:188} INFO - [2026-04-20T15:18:12.104+0000] {dag.py:3954} INFO - Setting next_dagrun for mlops_orchestration to 2026-04-19 02:00:00+00:00, run_after=2026-04-20 02:00:00+00:00
[2026-04-20T15:18:12.126+0000] {processor.py:183} INFO - Processing /opt/airflow/dags/mlops_orchestration.py took 0.150 seconds
[2026-04-20T15:18:42.296+0000] {processor.py:161} INFO - Started process (PID=362) to work on /opt/airflow/dags/mlops_orchestration.py
[2026-04-20T15:18:42.298+0000] {processor.py:830} INFO - Processing file /opt/airflow/dags/mlops_orchestration.py for tasks to queue
[2026-04-20T15:18:42.301+0000] {logging_mixin.py:188} INFO - [2026-04-20T15:18:42.301+0000] {dagbag.py:545} INFO - Filling up the DagBag from /opt/airflow/dags/mlops_orchestration.py
[2026-04-20T15:18:42.346+0000] {processor.py:840} INFO - DAG(s) 'mlops_orchestration' retrieved from /opt/airflow/dags/mlops_orchestration.py
[2026-04-20T15:18:42.400+0000] {logging_mixin.py:188} INFO - [2026-04-20T15:18:42.400+0000] {dag.py:3096} INFO - Sync 1 DAGs
[2026-04-20T15:18:42.437+0000] {logging_mixin.py:188} INFO - [2026-04-20T15:18:42.436+0000] {dag.py:3954} INFO - Setting next_dagrun for mlops_orchestration to 2026-04-19 02:00:00+00:00, run_after=2026-04-20 02:00:00+00:00
[2026-04-20T15:18:42.470+0000] {processor.py:183} INFO - Processing /opt/airflow/dags/mlops_orchestration.py took 0.181 seconds
[2026-04-20T15:19:12.647+0000] {processor.py:161} INFO - Started process (PID=363) to work on /opt/airflow/dags/mlops_orchestration.py
[2026-04-20T15:19:12.648+0000] {processor.py:830} INFO - Processing file /opt/airflow/dags/mlops_orchestration.py for tasks to queue
[2026-04-20T15:19:12.650+0000] {logging_mixin.py:188} INFO - [2026-04-20T15:19:12.650+0000] {dagbag.py:545} INFO - Filling up the DagBag from /opt/airflow/dags/mlops_orchestration.py
[2026-04-20T15:19:12.687+0000] {processor.py:840} INFO - DAG(s) 'mlops_orchestration' retrieved from /opt/airflow/dags/mlops_orchestration.py
[2026-04-20T15:19:12.754+0000] {logging_mixin.py:188} INFO - [2026-04-20T15:19:12.753+0000] {dag.py:3096} INFO - Sync 1 DAGs
[2026-04-20T15:19:12.798+0000] {logging_mixin.py:188} INFO - [2026-04-20T15:19:12.798+0000] {dag.py:3954} INFO - Setting next_dagrun for mlops_orchestration to 2026-04-19 02:00:00+00:00, run_after=2026-04-20 02:00:00+00:00
[2026-04-20T15:19:12.846+0000] {processor.py:183} INFO - Processing /opt/airflow/dags/mlops_orchestration.py took 0.226 seconds
[2026-04-20T15:19:43.055+0000] {processor.py:161} INFO - Started process (PID=364) to work on /opt/airflow/dags/mlops_orchestration.py
[2026-04-20T15:19:43.056+0000] {processor.py:830} INFO - Processing file /opt/airflow/dags/mlops_orchestration.py for tasks to queue
[2026-04-20T15:19:43.058+0000] {logging_mixin.py:188} INFO - [2026-04-20T15:19:43.058+0000] {dagbag.py:545} INFO - Filling up the DagBag from /opt/airflow/dags/mlops_orchestration.py
[2026-04-20T15:19:43.085+0000] {processor.py:840} INFO - DAG(s) 'mlops_orchestration' retrieved from /opt/airflow/dags/mlops_orchestration.py
[2026-04-20T15:19:43.123+0000] {logging_mixin.py:188} INFO - [2026-04-20T15:19:43.122+0000] {dag.py:3096} INFO - Sync 1 DAGs
[2026-04-20T15:19:43.145+0000] {logging_mixin.py:188} INFO - [2026-04-20T15:19:43.145+0000] {dag.py:3954} INFO - Setting next_dagrun for mlops_orchestration to 2026-04-19 02:00:00+00:00, run_after=2026-04-20 02:00:00+00:00
[2026-04-20T15:19:43.178+0000] {processor.py:183} INFO - Processing /opt/airflow/dags/mlops_orchestration.py took 0.129 seconds
[2026-04-20T15:20:13.386+0000] {processor.py:161} INFO - Started process (PID=365) to work on /opt/airflow/dags/mlops_orchestration.py
[2026-04-20T15:20:13.388+0000] {processor.py:830} INFO - Processing file /opt/airflow/dags/mlops_orchestration.py for tasks to queue
[2026-04-20T15:20:13.391+0000] {logging_mixin.py:188} INFO - [2026-04-20T15:20:13.390+0000] {dagbag.py:545} INFO - Filling up the DagBag from /opt/airflow/dags/mlops_orchestration.py
[2026-04-20T15:20:13.435+0000] {processor.py:840} INFO - DAG(s) 'mlops_orchestration' retrieved from /opt/airflow/dags/mlops_orchestration.py
[2026-04-20T15:20:13.498+0000] {logging_mixin.py:188} INFO - [2026-04-20T15:20:13.498+0000] {dag.py:3096} INFO - Sync 1 DAGs
[2026-04-20T15:20:13.542+0000] {logging_mixin.py:188} INFO - [2026-04-20T15:20:13.542+0000] {dag.py:3954} INFO - Setting next_dagrun for mlops_orchestration to 2026-04-19 02:00:00+00:00, run_after=2026-04-20 02:00:00+00:00
[2026-04-20T15:20:13.583+0000] {processor.py:183} INFO - Processing /opt/airflow/dags/mlops_orchestration.py took 0.205 seconds
[2026-04-20T15:20:43.786+0000] {processor.py:161} INFO - Started process (PID=366) to work on /opt/airflow/dags/mlops_orchestration.py
[2026-04-20T15:20:43.788+0000] {processor.py:830} INFO - Processing file /opt/airflow/dags/mlops_orchestration.py for tasks to queue
[2026-04-20T15:20:43.793+0000] {logging_mixin.py:188} INFO - [2026-04-20T15:20:43.792+0000] {dagbag.py:545} INFO - Filling up the DagBag from /opt/airflow/dags/mlops_orchestration.py
[2026-04-20T15:20:43.828+0000] {processor.py:840} INFO - DAG(s) 'mlops_orchestration' retrieved from /opt/airflow/dags/mlops_orchestration.py
[2026-04-20T15:20:43.888+0000] {logging_mixin.py:188} INFO - [2026-04-20T15:20:43.888+0000] {dag.py:3096} INFO - Sync 1 DAGs
[2026-04-20T15:20:43.949+0000] {logging_mixin.py:188} INFO - [2026-04-20T15:20:43.949+0000] {dag.py:3954} INFO - Setting next_dagrun for mlops_orchestration to 2026-04-19 02:00:00+00:00, run_after=2026-04-20 02:00:00+00:00
[2026-04-20T15:20:44.108+0000] {processor.py:183} INFO - Processing /opt/airflow/dags/mlops_orchestration.py took 0.329 seconds
[2026-04-20T15:21:14.307+0000] {processor.py:161} INFO - Started process (PID=367) to work on /opt/airflow/dags/mlops_orchestration.py
[2026-04-20T15:21:14.309+0000] {processor.py:830} INFO - Processing file /opt/airflow/dags/mlops_orchestration.py for tasks to queue
[2026-04-20T15:21:14.314+0000] {logging_mixin.py:188} INFO - [2026-04-20T15:21:14.313+0000] {dagbag.py:545} INFO - Filling up the DagBag from /opt/airflow/dags/mlops_orchestration.py
[2026-04-20T15:21:14.346+0000] {processor.py:840} INFO - DAG(s) 'mlops_orchestration' retrieved from /opt/airflow/dags/mlops_orchestration.py
[2026-04-20T15:21:14.395+0000] {logging_mixin.py:188} INFO - [2026-04-20T15:21:14.395+0000] {dag.py:3096} INFO - Sync 1 DAGs
[2026-04-20T15:21:14.434+0000] {logging_mixin.py:188} INFO - [2026-04-20T15:21:14.434+0000] {dag.py:3954} INFO - Setting next_dagrun for mlops_orchestration to 2026-04-19 02:00:00+00:00, run_after=2026-04-20 02:00:00+00:00
[2026-04-20T15:21:14.472+0000] {processor.py:183} INFO - Processing /opt/airflow/dags/mlops_orchestration.py took 0.173 seconds
[2026-04-20T15:21:44.641+0000] {processor.py:161} INFO - Started process (PID=368) to work on /opt/airflow/dags/mlops_orchestration.py
[2026-04-20T15:21:44.642+0000] {processor.py:830} INFO - Processing file /opt/airflow/dags/mlops_orchestration.py for tasks to queue
[2026-04-20T15:21:44.644+0000] {logging_mixin.py:188} INFO - [2026-04-20T15:21:44.644+0000] {dagbag.py:545} INFO - Filling up the DagBag from /opt/airflow/dags/mlops_orchestration.py
[2026-04-20T15:21:44.677+0000] {processor.py:840} INFO - DAG(s) 'mlops_orchestration' retrieved from /opt/airflow/dags/mlops_orchestration.py
[2026-04-20T15:21:44.724+0000] {logging_mixin.py:188} INFO - [2026-04-20T15:21:44.723+0000] {dag.py:3096} INFO - Sync 1 DAGs
[2026-04-20T15:21:44.763+0000] {logging_mixin.py:188} INFO - [2026-04-20T15:21:44.762+0000] {dag.py:3954} INFO - Setting next_dagrun for mlops_orchestration to 2026-04-19 02:00:00+00:00, run_after=2026-04-20 02:00:00+00:00
[2026-04-20T15:21:44.806+0000] {processor.py:183} INFO - Processing /opt/airflow/dags/mlops_orchestration.py took 0.172 seconds
[2026-04-20T15:22:14.969+0000] {processor.py:161} INFO - Started process (PID=369) to work on /opt/airflow/dags/mlops_orchestration.py
[2026-04-20T15:22:14.971+0000] {processor.py:830} INFO - Processing file /opt/airflow/dags/mlops_orchestration.py for tasks to queue
[2026-04-20T15:22:14.973+0000] {logging_mixin.py:188} INFO - [2026-04-20T15:22:14.973+0000] {dagbag.py:545} INFO - Filling up the DagBag from /opt/airflow/dags/mlops_orchestration.py
[2026-04-20T15:22:15.019+0000] {processor.py:840} INFO - DAG(s) 'mlops_orchestration' retrieved from /opt/airflow/dags/mlops_orchestration.py
[2026-04-20T15:22:15.100+0000] {logging_mixin.py:188} INFO - [2026-04-20T15:22:15.100+0000] {dag.py:3096} INFO - Sync 1 DAGs
[2026-04-20T15:22:15.134+0000] {logging_mixin.py:188} INFO - [2026-04-20T15:22:15.133+0000] {dag.py:3954} INFO - Setting next_dagrun for mlops_orchestration to 2026-04-19 02:00:00+00:00, run_after=2026-04-20 02:00:00+00:00
[2026-04-20T15:22:15.174+0000] {processor.py:183} INFO - Processing /opt/airflow/dags/mlops_orchestration.py took 0.216 seconds
[2026-04-20T15:22:45.400+0000] {processor.py:161} INFO - Started process (PID=370) to work on /opt/airflow/dags/mlops_orchestration.py
[2026-04-20T15:22:45.423+0000] {processor.py:830} INFO - Processing file /opt/airflow/dags/mlops_orchestration.py for tasks to queue
[2026-04-20T15:22:45.426+0000] {logging_mixin.py:188} INFO - [2026-04-20T15:22:45.425+0000] {dagbag.py:545} INFO - Filling up the DagBag from /opt/airflow/dags/mlops_orchestration.py
[2026-04-20T15:22:45.460+0000] {processor.py:840} INFO - DAG(s) 'mlops_orchestration' retrieved from /opt/airflow/dags/mlops_orchestration.py
[2026-04-20T15:22:45.507+0000] {logging_mixin.py:188} INFO - [2026-04-20T15:22:45.506+0000] {dag.py:3096} INFO - Sync 1 DAGs
[2026-04-20T15:22:45.543+0000] {logging_mixin.py:188} INFO - [2026-04-20T15:22:45.543+0000] {dag.py:3954} INFO - Setting next_dagrun for mlops_orchestration to 2026-04-19 02:00:00+00:00, run_after=2026-04-20 02:00:00+00:00
[2026-04-20T15:22:45.577+0000] {processor.py:183} INFO - Processing /opt/airflow/dags/mlops_orchestration.py took 0.188 seconds
[2026-04-20T15:23:15.830+0000] {processor.py:161} INFO - Started process (PID=371) to work on /opt/airflow/dags/mlops_orchestration.py
[2026-04-20T15:23:15.832+0000] {processor.py:830} INFO - Processing file /opt/airflow/dags/mlops_orchestration.py for tasks to queue
[2026-04-20T15:23:15.836+0000] {logging_mixin.py:188} INFO - [2026-04-20T15:23:15.835+0000] {dagbag.py:545} INFO - Filling up the DagBag from /opt/airflow/dags/mlops_orchestration.py
[2026-04-20T15:23:15.881+0000] {processor.py:840} INFO - DAG(s) 'mlops_orchestration' retrieved from /opt/airflow/dags/mlops_orchestration.py
[2026-04-20T15:23:15.944+0000] {logging_mixin.py:188} INFO - [2026-04-20T15:23:15.944+0000] {dag.py:3096} INFO - Sync 1 DAGs
[2026-04-20T15:23:15.979+0000] {logging_mixin.py:188} INFO - [2026-04-20T15:23:15.978+0000] {dag.py:3954} INFO - Setting next_dagrun for mlops_orchestration to 2026-04-19 02:00:00+00:00, run_after=2026-04-20 02:00:00+00:00
[2026-04-20T15:23:16.027+0000] {processor.py:183} INFO - Processing /opt/airflow/dags/mlops_orchestration.py took 0.211 seconds
[2026-04-20T15:23:46.264+0000] {processor.py:161} INFO - Started process (PID=372) to work on /opt/airflow/dags/mlops_orchestration.py
[2026-04-20T15:23:46.266+0000] {processor.py:830} INFO - Processing file /opt/airflow/dags/mlops_orchestration.py for tasks to queue
[2026-04-20T15:23:46.270+0000] {logging_mixin.py:188} INFO - [2026-04-20T15:23:46.269+0000] {dagbag.py:545} INFO - Filling up the DagBag from /opt/airflow/dags/mlops_orchestration.py
[2026-04-20T15:23:46.322+0000] {processor.py:840} INFO - DAG(s) 'mlops_orchestration' retrieved from /opt/airflow/dags/mlops_orchestration.py
[2026-04-20T15:23:46.489+0000] {logging_mixin.py:188} INFO - [2026-04-20T15:23:46.479+0000] {dag.py:3096} INFO - Sync 1 DAGs
[2026-04-20T15:23:46.612+0000] {logging_mixin.py:188} INFO - [2026-04-20T15:23:46.612+0000] {dag.py:3954} INFO - Setting next_dagrun for mlops_orchestration to 2026-04-19 02:00:00+00:00, run_after=2026-04-20 02:00:00+00:00
[2026-04-20T15:23:46.673+0000] {processor.py:183} INFO - Processing /opt/airflow/dags/mlops_orchestration.py took 0.421 seconds
[2026-04-20T15:24:16.913+0000] {processor.py:161} INFO - Started process (PID=373) to work on /opt/airflow/dags/mlops_orchestration.py
[2026-04-20T15:24:16.915+0000] {processor.py:830} INFO - Processing file /opt/airflow/dags/mlops_orchestration.py for tasks to queue
[2026-04-20T15:24:16.922+0000] {logging_mixin.py:188} INFO - [2026-04-20T15:24:16.921+0000] {dagbag.py:545} INFO - Filling up the DagBag from /opt/airflow/dags/mlops_orchestration.py
[2026-04-20T15:24:16.971+0000] {processor.py:840} INFO - DAG(s) 'mlops_orchestration' retrieved from /opt/airflow/dags/mlops_orchestration.py
[2026-04-20T15:24:17.040+0000] {logging_mixin.py:188} INFO - [2026-04-20T15:24:17.040+0000] {dag.py:3096} INFO - Sync 1 DAGs
[2026-04-20T15:24:17.081+0000] {logging_mixin.py:188} INFO - [2026-04-20T15:24:17.081+0000] {dag.py:3954} INFO - Setting next_dagrun for mlops_orchestration to 2026-04-19 02:00:00+00:00, run_after=2026-04-20 02:00:00+00:00
[2026-04-20T15:24:17.130+0000] {processor.py:183} INFO - Processing /opt/airflow/dags/mlops_orchestration.py took 0.228 seconds
[2026-04-20T15:24:47.314+0000] {processor.py:161} INFO - Started process (PID=374) to work on /opt/airflow/dags/mlops_orchestration.py
[2026-04-20T15:24:47.315+0000] {processor.py:830} INFO - Processing file /opt/airflow/dags/mlops_orchestration.py for tasks to queue
[2026-04-20T15:24:47.318+0000] {logging_mixin.py:188} INFO - [2026-04-20T15:24:47.317+0000] {dagbag.py:545} INFO - Filling up the DagBag from /opt/airflow/dags/mlops_orchestration.py
[2026-04-20T15:24:47.351+0000] {processor.py:840} INFO - DAG(s) 'mlops_orchestration' retrieved from /opt/airflow/dags/mlops_orchestration.py
[2026-04-20T15:24:47.398+0000] {logging_mixin.py:188} INFO - [2026-04-20T15:24:47.397+0000] {dag.py:3096} INFO - Sync 1 DAGs
[2026-04-20T15:24:47.438+0000] {logging_mixin.py:188} INFO - [2026-04-20T15:24:47.438+0000] {dag.py:3954} INFO - Setting next_dagrun for mlops_orchestration to 2026-04-19 02:00:00+00:00, run_after=2026-04-20 02:00:00+00:00
[2026-04-20T15:24:47.487+0000] {processor.py:183} INFO - Processing /opt/airflow/dags/mlops_orchestration.py took 0.199 seconds
[2026-04-20T15:25:18.002+0000] {processor.py:161} INFO - Started process (PID=375) to work on /opt/airflow/dags/mlops_orchestration.py
[2026-04-20T15:25:18.004+0000] {processor.py:830} INFO - Processing file /opt/airflow/dags/mlops_orchestration.py for tasks to queue
[2026-04-20T15:25:18.007+0000] {logging_mixin.py:188} INFO - [2026-04-20T15:25:18.006+0000] {dagbag.py:545} INFO - Filling up the DagBag from /opt/airflow/dags/mlops_orchestration.py
[2026-04-20T15:25:18.044+0000] {processor.py:840} INFO - DAG(s) 'mlops_orchestration' retrieved from /opt/airflow/dags/mlops_orchestration.py
[2026-04-20T15:25:18.089+0000] {logging_mixin.py:188} INFO - [2026-04-20T15:25:18.088+0000] {dag.py:3096} INFO - Sync 1 DAGs
[2026-04-20T15:25:18.119+0000] {logging_mixin.py:188} INFO - [2026-04-20T15:25:18.119+0000] {dag.py:3954} INFO - Setting next_dagrun for mlops_orchestration to 2026-04-19 02:00:00+00:00, run_after=2026-04-20 02:00:00+00:00
[2026-04-20T15:25:18.150+0000] {processor.py:183} INFO - Processing /opt/airflow/dags/mlops_orchestration.py took 0.157 seconds
[2026-04-20T15:25:48.364+0000] {processor.py:161} INFO - Started process (PID=376) to work on /opt/airflow/dags/mlops_orchestration.py
[2026-04-20T15:25:48.367+0000] {processor.py:830} INFO - Processing file /opt/airflow/dags/mlops_orchestration.py for tasks to queue
[2026-04-20T15:25:48.375+0000] {logging_mixin.py:188} INFO - [2026-04-20T15:25:48.374+0000] {dagbag.py:545} INFO - Filling up the DagBag from /opt/airflow/dags/mlops_orchestration.py
[2026-04-20T15:25:48.433+0000] {processor.py:840} INFO - DAG(s) 'mlops_orchestration' retrieved from /opt/airflow/dags/mlops_orchestration.py
[2026-04-20T15:25:48.529+0000] {logging_mixin.py:188} INFO - [2026-04-20T15:25:48.529+0000] {dag.py:3096} INFO - Sync 1 DAGs
[2026-04-20T15:25:48.581+0000] {logging_mixin.py:188} INFO - [2026-04-20T15:25:48.580+0000] {dag.py:3954} INFO - Setting next_dagrun for mlops_orchestration to 2026-04-19 02:00:00+00:00, run_after=2026-04-20 02:00:00+00:00
[2026-04-20T15:25:48.723+0000] {processor.py:183} INFO - Processing /opt/airflow/dags/mlops_orchestration.py took 0.369 seconds
[2026-04-20T15:26:19.004+0000] {processor.py:161} INFO - Started process (PID=377) to work on /opt/airflow/dags/mlops_orchestration.py
[2026-04-20T15:26:19.006+0000] {processor.py:830} INFO - Processing file /opt/airflow/dags/mlops_orchestration.py for tasks to queue
[2026-04-20T15:26:19.010+0000] {logging_mixin.py:188} INFO - [2026-04-20T15:26:19.009+0000] {dagbag.py:545} INFO - Filling up the DagBag from /opt/airflow/dags/mlops_orchestration.py
[2026-04-20T15:26:19.045+0000] {processor.py:840} INFO - DAG(s) 'mlops_orchestration' retrieved from /opt/airflow/dags/mlops_orchestration.py
[2026-04-20T15:26:19.081+0000] {logging_mixin.py:188} INFO - [2026-04-20T15:26:19.081+0000] {dag.py:3096} INFO - Sync 1 DAGs
[2026-04-20T15:26:19.105+0000] {logging_mixin.py:188} INFO - [2026-04-20T15:26:19.105+0000] {dag.py:3954} INFO - Setting next_dagrun for mlops_orchestration to 2026-04-19 02:00:00+00:00, run_after=2026-04-20 02:00:00+00:00
[2026-04-20T15:26:19.132+0000] {processor.py:183} INFO - Processing /opt/airflow/dags/mlops_orchestration.py took 0.135 seconds
[2026-04-20T15:26:49.319+0000] {processor.py:161} INFO - Started process (PID=378) to work on /opt/airflow/dags/mlops_orchestration.py
[2026-04-20T15:26:49.322+0000] {processor.py:830} INFO - Processing file /opt/airflow/dags/mlops_orchestration.py for tasks to queue
[2026-04-20T15:26:49.324+0000] {logging_mixin.py:188} INFO - [2026-04-20T15:26:49.324+0000] {dagbag.py:545} INFO - Filling up the DagBag from /opt/airflow/dags/mlops_orchestration.py
[2026-04-20T15:26:49.357+0000] {processor.py:840} INFO - DAG(s) 'mlops_orchestration' retrieved from /opt/airflow/dags/mlops_orchestration.py
[2026-04-20T15:26:49.393+0000] {logging_mixin.py:188} INFO - [2026-04-20T15:26:49.393+0000] {dag.py:3096} INFO - Sync 1 DAGs
[2026-04-20T15:26:49.422+0000] {logging_mixin.py:188} INFO - [2026-04-20T15:26:49.421+0000] {dag.py:3954} INFO - Setting next_dagrun for mlops_orchestration to 2026-04-19 02:00:00+00:00, run_after=2026-04-20 02:00:00+00:00
[2026-04-20T15:26:49.444+0000] {processor.py:183} INFO - Processing /opt/airflow/dags/mlops_orchestration.py took 0.133 seconds
[2026-04-20T15:27:19.640+0000] {processor.py:161} INFO - Started process (PID=379) to work on /opt/airflow/dags/mlops_orchestration.py
[2026-04-20T15:27:19.642+0000] {processor.py:830} INFO - Processing file /opt/airflow/dags/mlops_orchestration.py for tasks to queue
[2026-04-20T15:27:19.645+0000] {logging_mixin.py:188} INFO - [2026-04-20T15:27:19.644+0000] {dagbag.py:545} INFO - Filling up the DagBag from /opt/airflow/dags/mlops_orchestration.py
[2026-04-20T15:27:19.691+0000] {processor.py:840} INFO - DAG(s) 'mlops_orchestration' retrieved from /opt/airflow/dags/mlops_orchestration.py
[2026-04-20T15:27:19.741+0000] {logging_mixin.py:188} INFO - [2026-04-20T15:27:19.741+0000] {dag.py:3096} INFO - Sync 1 DAGs
[2026-04-20T15:27:19.775+0000] {logging_mixin.py:188} INFO - [2026-04-20T15:27:19.775+0000] {dag.py:3954} INFO - Setting next_dagrun for mlops_orchestration to 2026-04-19 02:00:00+00:00, run_after=2026-04-20 02:00:00+00:00
[2026-04-20T15:27:19.813+0000] {processor.py:183} INFO - Processing /opt/airflow/dags/mlops_orchestration.py took 0.181 seconds
[2026-04-20T15:27:49.975+0000] {processor.py:161} INFO - Started process (PID=380) to work on /opt/airflow/dags/mlops_orchestration.py
[2026-04-20T15:27:49.977+0000] {processor.py:830} INFO - Processing file /opt/airflow/dags/mlops_orchestration.py for tasks to queue
[2026-04-20T15:27:49.980+0000] {logging_mixin.py:188} INFO - [2026-04-20T15:27:49.980+0000] {dagbag.py:545} INFO - Filling up the DagBag from /opt/airflow/dags/mlops_orchestration.py
[2026-04-20T15:27:50.018+0000] {processor.py:840} INFO - DAG(s) 'mlops_orchestration' retrieved from /opt/airflow/dags/mlops_orchestration.py
[2026-04-20T15:27:50.061+0000] {logging_mixin.py:188} INFO - [2026-04-20T15:27:50.060+0000] {dag.py:3096} INFO - Sync 1 DAGs
[2026-04-20T15:27:50.085+0000] {logging_mixin.py:188} INFO - [2026-04-20T15:27:50.085+0000] {dag.py:3954} INFO - Setting next_dagrun for mlops_orchestration to 2026-04-19 02:00:00+00:00, run_after=2026-04-20 02:00:00+00:00
[2026-04-20T15:27:50.109+0000] {processor.py:183} INFO - Processing /opt/airflow/dags/mlops_orchestration.py took 0.141 seconds
[2026-04-20T15:28:20.271+0000] {processor.py:161} INFO - Started process (PID=381) to work on /opt/airflow/dags/mlops_orchestration.py
[2026-04-20T15:28:20.272+0000] {processor.py:830} INFO - Processing file /opt/airflow/dags/mlops_orchestration.py for tasks to queue
[2026-04-20T15:28:20.277+0000] {logging_mixin.py:188} INFO - [2026-04-20T15:28:20.275+0000] {dagbag.py:545} INFO - Filling up the DagBag from /opt/airflow/dags/mlops_orchestration.py
[2026-04-20T15:28:20.322+0000] {processor.py:840} INFO - DAG(s) 'mlops_orchestration' retrieved from /opt/airflow/dags/mlops_orchestration.py
[2026-04-20T15:28:20.370+0000] {logging_mixin.py:188} INFO - [2026-04-20T15:28:20.370+0000] {dag.py:3096} INFO - Sync 1 DAGs
[2026-04-20T15:28:20.396+0000] {logging_mixin.py:188} INFO - [2026-04-20T15:28:20.395+0000] {dag.py:3954} INFO - Setting next_dagrun for mlops_orchestration to 2026-04-19 02:00:00+00:00, run_after=2026-04-20 02:00:00+00:00
[2026-04-20T15:28:20.427+0000] {processor.py:183} INFO - Processing /opt/airflow/dags/mlops_orchestration.py took 0.170 seconds
[2026-04-20T15:28:50.602+0000] {processor.py:161} INFO - Started process (PID=382) to work on /opt/airflow/dags/mlops_orchestration.py
[2026-04-20T15:28:50.603+0000] {processor.py:830} INFO - Processing file /opt/airflow/dags/mlops_orchestration.py for tasks to queue
[2026-04-20T15:28:50.607+0000] {logging_mixin.py:188} INFO - [2026-04-20T15:28:50.606+0000] {dagbag.py:545} INFO - Filling up the DagBag from /opt/airflow/dags/mlops_orchestration.py
[2026-04-20T15:28:50.637+0000] {processor.py:840} INFO - DAG(s) 'mlops_orchestration' retrieved from /opt/airflow/dags/mlops_orchestration.py
[2026-04-20T15:28:50.685+0000] {logging_mixin.py:188} INFO - [2026-04-20T15:28:50.685+0000] {dag.py:3096} INFO - Sync 1 DAGs
[2026-04-20T15:28:50.712+0000] {logging_mixin.py:188} INFO - [2026-04-20T15:28:50.712+0000] {dag.py:3954} INFO - Setting next_dagrun for mlops_orchestration to 2026-04-19 02:00:00+00:00, run_after=2026-04-20 02:00:00+00:00
[2026-04-20T15:28:50.743+0000] {processor.py:183} INFO - Processing /opt/airflow/dags/mlops_orchestration.py took 0.153 seconds
[2026-04-20T15:29:20.912+0000] {processor.py:161} INFO - Started process (PID=383) to work on /opt/airflow/dags/mlops_orchestration.py
[2026-04-20T15:29:20.914+0000] {processor.py:830} INFO - Processing file /opt/airflow/dags/mlops_orchestration.py for tasks to queue
[2026-04-20T15:29:20.916+0000] {logging_mixin.py:188} INFO - [2026-04-20T15:29:20.915+0000] {dagbag.py:545} INFO - Filling up the DagBag from /opt/airflow/dags/mlops_orchestration.py
[2026-04-20T15:29:20.947+0000] {processor.py:840} INFO - DAG(s) 'mlops_orchestration' retrieved from /opt/airflow/dags/mlops_orchestration.py
[2026-04-20T15:29:20.989+0000] {logging_mixin.py:188} INFO - [2026-04-20T15:29:20.989+0000] {dag.py:3096} INFO - Sync 1 DAGs
[2026-04-20T15:29:21.020+0000] {logging_mixin.py:188} INFO - [2026-04-20T15:29:21.020+0000] {dag.py:3954} INFO - Setting next_dagrun for mlops_orchestration to 2026-04-19 02:00:00+00:00, run_after=2026-04-20 02:00:00+00:00
[2026-04-20T15:29:21.054+0000] {processor.py:183} INFO - Processing /opt/airflow/dags/mlops_orchestration.py took 0.150 seconds
[2026-04-20T15:29:51.218+0000] {processor.py:161} INFO - Started process (PID=384) to work on /opt/airflow/dags/mlops_orchestration.py
[2026-04-20T15:29:51.220+0000] {processor.py:830} INFO - Processing file /opt/airflow/dags/mlops_orchestration.py for tasks to queue
[2026-04-20T15:29:51.223+0000] {logging_mixin.py:188} INFO - [2026-04-20T15:29:51.223+0000] {dagbag.py:545} INFO - Filling up the DagBag from /opt/airflow/dags/mlops_orchestration.py
[2026-04-20T15:29:51.259+0000] {processor.py:840} INFO - DAG(s) 'mlops_orchestration' retrieved from /opt/airflow/dags/mlops_orchestration.py
[2026-04-20T15:29:51.309+0000] {logging_mixin.py:188} INFO - [2026-04-20T15:29:51.309+0000] {dag.py:3096} INFO - Sync 1 DAGs
[2026-04-20T15:29:51.337+0000] {logging_mixin.py:188} INFO - [2026-04-20T15:29:51.337+0000] {dag.py:3954} INFO - Setting next_dagrun for mlops_orchestration to 2026-04-19 02:00:00+00:00, run_after=2026-04-20 02:00:00+00:00
[2026-04-20T15:29:51.362+0000] {processor.py:183} INFO - Processing /opt/airflow/dags/mlops_orchestration.py took 0.153 seconds
[2026-04-20T15:30:21.535+0000] {processor.py:161} INFO - Started process (PID=385) to work on /opt/airflow/dags/mlops_orchestration.py
[2026-04-20T15:30:21.537+0000] {processor.py:830} INFO - Processing file /opt/airflow/dags/mlops_orchestration.py for tasks to queue
[2026-04-20T15:30:21.544+0000] {logging_mixin.py:188} INFO - [2026-04-20T15:30:21.543+0000] {dagbag.py:545} INFO - Filling up the DagBag from /opt/airflow/dags/mlops_orchestration.py
[2026-04-20T15:30:21.586+0000] {processor.py:840} INFO - DAG(s) 'mlops_orchestration' retrieved from /opt/airflow/dags/mlops_orchestration.py
[2026-04-20T15:30:21.634+0000] {logging_mixin.py:188} INFO - [2026-04-20T15:30:21.634+0000] {dag.py:3096} INFO - Sync 1 DAGs
[2026-04-20T15:30:21.664+0000] {logging_mixin.py:188} INFO - [2026-04-20T15:30:21.664+0000] {dag.py:3954} INFO - Setting next_dagrun for mlops_orchestration to 2026-04-19 02:00:00+00:00, run_after=2026-04-20 02:00:00+00:00
[2026-04-20T15:30:21.701+0000] {processor.py:183} INFO - Processing /opt/airflow/dags/mlops_orchestration.py took 0.177 seconds
[2026-04-20T15:30:51.849+0000] {processor.py:161} INFO - Started process (PID=386) to work on /opt/airflow/dags/mlops_orchestration.py
[2026-04-20T15:30:51.850+0000] {processor.py:830} INFO - Processing file /opt/airflow/dags/mlops_orchestration.py for tasks to queue
[2026-04-20T15:30:51.853+0000] {logging_mixin.py:188} INFO - [2026-04-20T15:30:51.852+0000] {dagbag.py:545} INFO - Filling up the DagBag from /opt/airflow/dags/mlops_orchestration.py
[2026-04-20T15:30:51.886+0000] {processor.py:840} INFO - DAG(s) 'mlops_orchestration' retrieved from /opt/airflow/dags/mlops_orchestration.py
[2026-04-20T15:30:51.929+0000] {logging_mixin.py:188} INFO - [2026-04-20T15:30:51.929+0000] {dag.py:3096} INFO - Sync 1 DAGs
[2026-04-20T15:30:51.958+0000] {logging_mixin.py:188} INFO - [2026-04-20T15:30:51.957+0000] {dag.py:3954} INFO - Setting next_dagrun for mlops_orchestration to 2026-04-19 02:00:00+00:00, run_after=2026-04-20 02:00:00+00:00
[2026-04-20T15:30:51.981+0000] {processor.py:183} INFO - Processing /opt/airflow/dags/mlops_orchestration.py took 0.142 seconds
[2026-04-20T15:31:22.145+0000] {processor.py:161} INFO - Started process (PID=387) to work on /opt/airflow/dags/mlops_orchestration.py
[2026-04-20T15:31:22.146+0000] {processor.py:830} INFO - Processing file /opt/airflow/dags/mlops_orchestration.py for tasks to queue
[2026-04-20T15:31:22.148+0000] {logging_mixin.py:188} INFO - [2026-04-20T15:31:22.148+0000] {dagbag.py:545} INFO - Filling up the DagBag from /opt/airflow/dags/mlops_orchestration.py
[2026-04-20T15:31:22.176+0000] {processor.py:840} INFO - DAG(s) 'mlops_orchestration' retrieved from /opt/airflow/dags/mlops_orchestration.py
[2026-04-20T15:31:22.219+0000] {logging_mixin.py:188} INFO - [2026-04-20T15:31:22.219+0000] {dag.py:3096} INFO - Sync 1 DAGs
[2026-04-20T15:31:22.247+0000] {logging_mixin.py:188} INFO - [2026-04-20T15:31:22.247+0000] {dag.py:3954} INFO - Setting next_dagrun for mlops_orchestration to 2026-04-19 02:00:00+00:00, run_after=2026-04-20 02:00:00+00:00
[2026-04-20T15:31:22.277+0000] {processor.py:183} INFO - Processing /opt/airflow/dags/mlops_orchestration.py took 0.139 seconds
[2026-04-20T15:31:52.474+0000] {processor.py:161} INFO - Started process (PID=388) to work on /opt/airflow/dags/mlops_orchestration.py
[2026-04-20T15:31:52.476+0000] {processor.py:830} INFO - Processing file /opt/airflow/dags/mlops_orchestration.py for tasks to queue
[2026-04-20T15:31:52.481+0000] {logging_mixin.py:188} INFO - [2026-04-20T15:31:52.480+0000] {dagbag.py:545} INFO - Filling up the DagBag from /opt/airflow/dags/mlops_orchestration.py
[2026-04-20T15:31:52.534+0000] {processor.py:840} INFO - DAG(s) 'mlops_orchestration' retrieved from /opt/airflow/dags/mlops_orchestration.py
[2026-04-20T15:31:52.587+0000] {logging_mixin.py:188} INFO - [2026-04-20T15:31:52.586+0000] {dag.py:3096} INFO - Sync 1 DAGs
[2026-04-20T15:31:52.617+0000] {logging_mixin.py:188} INFO - [2026-04-20T15:31:52.616+0000] {dag.py:3954} INFO - Setting next_dagrun for mlops_orchestration to 2026-04-19 02:00:00+00:00, run_after=2026-04-20 02:00:00+00:00
[2026-04-20T15:31:52.661+0000] {processor.py:183} INFO - Processing /opt/airflow/dags/mlops_orchestration.py took 0.198 seconds
[2026-04-20T15:32:22.866+0000] {processor.py:161} INFO - Started process (PID=389) to work on /opt/airflow/dags/mlops_orchestration.py
[2026-04-20T15:32:22.868+0000] {processor.py:830} INFO - Processing file /opt/airflow/dags/mlops_orchestration.py for tasks to queue
[2026-04-20T15:32:22.870+0000] {logging_mixin.py:188} INFO - [2026-04-20T15:32:22.869+0000] {dagbag.py:545} INFO - Filling up the DagBag from /opt/airflow/dags/mlops_orchestration.py
[2026-04-20T15:32:22.902+0000] {processor.py:840} INFO - DAG(s) 'mlops_orchestration' retrieved from /opt/airflow/dags/mlops_orchestration.py
[2026-04-20T15:32:22.951+0000] {logging_mixin.py:188} INFO - [2026-04-20T15:32:22.950+0000] {dag.py:3096} INFO - Sync 1 DAGs
[2026-04-20T15:32:22.977+0000] {logging_mixin.py:188} INFO - [2026-04-20T15:32:22.976+0000] {dag.py:3954} INFO - Setting next_dagrun for mlops_orchestration to 2026-04-19 02:00:00+00:00, run_after=2026-04-20 02:00:00+00:00
[2026-04-20T15:32:23.004+0000] {processor.py:183} INFO - Processing /opt/airflow/dags/mlops_orchestration.py took 0.143 seconds
[2026-04-20T15:32:53.185+0000] {processor.py:161} INFO - Started process (PID=390) to work on /opt/airflow/dags/mlops_orchestration.py
[2026-04-20T15:32:53.186+0000] {processor.py:830} INFO - Processing file /opt/airflow/dags/mlops_orchestration.py for tasks to queue
[2026-04-20T15:32:53.189+0000] {logging_mixin.py:188} INFO - [2026-04-20T15:32:53.188+0000] {dagbag.py:545} INFO - Filling up the DagBag from /opt/airflow/dags/mlops_orchestration.py
[2026-04-20T15:32:53.221+0000] {processor.py:840} INFO - DAG(s) 'mlops_orchestration' retrieved from /opt/airflow/dags/mlops_orchestration.py
[2026-04-20T15:32:53.267+0000] {logging_mixin.py:188} INFO - [2026-04-20T15:32:53.267+0000] {dag.py:3096} INFO - Sync 1 DAGs
[2026-04-20T15:32:53.292+0000] {logging_mixin.py:188} INFO - [2026-04-20T15:32:53.292+0000] {dag.py:3954} INFO - Setting next_dagrun for mlops_orchestration to 2026-04-19 02:00:00+00:00, run_after=2026-04-20 02:00:00+00:00
[2026-04-20T15:32:53.327+0000] {processor.py:183} INFO - Processing /opt/airflow/dags/mlops_orchestration.py took 0.150 seconds
[2026-04-20T15:33:23.511+0000] {processor.py:161} INFO - Started process (PID=391) to work on /opt/airflow/dags/mlops_orchestration.py
[2026-04-20T15:33:23.515+0000] {processor.py:830} INFO - Processing file /opt/airflow/dags/mlops_orchestration.py for tasks to queue
[2026-04-20T15:33:23.519+0000] {logging_mixin.py:188} INFO - [2026-04-20T15:33:23.518+0000] {dagbag.py:545} INFO - Filling up the DagBag from /opt/airflow/dags/mlops_orchestration.py
[2026-04-20T15:33:23.558+0000] {processor.py:840} INFO - DAG(s) 'mlops_orchestration' retrieved from /opt/airflow/dags/mlops_orchestration.py
[2026-04-20T15:33:23.607+0000] {logging_mixin.py:188} INFO - [2026-04-20T15:33:23.606+0000] {dag.py:3096} INFO - Sync 1 DAGs
[2026-04-20T15:33:23.634+0000] {logging_mixin.py:188} INFO - [2026-04-20T15:33:23.634+0000] {dag.py:3954} INFO - Setting next_dagrun for mlops_orchestration to 2026-04-19 02:00:00+00:00, run_after=2026-04-20 02:00:00+00:00
[2026-04-20T15:33:23.661+0000] {processor.py:183} INFO - Processing /opt/airflow/dags/mlops_orchestration.py took 0.165 seconds
[2026-04-20T15:33:53.796+0000] {processor.py:161} INFO - Started process (PID=392) to work on /opt/airflow/dags/mlops_orchestration.py
[2026-04-20T15:33:53.798+0000] {processor.py:830} INFO - Processing file /opt/airflow/dags/mlops_orchestration.py for tasks to queue
[2026-04-20T15:33:53.800+0000] {logging_mixin.py:188} INFO - [2026-04-20T15:33:53.800+0000] {dagbag.py:545} INFO - Filling up the DagBag from /opt/airflow/dags/mlops_orchestration.py
[2026-04-20T15:33:53.832+0000] {processor.py:840} INFO - DAG(s) 'mlops_orchestration' retrieved from /opt/airflow/dags/mlops_orchestration.py
[2026-04-20T15:33:53.871+0000] {logging_mixin.py:188} INFO - [2026-04-20T15:33:53.871+0000] {dag.py:3096} INFO - Sync 1 DAGs
[2026-04-20T15:33:53.901+0000] {logging_mixin.py:188} INFO - [2026-04-20T15:33:53.901+0000] {dag.py:3954} INFO - Setting next_dagrun for mlops_orchestration to 2026-04-19 02:00:00+00:00, run_after=2026-04-20 02:00:00+00:00
[2026-04-20T15:33:53.934+0000] {processor.py:183} INFO - Processing /opt/airflow/dags/mlops_orchestration.py took 0.145 seconds
[2026-04-20T15:34:24.119+0000] {processor.py:161} INFO - Started process (PID=393) to work on /opt/airflow/dags/mlops_orchestration.py
[2026-04-20T15:34:24.120+0000] {processor.py:830} INFO - Processing file /opt/airflow/dags/mlops_orchestration.py for tasks to queue
[2026-04-20T15:34:24.122+0000] {logging_mixin.py:188} INFO - [2026-04-20T15:34:24.122+0000] {dagbag.py:545} INFO - Filling up the DagBag from /opt/airflow/dags/mlops_orchestration.py
[2026-04-20T15:34:24.150+0000] {processor.py:840} INFO - DAG(s) 'mlops_orchestration' retrieved from /opt/airflow/dags/mlops_orchestration.py
[2026-04-20T15:34:24.185+0000] {logging_mixin.py:188} INFO - [2026-04-20T15:34:24.185+0000] {dag.py:3096} INFO - Sync 1 DAGs
[2026-04-20T15:34:24.219+0000] {logging_mixin.py:188} INFO - [2026-04-20T15:34:24.218+0000] {dag.py:3954} INFO - Setting next_dagrun for mlops_orchestration to 2026-04-19 02:00:00+00:00, run_after=2026-04-20 02:00:00+00:00
[2026-04-20T15:34:24.250+0000] {processor.py:183} INFO - Processing /opt/airflow/dags/mlops_orchestration.py took 0.137 seconds
[2026-04-20T15:34:54.422+0000] {processor.py:161} INFO - Started process (PID=394) to work on /opt/airflow/dags/mlops_orchestration.py
[2026-04-20T15:34:54.424+0000] {processor.py:830} INFO - Processing file /opt/airflow/dags/mlops_orchestration.py for tasks to queue
[2026-04-20T15:34:54.426+0000] {logging_mixin.py:188} INFO - [2026-04-20T15:34:54.425+0000] {dagbag.py:545} INFO - Filling up the DagBag from /opt/airflow/dags/mlops_orchestration.py
[2026-04-20T15:34:54.457+0000] {processor.py:840} INFO - DAG(s) 'mlops_orchestration' retrieved from /opt/airflow/dags/mlops_orchestration.py
[2026-04-20T15:34:54.532+0000] {logging_mixin.py:188} INFO - [2026-04-20T15:34:54.531+0000] {dag.py:3096} INFO - Sync 1 DAGs
[2026-04-20T15:34:54.568+0000] {logging_mixin.py:188} INFO - [2026-04-20T15:34:54.568+0000] {dag.py:3954} INFO - Setting next_dagrun for mlops_orchestration to 2026-04-19 02:00:00+00:00, run_after=2026-04-20 02:00:00+00:00
[2026-04-20T15:34:54.609+0000] {processor.py:183} INFO - Processing /opt/airflow/dags/mlops_orchestration.py took 0.192 seconds
[2026-04-20T15:35:24.830+0000] {processor.py:161} INFO - Started process (PID=395) to work on /opt/airflow/dags/mlops_orchestration.py
[2026-04-20T15:35:24.831+0000] {processor.py:830} INFO - Processing file /opt/airflow/dags/mlops_orchestration.py for tasks to queue
[2026-04-20T15:35:24.835+0000] {logging_mixin.py:188} INFO - [2026-04-20T15:35:24.835+0000] {dagbag.py:545} INFO - Filling up the DagBag from /opt/airflow/dags/mlops_orchestration.py
[2026-04-20T15:35:24.876+0000] {processor.py:840} INFO - DAG(s) 'mlops_orchestration' retrieved from /opt/airflow/dags/mlops_orchestration.py
[2026-04-20T15:35:24.922+0000] {logging_mixin.py:188} INFO - [2026-04-20T15:35:24.921+0000] {dag.py:3096} INFO - Sync 1 DAGs
[2026-04-20T15:35:24.965+0000] {logging_mixin.py:188} INFO - [2026-04-20T15:35:24.964+0000] {dag.py:3954} INFO - Setting next_dagrun for mlops_orchestration to 2026-04-19 02:00:00+00:00, run_after=2026-04-20 02:00:00+00:00
[2026-04-20T15:35:25.005+0000] {processor.py:183} INFO - Processing /opt/airflow/dags/mlops_orchestration.py took 0.188 seconds
[2026-04-20T15:35:55.230+0000] {processor.py:161} INFO - Started process (PID=396) to work on /opt/airflow/dags/mlops_orchestration.py
[2026-04-20T15:35:55.231+0000] {processor.py:830} INFO - Processing file /opt/airflow/dags/mlops_orchestration.py for tasks to queue
[2026-04-20T15:35:55.234+0000] {logging_mixin.py:188} INFO - [2026-04-20T15:35:55.233+0000] {dagbag.py:545} INFO - Filling up the DagBag from /opt/airflow/dags/mlops_orchestration.py
[2026-04-20T15:35:55.271+0000] {processor.py:840} INFO - DAG(s) 'mlops_orchestration' retrieved from /opt/airflow/dags/mlops_orchestration.py
[2026-04-20T15:35:55.322+0000] {logging_mixin.py:188} INFO - [2026-04-20T15:35:55.321+0000] {dag.py:3096} INFO - Sync 1 DAGs
[2026-04-20T15:35:55.351+0000] {logging_mixin.py:188} INFO - [2026-04-20T15:35:55.351+0000] {dag.py:3954} INFO - Setting next_dagrun for mlops_orchestration to 2026-04-19 02:00:00+00:00, run_after=2026-04-20 02:00:00+00:00
[2026-04-20T15:35:55.383+0000] {processor.py:183} INFO - Processing /opt/airflow/dags/mlops_orchestration.py took 0.165 seconds
[2026-04-20T15:36:25.539+0000] {processor.py:161} INFO - Started process (PID=397) to work on /opt/airflow/dags/mlops_orchestration.py
[2026-04-20T15:36:25.541+0000] {processor.py:830} INFO - Processing file /opt/airflow/dags/mlops_orchestration.py for tasks to queue
[2026-04-20T15:36:25.545+0000] {logging_mixin.py:188} INFO - [2026-04-20T15:36:25.544+0000] {dagbag.py:545} INFO - Filling up the DagBag from /opt/airflow/dags/mlops_orchestration.py
[2026-04-20T15:36:25.578+0000] {processor.py:840} INFO - DAG(s) 'mlops_orchestration' retrieved from /opt/airflow/dags/mlops_orchestration.py
[2026-04-20T15:36:25.620+0000] {logging_mixin.py:188} INFO - [2026-04-20T15:36:25.620+0000] {dag.py:3096} INFO - Sync 1 DAGs
[2026-04-20T15:36:25.644+0000] {logging_mixin.py:188} INFO - [2026-04-20T15:36:25.644+0000] {dag.py:3954} INFO - Setting next_dagrun for mlops_orchestration to 2026-04-19 02:00:00+00:00, run_after=2026-04-20 02:00:00+00:00
[2026-04-20T15:36:25.672+0000] {processor.py:183} INFO - Processing /opt/airflow/dags/mlops_orchestration.py took 0.141 seconds
[2026-04-20T15:36:55.838+0000] {processor.py:161} INFO - Started process (PID=398) to work on /opt/airflow/dags/mlops_orchestration.py
[2026-04-20T15:36:55.839+0000] {processor.py:830} INFO - Processing file /opt/airflow/dags/mlops_orchestration.py for tasks to queue
[2026-04-20T15:36:55.843+0000] {logging_mixin.py:188} INFO - [2026-04-20T15:36:55.843+0000] {dagbag.py:545} INFO - Filling up the DagBag from /opt/airflow/dags/mlops_orchestration.py
[2026-04-20T15:36:55.866+0000] {processor.py:840} INFO - DAG(s) 'mlops_orchestration' retrieved from /opt/airflow/dags/mlops_orchestration.py
[2026-04-20T15:36:55.904+0000] {logging_mixin.py:188} INFO - [2026-04-20T15:36:55.904+0000] {dag.py:3096} INFO - Sync 1 DAGs
[2026-04-20T15:36:55.933+0000] {logging_mixin.py:188} INFO - [2026-04-20T15:36:55.933+0000] {dag.py:3954} INFO - Setting next_dagrun for mlops_orchestration to 2026-04-19 02:00:00+00:00, run_after=2026-04-20 02:00:00+00:00
[2026-04-20T15:36:55.965+0000] {processor.py:183} INFO - Processing /opt/airflow/dags/mlops_orchestration.py took 0.133 seconds
[2026-04-20T15:37:26.145+0000] {processor.py:161} INFO - Started process (PID=399) to work on /opt/airflow/dags/mlops_orchestration.py
[2026-04-20T15:37:26.146+0000] {processor.py:830} INFO - Processing file /opt/airflow/dags/mlops_orchestration.py for tasks to queue
[2026-04-20T15:37:26.151+0000] {logging_mixin.py:188} INFO - [2026-04-20T15:37:26.149+0000] {dagbag.py:545} INFO - Filling up the DagBag from /opt/airflow/dags/mlops_orchestration.py
[2026-04-20T15:37:26.185+0000] {processor.py:840} INFO - DAG(s) 'mlops_orchestration' retrieved from /opt/airflow/dags/mlops_orchestration.py
[2026-04-20T15:37:26.230+0000] {logging_mixin.py:188} INFO - [2026-04-20T15:37:26.230+0000] {dag.py:3096} INFO - Sync 1 DAGs
[2026-04-20T15:37:26.261+0000] {logging_mixin.py:188} INFO - [2026-04-20T15:37:26.261+0000] {dag.py:3954} INFO - Setting next_dagrun for mlops_orchestration to 2026-04-19 02:00:00+00:00, run_after=2026-04-20 02:00:00+00:00
[2026-04-20T15:37:26.296+0000] {processor.py:183} INFO - Processing /opt/airflow/dags/mlops_orchestration.py took 0.158 seconds
[2026-04-20T15:37:56.450+0000] {processor.py:161} INFO - Started process (PID=400) to work on /opt/airflow/dags/mlops_orchestration.py
[2026-04-20T15:37:56.452+0000] {processor.py:830} INFO - Processing file /opt/airflow/dags/mlops_orchestration.py for tasks to queue
[2026-04-20T15:37:56.456+0000] {logging_mixin.py:188} INFO - [2026-04-20T15:37:56.455+0000] {dagbag.py:545} INFO - Filling up the DagBag from /opt/airflow/dags/mlops_orchestration.py
[2026-04-20T15:37:56.485+0000] {processor.py:840} INFO - DAG(s) 'mlops_orchestration' retrieved from /opt/airflow/dags/mlops_orchestration.py
[2026-04-20T15:37:56.530+0000] {logging_mixin.py:188} INFO - [2026-04-20T15:37:56.530+0000] {dag.py:3096} INFO - Sync 1 DAGs
[2026-04-20T15:37:56.561+0000] {logging_mixin.py:188} INFO - [2026-04-20T15:37:56.561+0000] {dag.py:3954} INFO - Setting next_dagrun for mlops_orchestration to 2026-04-19 02:00:00+00:00, run_after=2026-04-20 02:00:00+00:00
[2026-04-20T15:37:56.593+0000] {processor.py:183} INFO - Processing /opt/airflow/dags/mlops_orchestration.py took 0.148 seconds
[2026-04-20T15:38:26.754+0000] {processor.py:161} INFO - Started process (PID=401) to work on /opt/airflow/dags/mlops_orchestration.py
[2026-04-20T15:38:26.755+0000] {processor.py:830} INFO - Processing file /opt/airflow/dags/mlops_orchestration.py for tasks to queue
[2026-04-20T15:38:26.757+0000] {logging_mixin.py:188} INFO - [2026-04-20T15:38:26.756+0000] {dagbag.py:545} INFO - Filling up the DagBag from /opt/airflow/dags/mlops_orchestration.py
[2026-04-20T15:38:26.780+0000] {processor.py:840} INFO - DAG(s) 'mlops_orchestration' retrieved from /opt/airflow/dags/mlops_orchestration.py
[2026-04-20T15:38:26.819+0000] {logging_mixin.py:188} INFO - [2026-04-20T15:38:26.819+0000] {dag.py:3096} INFO - Sync 1 DAGs
[2026-04-20T15:38:26.842+0000] {logging_mixin.py:188} INFO - [2026-04-20T15:38:26.841+0000] {dag.py:3954} INFO - Setting next_dagrun for mlops_orchestration to 2026-04-19 02:00:00+00:00, run_after=2026-04-20 02:00:00+00:00
[2026-04-20T15:38:26.875+0000] {processor.py:183} INFO - Processing /opt/airflow/dags/mlops_orchestration.py took 0.127 seconds
[2026-04-20T15:38:57.062+0000] {processor.py:161} INFO - Started process (PID=402) to work on /opt/airflow/dags/mlops_orchestration.py
[2026-04-20T15:38:57.065+0000] {processor.py:830} INFO - Processing file /opt/airflow/dags/mlops_orchestration.py for tasks to queue
[2026-04-20T15:38:57.069+0000] {logging_mixin.py:188} INFO - [2026-04-20T15:38:57.068+0000] {dagbag.py:545} INFO - Filling up the DagBag from /opt/airflow/dags/mlops_orchestration.py
[2026-04-20T15:38:57.121+0000] {processor.py:840} INFO - DAG(s) 'mlops_orchestration' retrieved from /opt/airflow/dags/mlops_orchestration.py
[2026-04-20T15:38:57.180+0000] {logging_mixin.py:188} INFO - [2026-04-20T15:38:57.180+0000] {dag.py:3096} INFO - Sync 1 DAGs
[2026-04-20T15:38:57.226+0000] {logging_mixin.py:188} INFO - [2026-04-20T15:38:57.225+0000] {dag.py:3954} INFO - Setting next_dagrun for mlops_orchestration to 2026-04-19 02:00:00+00:00, run_after=2026-04-20 02:00:00+00:00
[2026-04-20T15:38:57.275+0000] {processor.py:183} INFO - Processing /opt/airflow/dags/mlops_orchestration.py took 0.219 seconds
[2026-04-20T15:39:27.474+0000] {processor.py:161} INFO - Started process (PID=403) to work on /opt/airflow/dags/mlops_orchestration.py
[2026-04-20T15:39:27.475+0000] {processor.py:830} INFO - Processing file /opt/airflow/dags/mlops_orchestration.py for tasks to queue
[2026-04-20T15:39:27.477+0000] {logging_mixin.py:188} INFO - [2026-04-20T15:39:27.477+0000] {dagbag.py:545} INFO - Filling up the DagBag from /opt/airflow/dags/mlops_orchestration.py
[2026-04-20T15:39:27.520+0000] {processor.py:840} INFO - DAG(s) 'mlops_orchestration' retrieved from /opt/airflow/dags/mlops_orchestration.py
[2026-04-20T15:39:27.570+0000] {logging_mixin.py:188} INFO - [2026-04-20T15:39:27.570+0000] {dag.py:3096} INFO - Sync 1 DAGs
[2026-04-20T15:39:27.597+0000] {logging_mixin.py:188} INFO - [2026-04-20T15:39:27.596+0000] {dag.py:3954} INFO - Setting next_dagrun for mlops_orchestration to 2026-04-19 02:00:00+00:00, run_after=2026-04-20 02:00:00+00:00
[2026-04-20T15:39:27.628+0000] {processor.py:183} INFO - Processing /opt/airflow/dags/mlops_orchestration.py took 0.161 seconds
[2026-04-20T15:39:57.766+0000] {processor.py:161} INFO - Started process (PID=404) to work on /opt/airflow/dags/mlops_orchestration.py
[2026-04-20T15:39:57.768+0000] {processor.py:830} INFO - Processing file /opt/airflow/dags/mlops_orchestration.py for tasks to queue
[2026-04-20T15:39:57.770+0000] {logging_mixin.py:188} INFO - [2026-04-20T15:39:57.769+0000] {dagbag.py:545} INFO - Filling up the DagBag from /opt/airflow/dags/mlops_orchestration.py
[2026-04-20T15:39:57.791+0000] {processor.py:840} INFO - DAG(s) 'mlops_orchestration' retrieved from /opt/airflow/dags/mlops_orchestration.py
[2026-04-20T15:39:57.827+0000] {logging_mixin.py:188} INFO - [2026-04-20T15:39:57.827+0000] {dag.py:3096} INFO - Sync 1 DAGs
[2026-04-20T15:39:57.858+0000] {logging_mixin.py:188} INFO - [2026-04-20T15:39:57.858+0000] {dag.py:3954} INFO - Setting next_dagrun for mlops_orchestration to 2026-04-19 02:00:00+00:00, run_after=2026-04-20 02:00:00+00:00
[2026-04-20T15:39:57.890+0000] {processor.py:183} INFO - Processing /opt/airflow/dags/mlops_orchestration.py took 0.131 seconds
[2026-04-20T15:40:28.108+0000] {processor.py:161} INFO - Started process (PID=405) to work on /opt/airflow/dags/mlops_orchestration.py
[2026-04-20T15:40:28.111+0000] {processor.py:830} INFO - Processing file /opt/airflow/dags/mlops_orchestration.py for tasks to queue
[2026-04-20T15:40:28.116+0000] {logging_mixin.py:188} INFO - [2026-04-20T15:40:28.115+0000] {dagbag.py:545} INFO - Filling up the DagBag from /opt/airflow/dags/mlops_orchestration.py
[2026-04-20T15:40:28.153+0000] {processor.py:840} INFO - DAG(s) 'mlops_orchestration' retrieved from /opt/airflow/dags/mlops_orchestration.py
[2026-04-20T15:40:28.221+0000] {logging_mixin.py:188} INFO - [2026-04-20T15:40:28.221+0000] {dag.py:3096} INFO - Sync 1 DAGs
[2026-04-20T15:40:28.276+0000] {logging_mixin.py:188} INFO - [2026-04-20T15:40:28.276+0000] {dag.py:3954} INFO - Setting next_dagrun for mlops_orchestration to 2026-04-19 02:00:00+00:00, run_after=2026-04-20 02:00:00+00:00
[2026-04-20T15:40:28.321+0000] {processor.py:183} INFO - Processing /opt/airflow/dags/mlops_orchestration.py took 0.222 seconds
[2026-04-20T15:40:58.541+0000] {processor.py:161} INFO - Started process (PID=406) to work on /opt/airflow/dags/mlops_orchestration.py
[2026-04-20T15:40:58.543+0000] {processor.py:830} INFO - Processing file /opt/airflow/dags/mlops_orchestration.py for tasks to queue
[2026-04-20T15:40:58.546+0000] {logging_mixin.py:188} INFO - [2026-04-20T15:40:58.545+0000] {dagbag.py:545} INFO - Filling up the DagBag from /opt/airflow/dags/mlops_orchestration.py
[2026-04-20T15:40:58.573+0000] {processor.py:840} INFO - DAG(s) 'mlops_orchestration' retrieved from /opt/airflow/dags/mlops_orchestration.py
[2026-04-20T15:40:58.614+0000] {logging_mixin.py:188} INFO - [2026-04-20T15:40:58.613+0000] {dag.py:3096} INFO - Sync 1 DAGs
[2026-04-20T15:40:58.640+0000] {logging_mixin.py:188} INFO - [2026-04-20T15:40:58.640+0000] {dag.py:3954} INFO - Setting next_dagrun for mlops_orchestration to 2026-04-19 02:00:00+00:00, run_after=2026-04-20 02:00:00+00:00
[2026-04-20T15:40:58.665+0000] {processor.py:183} INFO - Processing /opt/airflow/dags/mlops_orchestration.py took 0.131 seconds
[2026-04-20T15:41:28.858+0000] {processor.py:161} INFO - Started process (PID=407) to work on /opt/airflow/dags/mlops_orchestration.py
[2026-04-20T15:41:28.860+0000] {processor.py:830} INFO - Processing file /opt/airflow/dags/mlops_orchestration.py for tasks to queue
[2026-04-20T15:41:28.863+0000] {logging_mixin.py:188} INFO - [2026-04-20T15:41:28.862+0000] {dagbag.py:545} INFO - Filling up the DagBag from /opt/airflow/dags/mlops_orchestration.py
[2026-04-20T15:41:28.897+0000] {processor.py:840} INFO - DAG(s) 'mlops_orchestration' retrieved from /opt/airflow/dags/mlops_orchestration.py
[2026-04-20T15:41:29.012+0000] {logging_mixin.py:188} INFO - [2026-04-20T15:41:29.011+0000] {dag.py:3096} INFO - Sync 1 DAGs
[2026-04-20T15:41:29.068+0000] {logging_mixin.py:188} INFO - [2026-04-20T15:41:29.068+0000] {dag.py:3954} INFO - Setting next_dagrun for mlops_orchestration to 2026-04-19 02:00:00+00:00, run_after=2026-04-20 02:00:00+00:00
[2026-04-20T15:41:29.104+0000] {processor.py:183} INFO - Processing /opt/airflow/dags/mlops_orchestration.py took 0.255 seconds
[2026-04-20T15:41:59.253+0000] {processor.py:161} INFO - Started process (PID=408) to work on /opt/airflow/dags/mlops_orchestration.py
[2026-04-20T15:41:59.254+0000] {processor.py:830} INFO - Processing file /opt/airflow/dags/mlops_orchestration.py for tasks to queue
[2026-04-20T15:41:59.258+0000] {logging_mixin.py:188} INFO - [2026-04-20T15:41:59.258+0000] {dagbag.py:545} INFO - Filling up the DagBag from /opt/airflow/dags/mlops_orchestration.py
[2026-04-20T15:41:59.295+0000] {processor.py:840} INFO - DAG(s) 'mlops_orchestration' retrieved from /opt/airflow/dags/mlops_orchestration.py
[2026-04-20T15:41:59.347+0000] {logging_mixin.py:188} INFO - [2026-04-20T15:41:59.346+0000] {dag.py:3096} INFO - Sync 1 DAGs
[2026-04-20T15:41:59.372+0000] {logging_mixin.py:188} INFO - [2026-04-20T15:41:59.371+0000] {dag.py:3954} INFO - Setting next_dagrun for mlops_orchestration to 2026-04-19 02:00:00+00:00, run_after=2026-04-20 02:00:00+00:00
[2026-04-20T15:41:59.403+0000] {processor.py:183} INFO - Processing /opt/airflow/dags/mlops_orchestration.py took 0.158 seconds
[2026-04-20T15:42:29.578+0000] {processor.py:161} INFO - Started process (PID=409) to work on /opt/airflow/dags/mlops_orchestration.py
[2026-04-20T15:42:29.580+0000] {processor.py:830} INFO - Processing file /opt/airflow/dags/mlops_orchestration.py for tasks to queue
[2026-04-20T15:42:29.583+0000] {logging_mixin.py:188} INFO - [2026-04-20T15:42:29.582+0000] {dagbag.py:545} INFO - Filling up the DagBag from /opt/airflow/dags/mlops_orchestration.py
[2026-04-20T15:42:29.621+0000] {processor.py:840} INFO - DAG(s) 'mlops_orchestration' retrieved from /opt/airflow/dags/mlops_orchestration.py
[2026-04-20T15:42:29.683+0000] {logging_mixin.py:188} INFO - [2026-04-20T15:42:29.683+0000] {dag.py:3096} INFO - Sync 1 DAGs
[2026-04-20T15:42:29.716+0000] {logging_mixin.py:188} INFO - [2026-04-20T15:42:29.715+0000] {dag.py:3954} INFO - Setting next_dagrun for mlops_orchestration to 2026-04-19 02:00:00+00:00, run_after=2026-04-20 02:00:00+00:00
[2026-04-20T15:42:29.753+0000] {processor.py:183} INFO - Processing /opt/airflow/dags/mlops_orchestration.py took 0.181 seconds
[2026-04-20T15:42:59.887+0000] {processor.py:161} INFO - Started process (PID=410) to work on /opt/airflow/dags/mlops_orchestration.py
[2026-04-20T15:42:59.889+0000] {processor.py:830} INFO - Processing file /opt/airflow/dags/mlops_orchestration.py for tasks to queue
[2026-04-20T15:42:59.893+0000] {logging_mixin.py:188} INFO - [2026-04-20T15:42:59.891+0000] {dagbag.py:545} INFO - Filling up the DagBag from /opt/airflow/dags/mlops_orchestration.py
[2026-04-20T15:42:59.923+0000] {processor.py:840} INFO - DAG(s) 'mlops_orchestration' retrieved from /opt/airflow/dags/mlops_orchestration.py
[2026-04-20T15:42:59.965+0000] {logging_mixin.py:188} INFO - [2026-04-20T15:42:59.965+0000] {dag.py:3096} INFO - Sync 1 DAGs
[2026-04-20T15:42:59.990+0000] {logging_mixin.py:188} INFO - [2026-04-20T15:42:59.989+0000] {dag.py:3954} INFO - Setting next_dagrun for mlops_orchestration to 2026-04-19 02:00:00+00:00, run_after=2026-04-20 02:00:00+00:00
[2026-04-20T15:43:00.029+0000] {processor.py:183} INFO - Processing /opt/airflow/dags/mlops_orchestration.py took 0.148 seconds
[2026-04-20T15:43:30.204+0000] {processor.py:161} INFO - Started process (PID=411) to work on /opt/airflow/dags/mlops_orchestration.py
[2026-04-20T15:43:30.206+0000] {processor.py:830} INFO - Processing file /opt/airflow/dags/mlops_orchestration.py for tasks to queue
[2026-04-20T15:43:30.209+0000] {logging_mixin.py:188} INFO - [2026-04-20T15:43:30.207+0000] {dagbag.py:545} INFO - Filling up the DagBag from /opt/airflow/dags/mlops_orchestration.py
[2026-04-20T15:43:30.250+0000] {processor.py:840} INFO - DAG(s) 'mlops_orchestration' retrieved from /opt/airflow/dags/mlops_orchestration.py
[2026-04-20T15:43:30.298+0000] {logging_mixin.py:188} INFO - [2026-04-20T15:43:30.298+0000] {dag.py:3096} INFO - Sync 1 DAGs
[2026-04-20T15:43:30.326+0000] {logging_mixin.py:188} INFO - [2026-04-20T15:43:30.326+0000] {dag.py:3954} INFO - Setting next_dagrun for mlops_orchestration to 2026-04-19 02:00:00+00:00, run_after=2026-04-20 02:00:00+00:00
[2026-04-20T15:43:30.357+0000] {processor.py:183} INFO - Processing /opt/airflow/dags/mlops_orchestration.py took 0.162 seconds
[2026-04-20T15:44:00.522+0000] {processor.py:161} INFO - Started process (PID=412) to work on /opt/airflow/dags/mlops_orchestration.py
[2026-04-20T15:44:00.523+0000] {processor.py:830} INFO - Processing file /opt/airflow/dags/mlops_orchestration.py for tasks to queue
[2026-04-20T15:44:00.532+0000] {logging_mixin.py:188} INFO - [2026-04-20T15:44:00.525+0000] {dagbag.py:545} INFO - Filling up the DagBag from /opt/airflow/dags/mlops_orchestration.py
[2026-04-20T15:44:00.591+0000] {processor.py:840} INFO - DAG(s) 'mlops_orchestration' retrieved from /opt/airflow/dags/mlops_orchestration.py
[2026-04-20T15:44:00.637+0000] {logging_mixin.py:188} INFO - [2026-04-20T15:44:00.636+0000] {dag.py:3096} INFO - Sync 1 DAGs
[2026-04-20T15:44:00.658+0000] {logging_mixin.py:188} INFO - [2026-04-20T15:44:00.658+0000] {dag.py:3954} INFO - Setting next_dagrun for mlops_orchestration to 2026-04-19 02:00:00+00:00, run_after=2026-04-20 02:00:00+00:00
[2026-04-20T15:44:00.691+0000] {processor.py:183} INFO - Processing /opt/airflow/dags/mlops_orchestration.py took 0.177 seconds
[2026-04-20T15:44:30.893+0000] {processor.py:161} INFO - Started process (PID=413) to work on /opt/airflow/dags/mlops_orchestration.py
[2026-04-20T15:44:30.894+0000] {processor.py:830} INFO - Processing file /opt/airflow/dags/mlops_orchestration.py for tasks to queue
[2026-04-20T15:44:30.896+0000] {logging_mixin.py:188} INFO - [2026-04-20T15:44:30.895+0000] {dagbag.py:545} INFO - Filling up the DagBag from /opt/airflow/dags/mlops_orchestration.py
[2026-04-20T15:44:30.926+0000] {processor.py:840} INFO - DAG(s) 'mlops_orchestration' retrieved from /opt/airflow/dags/mlops_orchestration.py
[2026-04-20T15:44:30.973+0000] {logging_mixin.py:188} INFO - [2026-04-20T15:44:30.972+0000] {dag.py:3096} INFO - Sync 1 DAGs
[2026-04-20T15:44:30.998+0000] {logging_mixin.py:188} INFO - [2026-04-20T15:44:30.998+0000] {dag.py:3954} INFO - Setting next_dagrun for mlops_orchestration to 2026-04-19 02:00:00+00:00, run_after=2026-04-20 02:00:00+00:00
[2026-04-20T15:44:31.028+0000] {processor.py:183} INFO - Processing /opt/airflow/dags/mlops_orchestration.py took 0.144 seconds
[2026-04-20T15:45:01.209+0000] {processor.py:161} INFO - Started process (PID=414) to work on /opt/airflow/dags/mlops_orchestration.py
[2026-04-20T15:45:01.212+0000] {processor.py:830} INFO - Processing file /opt/airflow/dags/mlops_orchestration.py for tasks to queue
[2026-04-20T15:45:01.216+0000] {logging_mixin.py:188} INFO - [2026-04-20T15:45:01.215+0000] {dagbag.py:545} INFO - Filling up the DagBag from /opt/airflow/dags/mlops_orchestration.py
[2026-04-20T15:45:01.266+0000] {processor.py:840} INFO - DAG(s) 'mlops_orchestration' retrieved from /opt/airflow/dags/mlops_orchestration.py
[2026-04-20T15:45:01.326+0000] {logging_mixin.py:188} INFO - [2026-04-20T15:45:01.325+0000] {dag.py:3096} INFO - Sync 1 DAGs
[2026-04-20T15:45:01.371+0000] {logging_mixin.py:188} INFO - [2026-04-20T15:45:01.370+0000] {dag.py:3954} INFO - Setting next_dagrun for mlops_orchestration to 2026-04-19 02:00:00+00:00, run_after=2026-04-20 02:00:00+00:00
[2026-04-20T15:45:01.414+0000] {processor.py:183} INFO - Processing /opt/airflow/dags/mlops_orchestration.py took 0.218 seconds
[2026-04-20T15:45:31.618+0000] {processor.py:161} INFO - Started process (PID=415) to work on /opt/airflow/dags/mlops_orchestration.py
[2026-04-20T15:45:31.620+0000] {processor.py:830} INFO - Processing file /opt/airflow/dags/mlops_orchestration.py for tasks to queue
[2026-04-20T15:45:31.623+0000] {logging_mixin.py:188} INFO - [2026-04-20T15:45:31.622+0000] {dagbag.py:545} INFO - Filling up the DagBag from /opt/airflow/dags/mlops_orchestration.py
[2026-04-20T15:45:31.663+0000] {processor.py:840} INFO - DAG(s) 'mlops_orchestration' retrieved from /opt/airflow/dags/mlops_orchestration.py
[2026-04-20T15:45:31.703+0000] {logging_mixin.py:188} INFO - [2026-04-20T15:45:31.702+0000] {dag.py:3096} INFO - Sync 1 DAGs
[2026-04-20T15:45:31.731+0000] {logging_mixin.py:188} INFO - [2026-04-20T15:45:31.731+0000] {dag.py:3954} INFO - Setting next_dagrun for mlops_orchestration to 2026-04-19 02:00:00+00:00, run_after=2026-04-20 02:00:00+00:00
[2026-04-20T15:45:31.761+0000] {processor.py:183} INFO - Processing /opt/airflow/dags/mlops_orchestration.py took 0.153 seconds
[2026-04-20T15:46:01.906+0000] {processor.py:161} INFO - Started process (PID=416) to work on /opt/airflow/dags/mlops_orchestration.py
[2026-04-20T15:46:01.908+0000] {processor.py:830} INFO - Processing file /opt/airflow/dags/mlops_orchestration.py for tasks to queue
[2026-04-20T15:46:01.911+0000] {logging_mixin.py:188} INFO - [2026-04-20T15:46:01.910+0000] {dagbag.py:545} INFO - Filling up the DagBag from /opt/airflow/dags/mlops_orchestration.py
[2026-04-20T15:46:01.943+0000] {processor.py:840} INFO - DAG(s) 'mlops_orchestration' retrieved from /opt/airflow/dags/mlops_orchestration.py
[2026-04-20T15:46:01.984+0000] {logging_mixin.py:188} INFO - [2026-04-20T15:46:01.984+0000] {dag.py:3096} INFO - Sync 1 DAGs
[2026-04-20T15:46:02.015+0000] {logging_mixin.py:188} INFO - [2026-04-20T15:46:02.015+0000] {dag.py:3954} INFO - Setting next_dagrun for mlops_orchestration to 2026-04-19 02:00:00+00:00, run_after=2026-04-20 02:00:00+00:00
[2026-04-20T15:46:02.047+0000] {processor.py:183} INFO - Processing /opt/airflow/dags/mlops_orchestration.py took 0.150 seconds
[2026-04-20T15:46:32.214+0000] {processor.py:161} INFO - Started process (PID=417) to work on /opt/airflow/dags/mlops_orchestration.py
[2026-04-20T15:46:32.219+0000] {processor.py:830} INFO - Processing file /opt/airflow/dags/mlops_orchestration.py for tasks to queue
[2026-04-20T15:46:32.224+0000] {logging_mixin.py:188} INFO - [2026-04-20T15:46:32.224+0000] {dagbag.py:545} INFO - Filling up the DagBag from /opt/airflow/dags/mlops_orchestration.py
[2026-04-20T15:46:32.264+0000] {processor.py:840} INFO - DAG(s) 'mlops_orchestration' retrieved from /opt/airflow/dags/mlops_orchestration.py
[2026-04-20T15:46:32.309+0000] {logging_mixin.py:188} INFO - [2026-04-20T15:46:32.307+0000] {dag.py:3096} INFO - Sync 1 DAGs
[2026-04-20T15:46:32.351+0000] {logging_mixin.py:188} INFO - [2026-04-20T15:46:32.351+0000] {dag.py:3954} INFO - Setting next_dagrun for mlops_orchestration to 2026-04-19 02:00:00+00:00, run_after=2026-04-20 02:00:00+00:00
[2026-04-20T15:46:32.393+0000] {processor.py:183} INFO - Processing /opt/airflow/dags/mlops_orchestration.py took 0.185 seconds
[2026-04-20T15:47:02.645+0000] {processor.py:161} INFO - Started process (PID=418) to work on /opt/airflow/dags/mlops_orchestration.py
[2026-04-20T15:47:02.646+0000] {processor.py:830} INFO - Processing file /opt/airflow/dags/mlops_orchestration.py for tasks to queue
[2026-04-20T15:47:02.649+0000] {logging_mixin.py:188} INFO - [2026-04-20T15:47:02.649+0000] {dagbag.py:545} INFO - Filling up the DagBag from /opt/airflow/dags/mlops_orchestration.py
[2026-04-20T15:47:02.684+0000] {processor.py:840} INFO - DAG(s) 'mlops_orchestration' retrieved from /opt/airflow/dags/mlops_orchestration.py
[2026-04-20T15:47:02.729+0000] {logging_mixin.py:188} INFO - [2026-04-20T15:47:02.729+0000] {dag.py:3096} INFO - Sync 1 DAGs
[2026-04-20T15:47:02.755+0000] {logging_mixin.py:188} INFO - [2026-04-20T15:47:02.754+0000] {dag.py:3954} INFO - Setting next_dagrun for mlops_orchestration to 2026-04-19 02:00:00+00:00, run_after=2026-04-20 02:00:00+00:00
[2026-04-20T15:47:02.785+0000] {processor.py:183} INFO - Processing /opt/airflow/dags/mlops_orchestration.py took 0.148 seconds
[2026-04-20T15:47:32.936+0000] {processor.py:161} INFO - Started process (PID=419) to work on /opt/airflow/dags/mlops_orchestration.py
[2026-04-20T15:47:32.938+0000] {processor.py:830} INFO - Processing file /opt/airflow/dags/mlops_orchestration.py for tasks to queue
[2026-04-20T15:47:32.941+0000] {logging_mixin.py:188} INFO - [2026-04-20T15:47:32.940+0000] {dagbag.py:545} INFO - Filling up the DagBag from /opt/airflow/dags/mlops_orchestration.py
[2026-04-20T15:47:32.976+0000] {processor.py:840} INFO - DAG(s) 'mlops_orchestration' retrieved from /opt/airflow/dags/mlops_orchestration.py
[2026-04-20T15:47:33.032+0000] {logging_mixin.py:188} INFO - [2026-04-20T15:47:33.032+0000] {dag.py:3096} INFO - Sync 1 DAGs
[2026-04-20T15:47:33.061+0000] {logging_mixin.py:188} INFO - [2026-04-20T15:47:33.061+0000] {dag.py:3954} INFO - Setting next_dagrun for mlops_orchestration to 2026-04-19 02:00:00+00:00, run_after=2026-04-20 02:00:00+00:00
[2026-04-20T15:47:33.090+0000] {processor.py:183} INFO - Processing /opt/airflow/dags/mlops_orchestration.py took 0.163 seconds
[2026-04-20T15:48:03.248+0000] {processor.py:161} INFO - Started process (PID=420) to work on /opt/airflow/dags/mlops_orchestration.py
[2026-04-20T15:48:03.250+0000] {processor.py:830} INFO - Processing file /opt/airflow/dags/mlops_orchestration.py for tasks to queue
[2026-04-20T15:48:03.255+0000] {logging_mixin.py:188} INFO - [2026-04-20T15:48:03.253+0000] {dagbag.py:545} INFO - Filling up the DagBag from /opt/airflow/dags/mlops_orchestration.py
[2026-04-20T15:48:03.294+0000] {processor.py:840} INFO - DAG(s) 'mlops_orchestration' retrieved from /opt/airflow/dags/mlops_orchestration.py
[2026-04-20T15:48:03.346+0000] {logging_mixin.py:188} INFO - [2026-04-20T15:48:03.346+0000] {dag.py:3096} INFO - Sync 1 DAGs
[2026-04-20T15:48:03.380+0000] {logging_mixin.py:188} INFO - [2026-04-20T15:48:03.380+0000] {dag.py:3954} INFO - Setting next_dagrun for mlops_orchestration to 2026-04-19 02:00:00+00:00, run_after=2026-04-20 02:00:00+00:00
[2026-04-20T15:48:03.417+0000] {processor.py:183} INFO - Processing /opt/airflow/dags/mlops_orchestration.py took 0.177 seconds
[2026-04-20T15:48:33.606+0000] {processor.py:161} INFO - Started process (PID=421) to work on /opt/airflow/dags/mlops_orchestration.py
[2026-04-20T15:48:33.608+0000] {processor.py:830} INFO - Processing file /opt/airflow/dags/mlops_orchestration.py for tasks to queue
[2026-04-20T15:48:33.611+0000] {logging_mixin.py:188} INFO - [2026-04-20T15:48:33.611+0000] {dagbag.py:545} INFO - Filling up the DagBag from /opt/airflow/dags/mlops_orchestration.py
[2026-04-20T15:48:33.654+0000] {processor.py:840} INFO - DAG(s) 'mlops_orchestration' retrieved from /opt/airflow/dags/mlops_orchestration.py
[2026-04-20T15:48:33.706+0000] {logging_mixin.py:188} INFO - [2026-04-20T15:48:33.706+0000] {dag.py:3096} INFO - Sync 1 DAGs
[2026-04-20T15:48:33.733+0000] {logging_mixin.py:188} INFO - [2026-04-20T15:48:33.733+0000] {dag.py:3954} INFO - Setting next_dagrun for mlops_orchestration to 2026-04-19 02:00:00+00:00, run_after=2026-04-20 02:00:00+00:00
[2026-04-20T15:48:33.764+0000] {processor.py:183} INFO - Processing /opt/airflow/dags/mlops_orchestration.py took 0.185 seconds
[2026-04-20T15:49:03.920+0000] {processor.py:161} INFO - Started process (PID=422) to work on /opt/airflow/dags/mlops_orchestration.py
[2026-04-20T15:49:03.922+0000] {processor.py:830} INFO - Processing file /opt/airflow/dags/mlops_orchestration.py for tasks to queue
[2026-04-20T15:49:03.925+0000] {logging_mixin.py:188} INFO - [2026-04-20T15:49:03.924+0000] {dagbag.py:545} INFO - Filling up the DagBag from /opt/airflow/dags/mlops_orchestration.py
[2026-04-20T15:49:03.973+0000] {processor.py:840} INFO - DAG(s) 'mlops_orchestration' retrieved from /opt/airflow/dags/mlops_orchestration.py
[2026-04-20T15:49:04.028+0000] {logging_mixin.py:188} INFO - [2026-04-20T15:49:04.027+0000] {dag.py:3096} INFO - Sync 1 DAGs
[2026-04-20T15:49:04.058+0000] {logging_mixin.py:188} INFO - [2026-04-20T15:49:04.058+0000] {dag.py:3954} INFO - Setting next_dagrun for mlops_orchestration to 2026-04-19 02:00:00+00:00, run_after=2026-04-20 02:00:00+00:00
[2026-04-20T15:49:04.087+0000] {processor.py:183} INFO - Processing /opt/airflow/dags/mlops_orchestration.py took 0.177 seconds
[2026-04-20T15:49:34.315+0000] {processor.py:161} INFO - Started process (PID=423) to work on /opt/airflow/dags/mlops_orchestration.py
[2026-04-20T15:49:34.317+0000] {processor.py:830} INFO - Processing file /opt/airflow/dags/mlops_orchestration.py for tasks to queue
[2026-04-20T15:49:34.320+0000] {logging_mixin.py:188} INFO - [2026-04-20T15:49:34.319+0000] {dagbag.py:545} INFO - Filling up the DagBag from /opt/airflow/dags/mlops_orchestration.py
[2026-04-20T15:49:34.360+0000] {processor.py:840} INFO - DAG(s) 'mlops_orchestration' retrieved from /opt/airflow/dags/mlops_orchestration.py
[2026-04-20T15:49:34.415+0000] {logging_mixin.py:188} INFO - [2026-04-20T15:49:34.415+0000] {dag.py:3096} INFO - Sync 1 DAGs
[2026-04-20T15:49:34.442+0000] {logging_mixin.py:188} INFO - [2026-04-20T15:49:34.442+0000] {dag.py:3954} INFO - Setting next_dagrun for mlops_orchestration to 2026-04-19 02:00:00+00:00, run_after=2026-04-20 02:00:00+00:00
[2026-04-20T15:49:34.466+0000] {processor.py:183} INFO - Processing /opt/airflow/dags/mlops_orchestration.py took 0.160 seconds
[2026-04-20T15:50:04.712+0000] {processor.py:161} INFO - Started process (PID=424) to work on /opt/airflow/dags/mlops_orchestration.py
[2026-04-20T15:50:04.714+0000] {processor.py:830} INFO - Processing file /opt/airflow/dags/mlops_orchestration.py for tasks to queue
[2026-04-20T15:50:04.716+0000] {logging_mixin.py:188} INFO - [2026-04-20T15:50:04.715+0000] {dagbag.py:545} INFO - Filling up the DagBag from /opt/airflow/dags/mlops_orchestration.py
[2026-04-20T15:50:04.751+0000] {processor.py:840} INFO - DAG(s) 'mlops_orchestration' retrieved from /opt/airflow/dags/mlops_orchestration.py
[2026-04-20T15:50:04.794+0000] {logging_mixin.py:188} INFO - [2026-04-20T15:50:04.793+0000] {dag.py:3096} INFO - Sync 1 DAGs
[2026-04-20T15:50:04.822+0000] {logging_mixin.py:188} INFO - [2026-04-20T15:50:04.822+0000] {dag.py:3954} INFO - Setting next_dagrun for mlops_orchestration to 2026-04-19 02:00:00+00:00, run_after=2026-04-20 02:00:00+00:00
[2026-04-20T15:50:04.859+0000] {processor.py:183} INFO - Processing /opt/airflow/dags/mlops_orchestration.py took 0.154 seconds
[2026-04-20T15:50:35.014+0000] {processor.py:161} INFO - Started process (PID=425) to work on /opt/airflow/dags/mlops_orchestration.py
[2026-04-20T15:50:35.015+0000] {processor.py:830} INFO - Processing file /opt/airflow/dags/mlops_orchestration.py for tasks to queue
[2026-04-20T15:50:35.019+0000] {logging_mixin.py:188} INFO - [2026-04-20T15:50:35.018+0000] {dagbag.py:545} INFO - Filling up the DagBag from /opt/airflow/dags/mlops_orchestration.py
[2026-04-20T15:50:35.058+0000] {processor.py:840} INFO - DAG(s) 'mlops_orchestration' retrieved from /opt/airflow/dags/mlops_orchestration.py
[2026-04-20T15:50:35.110+0000] {logging_mixin.py:188} INFO - [2026-04-20T15:50:35.109+0000] {dag.py:3096} INFO - Sync 1 DAGs
[2026-04-20T15:50:35.142+0000] {logging_mixin.py:188} INFO - [2026-04-20T15:50:35.142+0000] {dag.py:3954} INFO - Setting next_dagrun for mlops_orchestration to 2026-04-19 02:00:00+00:00, run_after=2026-04-20 02:00:00+00:00
[2026-04-20T15:50:35.173+0000] {processor.py:183} INFO - Processing /opt/airflow/dags/mlops_orchestration.py took 0.165 seconds
[2026-04-20T15:51:05.363+0000] {processor.py:161} INFO - Started process (PID=426) to work on /opt/airflow/dags/mlops_orchestration.py
[2026-04-20T15:51:05.365+0000] {processor.py:830} INFO - Processing file /opt/airflow/dags/mlops_orchestration.py for tasks to queue
[2026-04-20T15:51:05.369+0000] {logging_mixin.py:188} INFO - [2026-04-20T15:51:05.368+0000] {dagbag.py:545} INFO - Filling up the DagBag from /opt/airflow/dags/mlops_orchestration.py
[2026-04-20T15:51:05.425+0000] {processor.py:840} INFO - DAG(s) 'mlops_orchestration' retrieved from /opt/airflow/dags/mlops_orchestration.py
[2026-04-20T15:51:05.493+0000] {logging_mixin.py:188} INFO - [2026-04-20T15:51:05.491+0000] {dag.py:3096} INFO - Sync 1 DAGs
[2026-04-20T15:51:05.543+0000] {logging_mixin.py:188} INFO - [2026-04-20T15:51:05.541+0000] {dag.py:3954} INFO - Setting next_dagrun for mlops_orchestration to 2026-04-19 02:00:00+00:00, run_after=2026-04-20 02:00:00+00:00
[2026-04-20T15:51:05.580+0000] {processor.py:183} INFO - Processing /opt/airflow/dags/mlops_orchestration.py took 0.230 seconds
[2026-04-20T15:51:35.756+0000] {processor.py:161} INFO - Started process (PID=427) to work on /opt/airflow/dags/mlops_orchestration.py
[2026-04-20T15:51:35.758+0000] {processor.py:830} INFO - Processing file /opt/airflow/dags/mlops_orchestration.py for tasks to queue
[2026-04-20T15:51:35.760+0000] {logging_mixin.py:188} INFO - [2026-04-20T15:51:35.760+0000] {dagbag.py:545} INFO - Filling up the DagBag from /opt/airflow/dags/mlops_orchestration.py
[2026-04-20T15:51:35.790+0000] {processor.py:840} INFO - DAG(s) 'mlops_orchestration' retrieved from /opt/airflow/dags/mlops_orchestration.py
[2026-04-20T15:51:35.832+0000] {logging_mixin.py:188} INFO - [2026-04-20T15:51:35.832+0000] {dag.py:3096} INFO - Sync 1 DAGs
[2026-04-20T15:51:35.862+0000] {logging_mixin.py:188} INFO - [2026-04-20T15:51:35.861+0000] {dag.py:3954} INFO - Setting next_dagrun for mlops_orchestration to 2026-04-19 02:00:00+00:00, run_after=2026-04-20 02:00:00+00:00
[2026-04-20T15:51:35.887+0000] {processor.py:183} INFO - Processing /opt/airflow/dags/mlops_orchestration.py took 0.138 seconds
[2026-04-20T15:52:06.039+0000] {processor.py:161} INFO - Started process (PID=428) to work on /opt/airflow/dags/mlops_orchestration.py
[2026-04-20T15:52:06.041+0000] {processor.py:830} INFO - Processing file /opt/airflow/dags/mlops_orchestration.py for tasks to queue
[2026-04-20T15:52:06.044+0000] {logging_mixin.py:188} INFO - [2026-04-20T15:52:06.044+0000] {dagbag.py:545} INFO - Filling up the DagBag from /opt/airflow/dags/mlops_orchestration.py
[2026-04-20T15:52:06.075+0000] {processor.py:840} INFO - DAG(s) 'mlops_orchestration' retrieved from /opt/airflow/dags/mlops_orchestration.py
[2026-04-20T15:52:06.120+0000] {logging_mixin.py:188} INFO - [2026-04-20T15:52:06.119+0000] {dag.py:3096} INFO - Sync 1 DAGs
[2026-04-20T15:52:06.153+0000] {logging_mixin.py:188} INFO - [2026-04-20T15:52:06.152+0000] {dag.py:3954} INFO - Setting next_dagrun for mlops_orchestration to 2026-04-19 02:00:00+00:00, run_after=2026-04-20 02:00:00+00:00
[2026-04-20T15:52:06.181+0000] {processor.py:183} INFO - Processing /opt/airflow/dags/mlops_orchestration.py took 0.150 seconds
[2026-04-20T15:52:36.326+0000] {processor.py:161} INFO - Started process (PID=429) to work on /opt/airflow/dags/mlops_orchestration.py
[2026-04-20T15:52:36.328+0000] {processor.py:830} INFO - Processing file /opt/airflow/dags/mlops_orchestration.py for tasks to queue
[2026-04-20T15:52:36.331+0000] {logging_mixin.py:188} INFO - [2026-04-20T15:52:36.330+0000] {dagbag.py:545} INFO - Filling up the DagBag from /opt/airflow/dags/mlops_orchestration.py
[2026-04-20T15:52:36.366+0000] {processor.py:840} INFO - DAG(s) 'mlops_orchestration' retrieved from /opt/airflow/dags/mlops_orchestration.py
[2026-04-20T15:52:36.412+0000] {logging_mixin.py:188} INFO - [2026-04-20T15:52:36.411+0000] {dag.py:3096} INFO - Sync 1 DAGs
[2026-04-20T15:52:36.434+0000] {logging_mixin.py:188} INFO - [2026-04-20T15:52:36.434+0000] {dag.py:3954} INFO - Setting next_dagrun for mlops_orchestration to 2026-04-19 02:00:00+00:00, run_after=2026-04-20 02:00:00+00:00
[2026-04-20T15:52:36.460+0000] {processor.py:183} INFO - Processing /opt/airflow/dags/mlops_orchestration.py took 0.144 seconds
[2026-04-20T15:53:06.602+0000] {processor.py:161} INFO - Started process (PID=430) to work on /opt/airflow/dags/mlops_orchestration.py
[2026-04-20T15:53:06.603+0000] {processor.py:830} INFO - Processing file /opt/airflow/dags/mlops_orchestration.py for tasks to queue
[2026-04-20T15:53:06.605+0000] {logging_mixin.py:188} INFO - [2026-04-20T15:53:06.605+0000] {dagbag.py:545} INFO - Filling up the DagBag from /opt/airflow/dags/mlops_orchestration.py
[2026-04-20T15:53:06.627+0000] {processor.py:840} INFO - DAG(s) 'mlops_orchestration' retrieved from /opt/airflow/dags/mlops_orchestration.py
[2026-04-20T15:53:06.659+0000] {logging_mixin.py:188} INFO - [2026-04-20T15:53:06.659+0000] {dag.py:3096} INFO - Sync 1 DAGs
[2026-04-20T15:53:06.681+0000] {logging_mixin.py:188} INFO - [2026-04-20T15:53:06.681+0000] {dag.py:3954} INFO - Setting next_dagrun for mlops_orchestration to 2026-04-19 02:00:00+00:00, run_after=2026-04-20 02:00:00+00:00
[2026-04-20T15:53:06.701+0000] {processor.py:183} INFO - Processing /opt/airflow/dags/mlops_orchestration.py took 0.105 seconds
[2026-04-20T15:53:36.895+0000] {processor.py:161} INFO - Started process (PID=431) to work on /opt/airflow/dags/mlops_orchestration.py
[2026-04-20T15:53:36.897+0000] {processor.py:830} INFO - Processing file /opt/airflow/dags/mlops_orchestration.py for tasks to queue
[2026-04-20T15:53:36.900+0000] {logging_mixin.py:188} INFO - [2026-04-20T15:53:36.899+0000] {dagbag.py:545} INFO - Filling up the DagBag from /opt/airflow/dags/mlops_orchestration.py
[2026-04-20T15:53:36.929+0000] {processor.py:840} INFO - DAG(s) 'mlops_orchestration' retrieved from /opt/airflow/dags/mlops_orchestration.py
[2026-04-20T15:53:36.969+0000] {logging_mixin.py:188} INFO - [2026-04-20T15:53:36.969+0000] {dag.py:3096} INFO - Sync 1 DAGs
[2026-04-20T15:53:36.992+0000] {logging_mixin.py:188} INFO - [2026-04-20T15:53:36.992+0000] {dag.py:3954} INFO - Setting next_dagrun for mlops_orchestration to 2026-04-19 02:00:00+00:00, run_after=2026-04-20 02:00:00+00:00
[2026-04-20T15:53:37.016+0000] {processor.py:183} INFO - Processing /opt/airflow/dags/mlops_orchestration.py took 0.128 seconds
[2026-04-20T15:54:07.162+0000] {processor.py:161} INFO - Started process (PID=432) to work on /opt/airflow/dags/mlops_orchestration.py
[2026-04-20T15:54:07.165+0000] {processor.py:830} INFO - Processing file /opt/airflow/dags/mlops_orchestration.py for tasks to queue
[2026-04-20T15:54:07.167+0000] {logging_mixin.py:188} INFO - [2026-04-20T15:54:07.166+0000] {dagbag.py:545} INFO - Filling up the DagBag from /opt/airflow/dags/mlops_orchestration.py
[2026-04-20T15:54:07.192+0000] {processor.py:840} INFO - DAG(s) 'mlops_orchestration' retrieved from /opt/airflow/dags/mlops_orchestration.py
[2026-04-20T15:54:07.225+0000] {logging_mixin.py:188} INFO - [2026-04-20T15:54:07.225+0000] {dag.py:3096} INFO - Sync 1 DAGs
[2026-04-20T15:54:07.250+0000] {logging_mixin.py:188} INFO - [2026-04-20T15:54:07.250+0000] {dag.py:3954} INFO - Setting next_dagrun for mlops_orchestration to 2026-04-19 02:00:00+00:00, run_after=2026-04-20 02:00:00+00:00
[2026-04-20T15:54:07.273+0000] {processor.py:183} INFO - Processing /opt/airflow/dags/mlops_orchestration.py took 0.118 seconds
[2026-04-20T15:54:37.446+0000] {processor.py:161} INFO - Started process (PID=433) to work on /opt/airflow/dags/mlops_orchestration.py
[2026-04-20T15:54:37.452+0000] {processor.py:830} INFO - Processing file /opt/airflow/dags/mlops_orchestration.py for tasks to queue
[2026-04-20T15:54:37.454+0000] {logging_mixin.py:188} INFO - [2026-04-20T15:54:37.454+0000] {dagbag.py:545} INFO - Filling up the DagBag from /opt/airflow/dags/mlops_orchestration.py
[2026-04-20T15:54:37.477+0000] {processor.py:840} INFO - DAG(s) 'mlops_orchestration' retrieved from /opt/airflow/dags/mlops_orchestration.py
[2026-04-20T15:54:37.512+0000] {logging_mixin.py:188} INFO - [2026-04-20T15:54:37.511+0000] {dag.py:3096} INFO - Sync 1 DAGs
[2026-04-20T15:54:37.531+0000] {logging_mixin.py:188} INFO - [2026-04-20T15:54:37.531+0000] {dag.py:3954} INFO - Setting next_dagrun for mlops_orchestration to 2026-04-19 02:00:00+00:00, run_after=2026-04-20 02:00:00+00:00
[2026-04-20T15:54:37.551+0000] {processor.py:183} INFO - Processing /opt/airflow/dags/mlops_orchestration.py took 0.110 seconds
[2026-04-20T15:55:07.722+0000] {processor.py:161} INFO - Started process (PID=434) to work on /opt/airflow/dags/mlops_orchestration.py
[2026-04-20T15:55:07.723+0000] {processor.py:830} INFO - Processing file /opt/airflow/dags/mlops_orchestration.py for tasks to queue
[2026-04-20T15:55:07.725+0000] {logging_mixin.py:188} INFO - [2026-04-20T15:55:07.725+0000] {dagbag.py:545} INFO - Filling up the DagBag from /opt/airflow/dags/mlops_orchestration.py
[2026-04-20T15:55:07.748+0000] {processor.py:840} INFO - DAG(s) 'mlops_orchestration' retrieved from /opt/airflow/dags/mlops_orchestration.py
[2026-04-20T15:55:07.782+0000] {logging_mixin.py:188} INFO - [2026-04-20T15:55:07.781+0000] {dag.py:3096} INFO - Sync 1 DAGs
[2026-04-20T15:55:07.800+0000] {logging_mixin.py:188} INFO - [2026-04-20T15:55:07.799+0000] {dag.py:3954} INFO - Setting next_dagrun for mlops_orchestration to 2026-04-19 02:00:00+00:00, run_after=2026-04-20 02:00:00+00:00
[2026-04-20T15:55:07.820+0000] {processor.py:183} INFO - Processing /opt/airflow/dags/mlops_orchestration.py took 0.103 seconds
[2026-04-20T15:55:38.002+0000] {processor.py:161} INFO - Started process (PID=435) to work on /opt/airflow/dags/mlops_orchestration.py
[2026-04-20T15:55:38.003+0000] {processor.py:830} INFO - Processing file /opt/airflow/dags/mlops_orchestration.py for tasks to queue
[2026-04-20T15:55:38.005+0000] {logging_mixin.py:188} INFO - [2026-04-20T15:55:38.004+0000] {dagbag.py:545} INFO - Filling up the DagBag from /opt/airflow/dags/mlops_orchestration.py
[2026-04-20T15:55:38.028+0000] {processor.py:840} INFO - DAG(s) 'mlops_orchestration' retrieved from /opt/airflow/dags/mlops_orchestration.py
[2026-04-20T15:55:38.061+0000] {logging_mixin.py:188} INFO - [2026-04-20T15:55:38.061+0000] {dag.py:3096} INFO - Sync 1 DAGs
[2026-04-20T15:55:38.081+0000] {logging_mixin.py:188} INFO - [2026-04-20T15:55:38.081+0000] {dag.py:3954} INFO - Setting next_dagrun for mlops_orchestration to 2026-04-19 02:00:00+00:00, run_after=2026-04-20 02:00:00+00:00
[2026-04-20T15:55:38.107+0000] {processor.py:183} INFO - Processing /opt/airflow/dags/mlops_orchestration.py took 0.111 seconds
[2026-04-20T15:56:08.290+0000] {processor.py:161} INFO - Started process (PID=436) to work on /opt/airflow/dags/mlops_orchestration.py
[2026-04-20T15:56:08.291+0000] {processor.py:830} INFO - Processing file /opt/airflow/dags/mlops_orchestration.py for tasks to queue
[2026-04-20T15:56:08.293+0000] {logging_mixin.py:188} INFO - [2026-04-20T15:56:08.292+0000] {dagbag.py:545} INFO - Filling up the DagBag from /opt/airflow/dags/mlops_orchestration.py
[2026-04-20T15:56:08.313+0000] {processor.py:840} INFO - DAG(s) 'mlops_orchestration' retrieved from /opt/airflow/dags/mlops_orchestration.py
[2026-04-20T15:56:08.346+0000] {logging_mixin.py:188} INFO - [2026-04-20T15:56:08.346+0000] {dag.py:3096} INFO - Sync 1 DAGs
[2026-04-20T15:56:08.364+0000] {logging_mixin.py:188} INFO - [2026-04-20T15:56:08.364+0000] {dag.py:3954} INFO - Setting next_dagrun for mlops_orchestration to 2026-04-19 02:00:00+00:00, run_after=2026-04-20 02:00:00+00:00
[2026-04-20T15:56:08.384+0000] {processor.py:183} INFO - Processing /opt/airflow/dags/mlops_orchestration.py took 0.101 seconds
[2026-04-20T15:56:38.554+0000] {processor.py:161} INFO - Started process (PID=437) to work on /opt/airflow/dags/mlops_orchestration.py
[2026-04-20T15:56:38.555+0000] {processor.py:830} INFO - Processing file /opt/airflow/dags/mlops_orchestration.py for tasks to queue
[2026-04-20T15:56:38.557+0000] {logging_mixin.py:188} INFO - [2026-04-20T15:56:38.557+0000] {dagbag.py:545} INFO - Filling up the DagBag from /opt/airflow/dags/mlops_orchestration.py
[2026-04-20T15:56:38.579+0000] {processor.py:840} INFO - DAG(s) 'mlops_orchestration' retrieved from /opt/airflow/dags/mlops_orchestration.py
[2026-04-20T15:56:38.610+0000] {logging_mixin.py:188} INFO - [2026-04-20T15:56:38.610+0000] {dag.py:3096} INFO - Sync 1 DAGs
[2026-04-20T15:56:38.632+0000] {logging_mixin.py:188} INFO - [2026-04-20T15:56:38.631+0000] {dag.py:3954} INFO - Setting next_dagrun for mlops_orchestration to 2026-04-19 02:00:00+00:00, run_after=2026-04-20 02:00:00+00:00
[2026-04-20T15:56:38.652+0000] {processor.py:183} INFO - Processing /opt/airflow/dags/mlops_orchestration.py took 0.104 seconds
[2026-04-20T15:57:08.840+0000] {processor.py:161} INFO - Started process (PID=438) to work on /opt/airflow/dags/mlops_orchestration.py
[2026-04-20T15:57:08.841+0000] {processor.py:830} INFO - Processing file /opt/airflow/dags/mlops_orchestration.py for tasks to queue
[2026-04-20T15:57:08.843+0000] {logging_mixin.py:188} INFO - [2026-04-20T15:57:08.842+0000] {dagbag.py:545} INFO - Filling up the DagBag from /opt/airflow/dags/mlops_orchestration.py
[2026-04-20T15:57:08.863+0000] {processor.py:840} INFO - DAG(s) 'mlops_orchestration' retrieved from /opt/airflow/dags/mlops_orchestration.py
[2026-04-20T15:57:08.895+0000] {logging_mixin.py:188} INFO - [2026-04-20T15:57:08.894+0000] {dag.py:3096} INFO - Sync 1 DAGs
[2026-04-20T15:57:08.914+0000] {logging_mixin.py:188} INFO - [2026-04-20T15:57:08.914+0000] {dag.py:3954} INFO - Setting next_dagrun for mlops_orchestration to 2026-04-19 02:00:00+00:00, run_after=2026-04-20 02:00:00+00:00
[2026-04-20T15:57:08.934+0000] {processor.py:183} INFO - Processing /opt/airflow/dags/mlops_orchestration.py took 0.100 seconds
[2026-04-20T15:57:39.113+0000] {processor.py:161} INFO - Started process (PID=439) to work on /opt/airflow/dags/mlops_orchestration.py
[2026-04-20T15:57:39.114+0000] {processor.py:830} INFO - Processing file /opt/airflow/dags/mlops_orchestration.py for tasks to queue
[2026-04-20T15:57:39.116+0000] {logging_mixin.py:188} INFO - [2026-04-20T15:57:39.116+0000] {dagbag.py:545} INFO - Filling up the DagBag from /opt/airflow/dags/mlops_orchestration.py
[2026-04-20T15:57:39.141+0000] {processor.py:840} INFO - DAG(s) 'mlops_orchestration' retrieved from /opt/airflow/dags/mlops_orchestration.py
[2026-04-20T15:57:39.180+0000] {logging_mixin.py:188} INFO - [2026-04-20T15:57:39.180+0000] {dag.py:3096} INFO - Sync 1 DAGs
[2026-04-20T15:57:39.199+0000] {logging_mixin.py:188} INFO - [2026-04-20T15:57:39.199+0000] {dag.py:3954} INFO - Setting next_dagrun for mlops_orchestration to 2026-04-19 02:00:00+00:00, run_after=2026-04-20 02:00:00+00:00
[2026-04-20T15:57:39.221+0000] {processor.py:183} INFO - Processing /opt/airflow/dags/mlops_orchestration.py took 0.114 seconds
[2026-04-20T15:58:09.399+0000] {processor.py:161} INFO - Started process (PID=440) to work on /opt/airflow/dags/mlops_orchestration.py
[2026-04-20T15:58:09.400+0000] {processor.py:830} INFO - Processing file /opt/airflow/dags/mlops_orchestration.py for tasks to queue
[2026-04-20T15:58:09.402+0000] {logging_mixin.py:188} INFO - [2026-04-20T15:58:09.402+0000] {dagbag.py:545} INFO - Filling up the DagBag from /opt/airflow/dags/mlops_orchestration.py
[2026-04-20T15:58:09.425+0000] {processor.py:840} INFO - DAG(s) 'mlops_orchestration' retrieved from /opt/airflow/dags/mlops_orchestration.py
[2026-04-20T15:58:09.461+0000] {logging_mixin.py:188} INFO - [2026-04-20T15:58:09.460+0000] {dag.py:3096} INFO - Sync 1 DAGs
[2026-04-20T15:58:09.480+0000] {logging_mixin.py:188} INFO - [2026-04-20T15:58:09.480+0000] {dag.py:3954} INFO - Setting next_dagrun for mlops_orchestration to 2026-04-19 02:00:00+00:00, run_after=2026-04-20 02:00:00+00:00
[2026-04-20T15:58:09.504+0000] {processor.py:183} INFO - Processing /opt/airflow/dags/mlops_orchestration.py took 0.114 seconds
[2026-04-20T15:58:39.675+0000] {processor.py:161} INFO - Started process (PID=441) to work on /opt/airflow/dags/mlops_orchestration.py
[2026-04-20T15:58:39.676+0000] {processor.py:830} INFO - Processing file /opt/airflow/dags/mlops_orchestration.py for tasks to queue
[2026-04-20T15:58:39.678+0000] {logging_mixin.py:188} INFO - [2026-04-20T15:58:39.678+0000] {dagbag.py:545} INFO - Filling up the DagBag from /opt/airflow/dags/mlops_orchestration.py
[2026-04-20T15:58:39.700+0000] {processor.py:840} INFO - DAG(s) 'mlops_orchestration' retrieved from /opt/airflow/dags/mlops_orchestration.py
[2026-04-20T15:58:39.733+0000] {logging_mixin.py:188} INFO - [2026-04-20T15:58:39.733+0000] {dag.py:3096} INFO - Sync 1 DAGs
[2026-04-20T15:58:39.753+0000] {logging_mixin.py:188} INFO - [2026-04-20T15:58:39.752+0000] {dag.py:3954} INFO - Setting next_dagrun for mlops_orchestration to 2026-04-19 02:00:00+00:00, run_after=2026-04-20 02:00:00+00:00
[2026-04-20T15:58:39.775+0000] {processor.py:183} INFO - Processing /opt/airflow/dags/mlops_orchestration.py took 0.106 seconds
[2026-04-20T15:59:09.953+0000] {processor.py:161} INFO - Started process (PID=442) to work on /opt/airflow/dags/mlops_orchestration.py
[2026-04-20T15:59:09.955+0000] {processor.py:830} INFO - Processing file /opt/airflow/dags/mlops_orchestration.py for tasks to queue
[2026-04-20T15:59:09.956+0000] {logging_mixin.py:188} INFO - [2026-04-20T15:59:09.956+0000] {dagbag.py:545} INFO - Filling up the DagBag from /opt/airflow/dags/mlops_orchestration.py
[2026-04-20T15:59:09.980+0000] {processor.py:840} INFO - DAG(s) 'mlops_orchestration' retrieved from /opt/airflow/dags/mlops_orchestration.py
[2026-04-20T15:59:10.009+0000] {logging_mixin.py:188} INFO - [2026-04-20T15:59:10.009+0000] {dag.py:3096} INFO - Sync 1 DAGs
[2026-04-20T15:59:10.028+0000] {logging_mixin.py:188} INFO - [2026-04-20T15:59:10.027+0000] {dag.py:3954} INFO - Setting next_dagrun for mlops_orchestration to 2026-04-19 02:00:00+00:00, run_after=2026-04-20 02:00:00+00:00
[2026-04-20T15:59:10.048+0000] {processor.py:183} INFO - Processing /opt/airflow/dags/mlops_orchestration.py took 0.100 seconds
[2026-04-20T15:59:40.239+0000] {processor.py:161} INFO - Started process (PID=443) to work on /opt/airflow/dags/mlops_orchestration.py
[2026-04-20T15:59:40.241+0000] {processor.py:830} INFO - Processing file /opt/airflow/dags/mlops_orchestration.py for tasks to queue
[2026-04-20T15:59:40.242+0000] {logging_mixin.py:188} INFO - [2026-04-20T15:59:40.242+0000] {dagbag.py:545} INFO - Filling up the DagBag from /opt/airflow/dags/mlops_orchestration.py
[2026-04-20T15:59:40.268+0000] {processor.py:840} INFO - DAG(s) 'mlops_orchestration' retrieved from /opt/airflow/dags/mlops_orchestration.py
[2026-04-20T15:59:40.305+0000] {logging_mixin.py:188} INFO - [2026-04-20T15:59:40.304+0000] {dag.py:3096} INFO - Sync 1 DAGs
[2026-04-20T15:59:40.327+0000] {logging_mixin.py:188} INFO - [2026-04-20T15:59:40.327+0000] {dag.py:3954} INFO - Setting next_dagrun for mlops_orchestration to 2026-04-19 02:00:00+00:00, run_after=2026-04-20 02:00:00+00:00
[2026-04-20T15:59:40.352+0000] {processor.py:183} INFO - Processing /opt/airflow/dags/mlops_orchestration.py took 0.118 seconds
[2026-04-20T16:00:10.515+0000] {processor.py:161} INFO - Started process (PID=444) to work on /opt/airflow/dags/mlops_orchestration.py
[2026-04-20T16:00:10.516+0000] {processor.py:830} INFO - Processing file /opt/airflow/dags/mlops_orchestration.py for tasks to queue
[2026-04-20T16:00:10.519+0000] {logging_mixin.py:188} INFO - [2026-04-20T16:00:10.518+0000] {dagbag.py:545} INFO - Filling up the DagBag from /opt/airflow/dags/mlops_orchestration.py
[2026-04-20T16:00:10.540+0000] {processor.py:840} INFO - DAG(s) 'mlops_orchestration' retrieved from /opt/airflow/dags/mlops_orchestration.py
[2026-04-20T16:00:10.571+0000] {logging_mixin.py:188} INFO - [2026-04-20T16:00:10.571+0000] {dag.py:3096} INFO - Sync 1 DAGs
[2026-04-20T16:00:10.592+0000] {logging_mixin.py:188} INFO - [2026-04-20T16:00:10.591+0000] {dag.py:3954} INFO - Setting next_dagrun for mlops_orchestration to 2026-04-19 02:00:00+00:00, run_after=2026-04-20 02:00:00+00:00
[2026-04-20T16:00:10.612+0000] {processor.py:183} INFO - Processing /opt/airflow/dags/mlops_orchestration.py took 0.104 seconds
[2026-04-20T16:00:40.802+0000] {processor.py:161} INFO - Started process (PID=445) to work on /opt/airflow/dags/mlops_orchestration.py
[2026-04-20T16:00:40.803+0000] {processor.py:830} INFO - Processing file /opt/airflow/dags/mlops_orchestration.py for tasks to queue
[2026-04-20T16:00:40.805+0000] {logging_mixin.py:188} INFO - [2026-04-20T16:00:40.805+0000] {dagbag.py:545} INFO - Filling up the DagBag from /opt/airflow/dags/mlops_orchestration.py
[2026-04-20T16:00:40.829+0000] {processor.py:840} INFO - DAG(s) 'mlops_orchestration' retrieved from /opt/airflow/dags/mlops_orchestration.py
[2026-04-20T16:00:40.872+0000] {logging_mixin.py:188} INFO - [2026-04-20T16:00:40.872+0000] {dag.py:3096} INFO - Sync 1 DAGs
[2026-04-20T16:00:40.894+0000] {logging_mixin.py:188} INFO - [2026-04-20T16:00:40.893+0000] {dag.py:3954} INFO - Setting next_dagrun for mlops_orchestration to 2026-04-19 02:00:00+00:00, run_after=2026-04-20 02:00:00+00:00
[2026-04-20T16:00:40.913+0000] {processor.py:183} INFO - Processing /opt/airflow/dags/mlops_orchestration.py took 0.120 seconds
[2026-04-20T16:01:11.090+0000] {processor.py:161} INFO - Started process (PID=446) to work on /opt/airflow/dags/mlops_orchestration.py
[2026-04-20T16:01:11.091+0000] {processor.py:830} INFO - Processing file /opt/airflow/dags/mlops_orchestration.py for tasks to queue
[2026-04-20T16:01:11.094+0000] {logging_mixin.py:188} INFO - [2026-04-20T16:01:11.094+0000] {dagbag.py:545} INFO - Filling up the DagBag from /opt/airflow/dags/mlops_orchestration.py
[2026-04-20T16:01:11.126+0000] {processor.py:840} INFO - DAG(s) 'mlops_orchestration' retrieved from /opt/airflow/dags/mlops_orchestration.py
[2026-04-20T16:01:11.163+0000] {logging_mixin.py:188} INFO - [2026-04-20T16:01:11.163+0000] {dag.py:3096} INFO - Sync 1 DAGs
[2026-04-20T16:01:11.184+0000] {logging_mixin.py:188} INFO - [2026-04-20T16:01:11.184+0000] {dag.py:3954} INFO - Setting next_dagrun for mlops_orchestration to 2026-04-19 02:00:00+00:00, run_after=2026-04-20 02:00:00+00:00
[2026-04-20T16:01:11.209+0000] {processor.py:183} INFO - Processing /opt/airflow/dags/mlops_orchestration.py took 0.128 seconds
[2026-04-20T16:01:41.367+0000] {processor.py:161} INFO - Started process (PID=447) to work on /opt/airflow/dags/mlops_orchestration.py
[2026-04-20T16:01:41.368+0000] {processor.py:830} INFO - Processing file /opt/airflow/dags/mlops_orchestration.py for tasks to queue
[2026-04-20T16:01:41.371+0000] {logging_mixin.py:188} INFO - [2026-04-20T16:01:41.370+0000] {dagbag.py:545} INFO - Filling up the DagBag from /opt/airflow/dags/mlops_orchestration.py
[2026-04-20T16:01:41.393+0000] {processor.py:840} INFO - DAG(s) 'mlops_orchestration' retrieved from /opt/airflow/dags/mlops_orchestration.py
[2026-04-20T16:01:41.420+0000] {logging_mixin.py:188} INFO - [2026-04-20T16:01:41.420+0000] {dag.py:3096} INFO - Sync 1 DAGs
[2026-04-20T16:01:41.437+0000] {logging_mixin.py:188} INFO - [2026-04-20T16:01:41.437+0000] {dag.py:3954} INFO - Setting next_dagrun for mlops_orchestration to 2026-04-19 02:00:00+00:00, run_after=2026-04-20 02:00:00+00:00
[2026-04-20T16:01:41.456+0000] {processor.py:183} INFO - Processing /opt/airflow/dags/mlops_orchestration.py took 0.096 seconds
[2026-04-20T16:02:11.645+0000] {processor.py:161} INFO - Started process (PID=448) to work on /opt/airflow/dags/mlops_orchestration.py
[2026-04-20T16:02:11.647+0000] {processor.py:830} INFO - Processing file /opt/airflow/dags/mlops_orchestration.py for tasks to queue
[2026-04-20T16:02:11.649+0000] {logging_mixin.py:188} INFO - [2026-04-20T16:02:11.648+0000] {dagbag.py:545} INFO - Filling up the DagBag from /opt/airflow/dags/mlops_orchestration.py
[2026-04-20T16:02:11.671+0000] {processor.py:840} INFO - DAG(s) 'mlops_orchestration' retrieved from /opt/airflow/dags/mlops_orchestration.py
[2026-04-20T16:02:11.704+0000] {logging_mixin.py:188} INFO - [2026-04-20T16:02:11.704+0000] {dag.py:3096} INFO - Sync 1 DAGs
[2026-04-20T16:02:11.723+0000] {logging_mixin.py:188} INFO - [2026-04-20T16:02:11.723+0000] {dag.py:3954} INFO - Setting next_dagrun for mlops_orchestration to 2026-04-19 02:00:00+00:00, run_after=2026-04-20 02:00:00+00:00
[2026-04-20T16:02:11.745+0000] {processor.py:183} INFO - Processing /opt/airflow/dags/mlops_orchestration.py took 0.105 seconds
[2026-04-20T16:02:41.927+0000] {processor.py:161} INFO - Started process (PID=449) to work on /opt/airflow/dags/mlops_orchestration.py
[2026-04-20T16:02:41.928+0000] {processor.py:830} INFO - Processing file /opt/airflow/dags/mlops_orchestration.py for tasks to queue
[2026-04-20T16:02:41.930+0000] {logging_mixin.py:188} INFO - [2026-04-20T16:02:41.930+0000] {dagbag.py:545} INFO - Filling up the DagBag from /opt/airflow/dags/mlops_orchestration.py
[2026-04-20T16:02:41.954+0000] {processor.py:840} INFO - DAG(s) 'mlops_orchestration' retrieved from /opt/airflow/dags/mlops_orchestration.py
[2026-04-20T16:02:41.987+0000] {logging_mixin.py:188} INFO - [2026-04-20T16:02:41.987+0000] {dag.py:3096} INFO - Sync 1 DAGs
[2026-04-20T16:02:42.010+0000] {logging_mixin.py:188} INFO - [2026-04-20T16:02:42.009+0000] {dag.py:3954} INFO - Setting next_dagrun for mlops_orchestration to 2026-04-19 02:00:00+00:00, run_after=2026-04-20 02:00:00+00:00
[2026-04-20T16:02:42.033+0000] {processor.py:183} INFO - Processing /opt/airflow/dags/mlops_orchestration.py took 0.113 seconds
[2026-04-20T16:03:12.226+0000] {processor.py:161} INFO - Started process (PID=450) to work on /opt/airflow/dags/mlops_orchestration.py
[2026-04-20T16:03:12.228+0000] {processor.py:830} INFO - Processing file /opt/airflow/dags/mlops_orchestration.py for tasks to queue
[2026-04-20T16:03:12.231+0000] {logging_mixin.py:188} INFO - [2026-04-20T16:03:12.230+0000] {dagbag.py:545} INFO - Filling up the DagBag from /opt/airflow/dags/mlops_orchestration.py
[2026-04-20T16:03:12.259+0000] {processor.py:840} INFO - DAG(s) 'mlops_orchestration' retrieved from /opt/airflow/dags/mlops_orchestration.py
[2026-04-20T16:03:12.297+0000] {logging_mixin.py:188} INFO - [2026-04-20T16:03:12.296+0000] {dag.py:3096} INFO - Sync 1 DAGs
[2026-04-20T16:03:12.321+0000] {logging_mixin.py:188} INFO - [2026-04-20T16:03:12.321+0000] {dag.py:3954} INFO - Setting next_dagrun for mlops_orchestration to 2026-04-19 02:00:00+00:00, run_after=2026-04-20 02:00:00+00:00
[2026-04-20T16:03:12.343+0000] {processor.py:183} INFO - Processing /opt/airflow/dags/mlops_orchestration.py took 0.128 seconds
[2026-04-20T16:03:42.498+0000] {processor.py:161} INFO - Started process (PID=451) to work on /opt/airflow/dags/mlops_orchestration.py
[2026-04-20T16:03:42.500+0000] {processor.py:830} INFO - Processing file /opt/airflow/dags/mlops_orchestration.py for tasks to queue
[2026-04-20T16:03:42.503+0000] {logging_mixin.py:188} INFO - [2026-04-20T16:03:42.502+0000] {dagbag.py:545} INFO - Filling up the DagBag from /opt/airflow/dags/mlops_orchestration.py
[2026-04-20T16:03:42.533+0000] {processor.py:840} INFO - DAG(s) 'mlops_orchestration' retrieved from /opt/airflow/dags/mlops_orchestration.py
[2026-04-20T16:03:42.576+0000] {logging_mixin.py:188} INFO - [2026-04-20T16:03:42.576+0000] {dag.py:3096} INFO - Sync 1 DAGs
[2026-04-20T16:03:42.603+0000] {logging_mixin.py:188} INFO - [2026-04-20T16:03:42.602+0000] {dag.py:3954} INFO - Setting next_dagrun for mlops_orchestration to 2026-04-19 02:00:00+00:00, run_after=2026-04-20 02:00:00+00:00
[2026-04-20T16:03:42.639+0000] {processor.py:183} INFO - Processing /opt/airflow/dags/mlops_orchestration.py took 0.148 seconds
[2026-04-20T16:04:12.837+0000] {processor.py:161} INFO - Started process (PID=452) to work on /opt/airflow/dags/mlops_orchestration.py
[2026-04-20T16:04:12.839+0000] {processor.py:830} INFO - Processing file /opt/airflow/dags/mlops_orchestration.py for tasks to queue
[2026-04-20T16:04:12.844+0000] {logging_mixin.py:188} INFO - [2026-04-20T16:04:12.843+0000] {dagbag.py:545} INFO - Filling up the DagBag from /opt/airflow/dags/mlops_orchestration.py
[2026-04-20T16:04:12.883+0000] {processor.py:840} INFO - DAG(s) 'mlops_orchestration' retrieved from /opt/airflow/dags/mlops_orchestration.py
[2026-04-20T16:04:12.932+0000] {logging_mixin.py:188} INFO - [2026-04-20T16:04:12.932+0000] {dag.py:3096} INFO - Sync 1 DAGs
[2026-04-20T16:04:12.962+0000] {logging_mixin.py:188} INFO - [2026-04-20T16:04:12.962+0000] {dag.py:3954} INFO - Setting next_dagrun for mlops_orchestration to 2026-04-19 02:00:00+00:00, run_after=2026-04-20 02:00:00+00:00
[2026-04-20T16:04:12.996+0000] {processor.py:183} INFO - Processing /opt/airflow/dags/mlops_orchestration.py took 0.170 seconds
[2026-04-20T16:04:43.135+0000] {processor.py:161} INFO - Started process (PID=453) to work on /opt/airflow/dags/mlops_orchestration.py
[2026-04-20T16:04:43.137+0000] {processor.py:830} INFO - Processing file /opt/airflow/dags/mlops_orchestration.py for tasks to queue
[2026-04-20T16:04:43.140+0000] {logging_mixin.py:188} INFO - [2026-04-20T16:04:43.139+0000] {dagbag.py:545} INFO - Filling up the DagBag from /opt/airflow/dags/mlops_orchestration.py
[2026-04-20T16:04:43.170+0000] {processor.py:840} INFO - DAG(s) 'mlops_orchestration' retrieved from /opt/airflow/dags/mlops_orchestration.py
[2026-04-20T16:04:43.215+0000] {logging_mixin.py:188} INFO - [2026-04-20T16:04:43.214+0000] {dag.py:3096} INFO - Sync 1 DAGs
[2026-04-20T16:04:43.243+0000] {logging_mixin.py:188} INFO - [2026-04-20T16:04:43.243+0000] {dag.py:3954} INFO - Setting next_dagrun for mlops_orchestration to 2026-04-19 02:00:00+00:00, run_after=2026-04-20 02:00:00+00:00
[2026-04-20T16:04:43.273+0000] {processor.py:183} INFO - Processing /opt/airflow/dags/mlops_orchestration.py took 0.148 seconds
[2026-04-20T16:05:13.508+0000] {processor.py:161} INFO - Started process (PID=454) to work on /opt/airflow/dags/mlops_orchestration.py
[2026-04-20T16:05:13.511+0000] {processor.py:830} INFO - Processing file /opt/airflow/dags/mlops_orchestration.py for tasks to queue
[2026-04-20T16:05:13.514+0000] {logging_mixin.py:188} INFO - [2026-04-20T16:05:13.514+0000] {dagbag.py:545} INFO - Filling up the DagBag from /opt/airflow/dags/mlops_orchestration.py
[2026-04-20T16:05:13.561+0000] {processor.py:840} INFO - DAG(s) 'mlops_orchestration' retrieved from /opt/airflow/dags/mlops_orchestration.py
[2026-04-20T16:05:13.616+0000] {logging_mixin.py:188} INFO - [2026-04-20T16:05:13.616+0000] {dag.py:3096} INFO - Sync 1 DAGs
[2026-04-20T16:05:13.660+0000] {logging_mixin.py:188} INFO - [2026-04-20T16:05:13.659+0000] {dag.py:3954} INFO - Setting next_dagrun for mlops_orchestration to 2026-04-19 02:00:00+00:00, run_after=2026-04-20 02:00:00+00:00
[2026-04-20T16:05:13.706+0000] {processor.py:183} INFO - Processing /opt/airflow/dags/mlops_orchestration.py took 0.206 seconds
[2026-04-20T16:05:43.918+0000] {processor.py:161} INFO - Started process (PID=455) to work on /opt/airflow/dags/mlops_orchestration.py
[2026-04-20T16:05:43.920+0000] {processor.py:830} INFO - Processing file /opt/airflow/dags/mlops_orchestration.py for tasks to queue
[2026-04-20T16:05:43.923+0000] {logging_mixin.py:188} INFO - [2026-04-20T16:05:43.922+0000] {dagbag.py:545} INFO - Filling up the DagBag from /opt/airflow/dags/mlops_orchestration.py
[2026-04-20T16:05:43.962+0000] {processor.py:840} INFO - DAG(s) 'mlops_orchestration' retrieved from /opt/airflow/dags/mlops_orchestration.py
[2026-04-20T16:05:44.007+0000] {logging_mixin.py:188} INFO - [2026-04-20T16:05:44.006+0000] {dag.py:3096} INFO - Sync 1 DAGs
[2026-04-20T16:05:44.037+0000] {logging_mixin.py:188} INFO - [2026-04-20T16:05:44.037+0000] {dag.py:3954} INFO - Setting next_dagrun for mlops_orchestration to 2026-04-19 02:00:00+00:00, run_after=2026-04-20 02:00:00+00:00
[2026-04-20T16:05:44.076+0000] {processor.py:183} INFO - Processing /opt/airflow/dags/mlops_orchestration.py took 0.166 seconds
[2026-04-20T16:06:14.191+0000] {processor.py:161} INFO - Started process (PID=456) to work on /opt/airflow/dags/mlops_orchestration.py
[2026-04-20T16:06:14.193+0000] {processor.py:830} INFO - Processing file /opt/airflow/dags/mlops_orchestration.py for tasks to queue
[2026-04-20T16:06:14.198+0000] {logging_mixin.py:188} INFO - [2026-04-20T16:06:14.197+0000] {dagbag.py:545} INFO - Filling up the DagBag from /opt/airflow/dags/mlops_orchestration.py
[2026-04-20T16:06:14.234+0000] {processor.py:840} INFO - DAG(s) 'mlops_orchestration' retrieved from /opt/airflow/dags/mlops_orchestration.py
[2026-04-20T16:06:14.274+0000] {logging_mixin.py:188} INFO - [2026-04-20T16:06:14.274+0000] {dag.py:3096} INFO - Sync 1 DAGs
[2026-04-20T16:06:14.296+0000] {logging_mixin.py:188} INFO - [2026-04-20T16:06:14.296+0000] {dag.py:3954} INFO - Setting next_dagrun for mlops_orchestration to 2026-04-19 02:00:00+00:00, run_after=2026-04-20 02:00:00+00:00
[2026-04-20T16:06:14.320+0000] {processor.py:183} INFO - Processing /opt/airflow/dags/mlops_orchestration.py took 0.138 seconds
[2026-04-20T16:06:44.486+0000] {processor.py:161} INFO - Started process (PID=457) to work on /opt/airflow/dags/mlops_orchestration.py
[2026-04-20T16:06:44.487+0000] {processor.py:830} INFO - Processing file /opt/airflow/dags/mlops_orchestration.py for tasks to queue
[2026-04-20T16:06:44.493+0000] {logging_mixin.py:188} INFO - [2026-04-20T16:06:44.491+0000] {dagbag.py:545} INFO - Filling up the DagBag from /opt/airflow/dags/mlops_orchestration.py
[2026-04-20T16:06:44.523+0000] {processor.py:840} INFO - DAG(s) 'mlops_orchestration' retrieved from /opt/airflow/dags/mlops_orchestration.py
[2026-04-20T16:06:44.567+0000] {logging_mixin.py:188} INFO - [2026-04-20T16:06:44.566+0000] {dag.py:3096} INFO - Sync 1 DAGs
[2026-04-20T16:06:44.590+0000] {logging_mixin.py:188} INFO - [2026-04-20T16:06:44.590+0000] {dag.py:3954} INFO - Setting next_dagrun for mlops_orchestration to 2026-04-19 02:00:00+00:00, run_after=2026-04-20 02:00:00+00:00
[2026-04-20T16:06:44.617+0000] {processor.py:183} INFO - Processing /opt/airflow/dags/mlops_orchestration.py took 0.141 seconds
[2026-04-20T16:07:14.806+0000] {processor.py:161} INFO - Started process (PID=458) to work on /opt/airflow/dags/mlops_orchestration.py
[2026-04-20T16:07:14.807+0000] {processor.py:830} INFO - Processing file /opt/airflow/dags/mlops_orchestration.py for tasks to queue
[2026-04-20T16:07:14.809+0000] {logging_mixin.py:188} INFO - [2026-04-20T16:07:14.809+0000] {dagbag.py:545} INFO - Filling up the DagBag from /opt/airflow/dags/mlops_orchestration.py
[2026-04-20T16:07:14.841+0000] {processor.py:840} INFO - DAG(s) 'mlops_orchestration' retrieved from /opt/airflow/dags/mlops_orchestration.py
[2026-04-20T16:07:14.890+0000] {logging_mixin.py:188} INFO - [2026-04-20T16:07:14.890+0000] {dag.py:3096} INFO - Sync 1 DAGs
[2026-04-20T16:07:14.916+0000] {logging_mixin.py:188} INFO - [2026-04-20T16:07:14.915+0000] {dag.py:3954} INFO - Setting next_dagrun for mlops_orchestration to 2026-04-19 02:00:00+00:00, run_after=2026-04-20 02:00:00+00:00
[2026-04-20T16:07:14.943+0000] {processor.py:183} INFO - Processing /opt/airflow/dags/mlops_orchestration.py took 0.146 seconds
[2026-04-20T16:07:45.103+0000] {processor.py:161} INFO - Started process (PID=459) to work on /opt/airflow/dags/mlops_orchestration.py
[2026-04-20T16:07:45.105+0000] {processor.py:830} INFO - Processing file /opt/airflow/dags/mlops_orchestration.py for tasks to queue
[2026-04-20T16:07:45.108+0000] {logging_mixin.py:188} INFO - [2026-04-20T16:07:45.107+0000] {dagbag.py:545} INFO - Filling up the DagBag from /opt/airflow/dags/mlops_orchestration.py
[2026-04-20T16:07:45.139+0000] {processor.py:840} INFO - DAG(s) 'mlops_orchestration' retrieved from /opt/airflow/dags/mlops_orchestration.py
[2026-04-20T16:07:45.183+0000] {logging_mixin.py:188} INFO - [2026-04-20T16:07:45.183+0000] {dag.py:3096} INFO - Sync 1 DAGs
[2026-04-20T16:07:45.214+0000] {logging_mixin.py:188} INFO - [2026-04-20T16:07:45.214+0000] {dag.py:3954} INFO - Setting next_dagrun for mlops_orchestration to 2026-04-19 02:00:00+00:00, run_after=2026-04-20 02:00:00+00:00
[2026-04-20T16:07:45.242+0000] {processor.py:183} INFO - Processing /opt/airflow/dags/mlops_orchestration.py took 0.147 seconds
[2026-04-20T16:08:15.389+0000] {processor.py:161} INFO - Started process (PID=460) to work on /opt/airflow/dags/mlops_orchestration.py
[2026-04-20T16:08:15.390+0000] {processor.py:830} INFO - Processing file /opt/airflow/dags/mlops_orchestration.py for tasks to queue
[2026-04-20T16:08:15.393+0000] {logging_mixin.py:188} INFO - [2026-04-20T16:08:15.392+0000] {dagbag.py:545} INFO - Filling up the DagBag from /opt/airflow/dags/mlops_orchestration.py
[2026-04-20T16:08:15.414+0000] {processor.py:840} INFO - DAG(s) 'mlops_orchestration' retrieved from /opt/airflow/dags/mlops_orchestration.py
[2026-04-20T16:08:15.446+0000] {logging_mixin.py:188} INFO - [2026-04-20T16:08:15.446+0000] {dag.py:3096} INFO - Sync 1 DAGs
[2026-04-20T16:08:15.466+0000] {logging_mixin.py:188} INFO - [2026-04-20T16:08:15.466+0000] {dag.py:3954} INFO - Setting next_dagrun for mlops_orchestration to 2026-04-19 02:00:00+00:00, run_after=2026-04-20 02:00:00+00:00
[2026-04-20T16:08:15.486+0000] {processor.py:183} INFO - Processing /opt/airflow/dags/mlops_orchestration.py took 0.102 seconds
[2026-04-20T16:08:45.667+0000] {processor.py:161} INFO - Started process (PID=461) to work on /opt/airflow/dags/mlops_orchestration.py
[2026-04-20T16:08:45.669+0000] {processor.py:830} INFO - Processing file /opt/airflow/dags/mlops_orchestration.py for tasks to queue
[2026-04-20T16:08:45.672+0000] {logging_mixin.py:188} INFO - [2026-04-20T16:08:45.671+0000] {dagbag.py:545} INFO - Filling up the DagBag from /opt/airflow/dags/mlops_orchestration.py
[2026-04-20T16:08:45.692+0000] {processor.py:840} INFO - DAG(s) 'mlops_orchestration' retrieved from /opt/airflow/dags/mlops_orchestration.py
[2026-04-20T16:08:45.722+0000] {logging_mixin.py:188} INFO - [2026-04-20T16:08:45.722+0000] {dag.py:3096} INFO - Sync 1 DAGs
[2026-04-20T16:08:45.742+0000] {logging_mixin.py:188} INFO - [2026-04-20T16:08:45.742+0000] {dag.py:3954} INFO - Setting next_dagrun for mlops_orchestration to 2026-04-19 02:00:00+00:00, run_after=2026-04-20 02:00:00+00:00
[2026-04-20T16:08:45.761+0000] {processor.py:183} INFO - Processing /opt/airflow/dags/mlops_orchestration.py took 0.098 seconds
[2026-04-20T16:09:15.941+0000] {processor.py:161} INFO - Started process (PID=462) to work on /opt/airflow/dags/mlops_orchestration.py
[2026-04-20T16:09:15.943+0000] {processor.py:830} INFO - Processing file /opt/airflow/dags/mlops_orchestration.py for tasks to queue
[2026-04-20T16:09:15.947+0000] {logging_mixin.py:188} INFO - [2026-04-20T16:09:15.946+0000] {dagbag.py:545} INFO - Filling up the DagBag from /opt/airflow/dags/mlops_orchestration.py
[2026-04-20T16:09:15.969+0000] {processor.py:840} INFO - DAG(s) 'mlops_orchestration' retrieved from /opt/airflow/dags/mlops_orchestration.py
[2026-04-20T16:09:16.002+0000] {logging_mixin.py:188} INFO - [2026-04-20T16:09:16.002+0000] {dag.py:3096} INFO - Sync 1 DAGs
[2026-04-20T16:09:16.022+0000] {logging_mixin.py:188} INFO - [2026-04-20T16:09:16.022+0000] {dag.py:3954} INFO - Setting next_dagrun for mlops_orchestration to 2026-04-19 02:00:00+00:00, run_after=2026-04-20 02:00:00+00:00
[2026-04-20T16:09:16.043+0000] {processor.py:183} INFO - Processing /opt/airflow/dags/mlops_orchestration.py took 0.108 seconds
[2026-04-20T16:09:46.222+0000] {processor.py:161} INFO - Started process (PID=463) to work on /opt/airflow/dags/mlops_orchestration.py
[2026-04-20T16:09:46.223+0000] {processor.py:830} INFO - Processing file /opt/airflow/dags/mlops_orchestration.py for tasks to queue
[2026-04-20T16:09:46.225+0000] {logging_mixin.py:188} INFO - [2026-04-20T16:09:46.225+0000] {dagbag.py:545} INFO - Filling up the DagBag from /opt/airflow/dags/mlops_orchestration.py
[2026-04-20T16:09:46.252+0000] {processor.py:840} INFO - DAG(s) 'mlops_orchestration' retrieved from /opt/airflow/dags/mlops_orchestration.py
[2026-04-20T16:09:46.287+0000] {logging_mixin.py:188} INFO - [2026-04-20T16:09:46.287+0000] {dag.py:3096} INFO - Sync 1 DAGs
[2026-04-20T16:09:46.308+0000] {logging_mixin.py:188} INFO - [2026-04-20T16:09:46.308+0000] {dag.py:3954} INFO - Setting next_dagrun for mlops_orchestration to 2026-04-19 02:00:00+00:00, run_after=2026-04-20 02:00:00+00:00
[2026-04-20T16:09:46.332+0000] {processor.py:183} INFO - Processing /opt/airflow/dags/mlops_orchestration.py took 0.117 seconds
[2026-04-20T16:10:16.511+0000] {processor.py:161} INFO - Started process (PID=464) to work on /opt/airflow/dags/mlops_orchestration.py
[2026-04-20T16:10:16.512+0000] {processor.py:830} INFO - Processing file /opt/airflow/dags/mlops_orchestration.py for tasks to queue
[2026-04-20T16:10:16.514+0000] {logging_mixin.py:188} INFO - [2026-04-20T16:10:16.514+0000] {dagbag.py:545} INFO - Filling up the DagBag from /opt/airflow/dags/mlops_orchestration.py
[2026-04-20T16:10:16.544+0000] {processor.py:840} INFO - DAG(s) 'mlops_orchestration' retrieved from /opt/airflow/dags/mlops_orchestration.py
[2026-04-20T16:10:16.579+0000] {logging_mixin.py:188} INFO - [2026-04-20T16:10:16.579+0000] {dag.py:3096} INFO - Sync 1 DAGs
[2026-04-20T16:10:16.603+0000] {logging_mixin.py:188} INFO - [2026-04-20T16:10:16.602+0000] {dag.py:3954} INFO - Setting next_dagrun for mlops_orchestration to 2026-04-19 02:00:00+00:00, run_after=2026-04-20 02:00:00+00:00
[2026-04-20T16:10:16.626+0000] {processor.py:183} INFO - Processing /opt/airflow/dags/mlops_orchestration.py took 0.124 seconds
[2026-04-20T16:10:46.821+0000] {processor.py:161} INFO - Started process (PID=465) to work on /opt/airflow/dags/mlops_orchestration.py
[2026-04-20T16:10:46.823+0000] {processor.py:830} INFO - Processing file /opt/airflow/dags/mlops_orchestration.py for tasks to queue
[2026-04-20T16:10:46.825+0000] {logging_mixin.py:188} INFO - [2026-04-20T16:10:46.825+0000] {dagbag.py:545} INFO - Filling up the DagBag from /opt/airflow/dags/mlops_orchestration.py
[2026-04-20T16:10:46.861+0000] {processor.py:840} INFO - DAG(s) 'mlops_orchestration' retrieved from /opt/airflow/dags/mlops_orchestration.py
[2026-04-20T16:10:46.912+0000] {logging_mixin.py:188} INFO - [2026-04-20T16:10:46.911+0000] {dag.py:3096} INFO - Sync 1 DAGs
[2026-04-20T16:10:46.954+0000] {logging_mixin.py:188} INFO - [2026-04-20T16:10:46.954+0000] {dag.py:3954} INFO - Setting next_dagrun for mlops_orchestration to 2026-04-19 02:00:00+00:00, run_after=2026-04-20 02:00:00+00:00
[2026-04-20T16:10:47.004+0000] {processor.py:183} INFO - Processing /opt/airflow/dags/mlops_orchestration.py took 0.196 seconds
[2026-04-20T16:11:17.205+0000] {processor.py:161} INFO - Started process (PID=466) to work on /opt/airflow/dags/mlops_orchestration.py
[2026-04-20T16:11:17.207+0000] {processor.py:830} INFO - Processing file /opt/airflow/dags/mlops_orchestration.py for tasks to queue
[2026-04-20T16:11:17.210+0000] {logging_mixin.py:188} INFO - [2026-04-20T16:11:17.209+0000] {dagbag.py:545} INFO - Filling up the DagBag from /opt/airflow/dags/mlops_orchestration.py
[2026-04-20T16:11:17.237+0000] {processor.py:840} INFO - DAG(s) 'mlops_orchestration' retrieved from /opt/airflow/dags/mlops_orchestration.py
[2026-04-20T16:11:17.270+0000] {logging_mixin.py:188} INFO - [2026-04-20T16:11:17.269+0000] {dag.py:3096} INFO - Sync 1 DAGs
[2026-04-20T16:11:17.291+0000] {logging_mixin.py:188} INFO - [2026-04-20T16:11:17.291+0000] {dag.py:3954} INFO - Setting next_dagrun for mlops_orchestration to 2026-04-19 02:00:00+00:00, run_after=2026-04-20 02:00:00+00:00
[2026-04-20T16:11:17.313+0000] {processor.py:183} INFO - Processing /opt/airflow/dags/mlops_orchestration.py took 0.117 seconds
[2026-04-20T16:11:47.489+0000] {processor.py:161} INFO - Started process (PID=467) to work on /opt/airflow/dags/mlops_orchestration.py
[2026-04-20T16:11:47.490+0000] {processor.py:830} INFO - Processing file /opt/airflow/dags/mlops_orchestration.py for tasks to queue
[2026-04-20T16:11:47.494+0000] {logging_mixin.py:188} INFO - [2026-04-20T16:11:47.493+0000] {dagbag.py:545} INFO - Filling up the DagBag from /opt/airflow/dags/mlops_orchestration.py
[2026-04-20T16:11:47.520+0000] {processor.py:840} INFO - DAG(s) 'mlops_orchestration' retrieved from /opt/airflow/dags/mlops_orchestration.py
[2026-04-20T16:11:47.553+0000] {logging_mixin.py:188} INFO - [2026-04-20T16:11:47.553+0000] {dag.py:3096} INFO - Sync 1 DAGs
[2026-04-20T16:11:47.574+0000] {logging_mixin.py:188} INFO - [2026-04-20T16:11:47.573+0000] {dag.py:3954} INFO - Setting next_dagrun for mlops_orchestration to 2026-04-19 02:00:00+00:00, run_after=2026-04-20 02:00:00+00:00
[2026-04-20T16:11:47.594+0000] {processor.py:183} INFO - Processing /opt/airflow/dags/mlops_orchestration.py took 0.112 seconds
[2026-04-20T16:12:17.761+0000] {processor.py:161} INFO - Started process (PID=468) to work on /opt/airflow/dags/mlops_orchestration.py
[2026-04-20T16:12:17.762+0000] {processor.py:830} INFO - Processing file /opt/airflow/dags/mlops_orchestration.py for tasks to queue
[2026-04-20T16:12:17.764+0000] {logging_mixin.py:188} INFO - [2026-04-20T16:12:17.763+0000] {dagbag.py:545} INFO - Filling up the DagBag from /opt/airflow/dags/mlops_orchestration.py
[2026-04-20T16:12:17.786+0000] {processor.py:840} INFO - DAG(s) 'mlops_orchestration' retrieved from /opt/airflow/dags/mlops_orchestration.py
[2026-04-20T16:12:17.817+0000] {logging_mixin.py:188} INFO - [2026-04-20T16:12:17.817+0000] {dag.py:3096} INFO - Sync 1 DAGs
[2026-04-20T16:12:17.836+0000] {logging_mixin.py:188} INFO - [2026-04-20T16:12:17.836+0000] {dag.py:3954} INFO - Setting next_dagrun for mlops_orchestration to 2026-04-19 02:00:00+00:00, run_after=2026-04-20 02:00:00+00:00
[2026-04-20T16:12:17.855+0000] {processor.py:183} INFO - Processing /opt/airflow/dags/mlops_orchestration.py took 0.100 seconds
[2026-04-20T16:12:48.055+0000] {processor.py:161} INFO - Started process (PID=469) to work on /opt/airflow/dags/mlops_orchestration.py
[2026-04-20T16:12:48.058+0000] {processor.py:830} INFO - Processing file /opt/airflow/dags/mlops_orchestration.py for tasks to queue
[2026-04-20T16:12:48.062+0000] {logging_mixin.py:188} INFO - [2026-04-20T16:12:48.062+0000] {dagbag.py:545} INFO - Filling up the DagBag from /opt/airflow/dags/mlops_orchestration.py
[2026-04-20T16:12:48.096+0000] {processor.py:840} INFO - DAG(s) 'mlops_orchestration' retrieved from /opt/airflow/dags/mlops_orchestration.py
[2026-04-20T16:12:48.137+0000] {logging_mixin.py:188} INFO - [2026-04-20T16:12:48.137+0000] {dag.py:3096} INFO - Sync 1 DAGs
[2026-04-20T16:12:48.165+0000] {logging_mixin.py:188} INFO - [2026-04-20T16:12:48.165+0000] {dag.py:3954} INFO - Setting next_dagrun for mlops_orchestration to 2026-04-19 02:00:00+00:00, run_after=2026-04-20 02:00:00+00:00
[2026-04-20T16:12:48.188+0000] {processor.py:183} INFO - Processing /opt/airflow/dags/mlops_orchestration.py took 0.140 seconds
[2026-04-20T16:13:18.325+0000] {processor.py:161} INFO - Started process (PID=470) to work on /opt/airflow/dags/mlops_orchestration.py
[2026-04-20T16:13:18.326+0000] {processor.py:830} INFO - Processing file /opt/airflow/dags/mlops_orchestration.py for tasks to queue
[2026-04-20T16:13:18.328+0000] {logging_mixin.py:188} INFO - [2026-04-20T16:13:18.328+0000] {dagbag.py:545} INFO - Filling up the DagBag from /opt/airflow/dags/mlops_orchestration.py
[2026-04-20T16:13:18.349+0000] {processor.py:840} INFO - DAG(s) 'mlops_orchestration' retrieved from /opt/airflow/dags/mlops_orchestration.py
[2026-04-20T16:13:18.380+0000] {logging_mixin.py:188} INFO - [2026-04-20T16:13:18.380+0000] {dag.py:3096} INFO - Sync 1 DAGs
[2026-04-20T16:13:18.398+0000] {logging_mixin.py:188} INFO - [2026-04-20T16:13:18.398+0000] {dag.py:3954} INFO - Setting next_dagrun for mlops_orchestration to 2026-04-19 02:00:00+00:00, run_after=2026-04-20 02:00:00+00:00
[2026-04-20T16:13:18.417+0000] {processor.py:183} INFO - Processing /opt/airflow/dags/mlops_orchestration.py took 0.097 seconds
[2026-04-20T16:13:48.624+0000] {processor.py:161} INFO - Started process (PID=471) to work on /opt/airflow/dags/mlops_orchestration.py
[2026-04-20T16:13:48.626+0000] {processor.py:830} INFO - Processing file /opt/airflow/dags/mlops_orchestration.py for tasks to queue
[2026-04-20T16:13:48.628+0000] {logging_mixin.py:188} INFO - [2026-04-20T16:13:48.628+0000] {dagbag.py:545} INFO - Filling up the DagBag from /opt/airflow/dags/mlops_orchestration.py
[2026-04-20T16:13:48.654+0000] {processor.py:840} INFO - DAG(s) 'mlops_orchestration' retrieved from /opt/airflow/dags/mlops_orchestration.py
[2026-04-20T16:13:48.692+0000] {logging_mixin.py:188} INFO - [2026-04-20T16:13:48.692+0000] {dag.py:3096} INFO - Sync 1 DAGs
[2026-04-20T16:13:48.714+0000] {logging_mixin.py:188} INFO - [2026-04-20T16:13:48.713+0000] {dag.py:3954} INFO - Setting next_dagrun for mlops_orchestration to 2026-04-19 02:00:00+00:00, run_after=2026-04-20 02:00:00+00:00
[2026-04-20T16:13:48.735+0000] {processor.py:183} INFO - Processing /opt/airflow/dags/mlops_orchestration.py took 0.135 seconds
[2026-04-20T16:14:18.897+0000] {processor.py:161} INFO - Started process (PID=472) to work on /opt/airflow/dags/mlops_orchestration.py
[2026-04-20T16:14:18.898+0000] {processor.py:830} INFO - Processing file /opt/airflow/dags/mlops_orchestration.py for tasks to queue
[2026-04-20T16:14:18.900+0000] {logging_mixin.py:188} INFO - [2026-04-20T16:14:18.900+0000] {dagbag.py:545} INFO - Filling up the DagBag from /opt/airflow/dags/mlops_orchestration.py
[2026-04-20T16:14:18.927+0000] {processor.py:840} INFO - DAG(s) 'mlops_orchestration' retrieved from /opt/airflow/dags/mlops_orchestration.py
[2026-04-20T16:14:18.962+0000] {logging_mixin.py:188} INFO - [2026-04-20T16:14:18.962+0000] {dag.py:3096} INFO - Sync 1 DAGs
[2026-04-20T16:14:18.986+0000] {logging_mixin.py:188} INFO - [2026-04-20T16:14:18.985+0000] {dag.py:3954} INFO - Setting next_dagrun for mlops_orchestration to 2026-04-19 02:00:00+00:00, run_after=2026-04-20 02:00:00+00:00
[2026-04-20T16:14:19.011+0000] {processor.py:183} INFO - Processing /opt/airflow/dags/mlops_orchestration.py took 0.120 seconds
[2026-04-20T16:14:49.180+0000] {processor.py:161} INFO - Started process (PID=473) to work on /opt/airflow/dags/mlops_orchestration.py
[2026-04-20T16:14:49.181+0000] {processor.py:830} INFO - Processing file /opt/airflow/dags/mlops_orchestration.py for tasks to queue
[2026-04-20T16:14:49.183+0000] {logging_mixin.py:188} INFO - [2026-04-20T16:14:49.183+0000] {dagbag.py:545} INFO - Filling up the DagBag from /opt/airflow/dags/mlops_orchestration.py
[2026-04-20T16:14:49.208+0000] {processor.py:840} INFO - DAG(s) 'mlops_orchestration' retrieved from /opt/airflow/dags/mlops_orchestration.py
[2026-04-20T16:14:49.241+0000] {logging_mixin.py:188} INFO - [2026-04-20T16:14:49.241+0000] {dag.py:3096} INFO - Sync 1 DAGs
[2026-04-20T16:14:49.261+0000] {logging_mixin.py:188} INFO - [2026-04-20T16:14:49.261+0000] {dag.py:3954} INFO - Setting next_dagrun for mlops_orchestration to 2026-04-19 02:00:00+00:00, run_after=2026-04-20 02:00:00+00:00
[2026-04-20T16:14:49.282+0000] {processor.py:183} INFO - Processing /opt/airflow/dags/mlops_orchestration.py took 0.107 seconds
[2026-04-20T16:15:19.455+0000] {processor.py:161} INFO - Started process (PID=474) to work on /opt/airflow/dags/mlops_orchestration.py
[2026-04-20T16:15:19.456+0000] {processor.py:830} INFO - Processing file /opt/airflow/dags/mlops_orchestration.py for tasks to queue
[2026-04-20T16:15:19.458+0000] {logging_mixin.py:188} INFO - [2026-04-20T16:15:19.458+0000] {dagbag.py:545} INFO - Filling up the DagBag from /opt/airflow/dags/mlops_orchestration.py
[2026-04-20T16:15:19.479+0000] {processor.py:840} INFO - DAG(s) 'mlops_orchestration' retrieved from /opt/airflow/dags/mlops_orchestration.py
[2026-04-20T16:15:19.509+0000] {logging_mixin.py:188} INFO - [2026-04-20T16:15:19.509+0000] {dag.py:3096} INFO - Sync 1 DAGs
[2026-04-20T16:15:19.531+0000] {logging_mixin.py:188} INFO - [2026-04-20T16:15:19.531+0000] {dag.py:3954} INFO - Setting next_dagrun for mlops_orchestration to 2026-04-19 02:00:00+00:00, run_after=2026-04-20 02:00:00+00:00
[2026-04-20T16:15:19.551+0000] {processor.py:183} INFO - Processing /opt/airflow/dags/mlops_orchestration.py took 0.102 seconds
[2026-04-20T16:15:49.743+0000] {processor.py:161} INFO - Started process (PID=475) to work on /opt/airflow/dags/mlops_orchestration.py
[2026-04-20T16:15:49.745+0000] {processor.py:830} INFO - Processing file /opt/airflow/dags/mlops_orchestration.py for tasks to queue
[2026-04-20T16:15:49.748+0000] {logging_mixin.py:188} INFO - [2026-04-20T16:15:49.747+0000] {dagbag.py:545} INFO - Filling up the DagBag from /opt/airflow/dags/mlops_orchestration.py
[2026-04-20T16:15:49.777+0000] {processor.py:840} INFO - DAG(s) 'mlops_orchestration' retrieved from /opt/airflow/dags/mlops_orchestration.py
[2026-04-20T16:15:49.810+0000] {logging_mixin.py:188} INFO - [2026-04-20T16:15:49.810+0000] {dag.py:3096} INFO - Sync 1 DAGs
[2026-04-20T16:15:49.832+0000] {logging_mixin.py:188} INFO - [2026-04-20T16:15:49.832+0000] {dag.py:3954} INFO - Setting next_dagrun for mlops_orchestration to 2026-04-19 02:00:00+00:00, run_after=2026-04-20 02:00:00+00:00
[2026-04-20T16:15:49.855+0000] {processor.py:183} INFO - Processing /opt/airflow/dags/mlops_orchestration.py took 0.118 seconds
[2026-04-20T16:16:20.035+0000] {processor.py:161} INFO - Started process (PID=476) to work on /opt/airflow/dags/mlops_orchestration.py
[2026-04-20T16:16:20.036+0000] {processor.py:830} INFO - Processing file /opt/airflow/dags/mlops_orchestration.py for tasks to queue
[2026-04-20T16:16:20.039+0000] {logging_mixin.py:188} INFO - [2026-04-20T16:16:20.038+0000] {dagbag.py:545} INFO - Filling up the DagBag from /opt/airflow/dags/mlops_orchestration.py
[2026-04-20T16:16:20.067+0000] {processor.py:840} INFO - DAG(s) 'mlops_orchestration' retrieved from /opt/airflow/dags/mlops_orchestration.py
[2026-04-20T16:16:20.107+0000] {logging_mixin.py:188} INFO - [2026-04-20T16:16:20.107+0000] {dag.py:3096} INFO - Sync 1 DAGs
[2026-04-20T16:16:20.135+0000] {logging_mixin.py:188} INFO - [2026-04-20T16:16:20.135+0000] {dag.py:3954} INFO - Setting next_dagrun for mlops_orchestration to 2026-04-19 02:00:00+00:00, run_after=2026-04-20 02:00:00+00:00
[2026-04-20T16:16:20.163+0000] {processor.py:183} INFO - Processing /opt/airflow/dags/mlops_orchestration.py took 0.134 seconds
[2026-04-20T16:16:50.296+0000] {processor.py:161} INFO - Started process (PID=477) to work on /opt/airflow/dags/mlops_orchestration.py
[2026-04-20T16:16:50.297+0000] {processor.py:830} INFO - Processing file /opt/airflow/dags/mlops_orchestration.py for tasks to queue
[2026-04-20T16:16:50.299+0000] {logging_mixin.py:188} INFO - [2026-04-20T16:16:50.298+0000] {dagbag.py:545} INFO - Filling up the DagBag from /opt/airflow/dags/mlops_orchestration.py
[2026-04-20T16:16:50.319+0000] {processor.py:840} INFO - DAG(s) 'mlops_orchestration' retrieved from /opt/airflow/dags/mlops_orchestration.py
[2026-04-20T16:16:50.350+0000] {logging_mixin.py:188} INFO - [2026-04-20T16:16:50.350+0000] {dag.py:3096} INFO - Sync 1 DAGs
[2026-04-20T16:16:50.371+0000] {logging_mixin.py:188} INFO - [2026-04-20T16:16:50.371+0000] {dag.py:3954} INFO - Setting next_dagrun for mlops_orchestration to 2026-04-19 02:00:00+00:00, run_after=2026-04-20 02:00:00+00:00
[2026-04-20T16:16:50.392+0000] {processor.py:183} INFO - Processing /opt/airflow/dags/mlops_orchestration.py took 0.103 seconds
[2026-04-20T16:17:20.601+0000] {processor.py:161} INFO - Started process (PID=478) to work on /opt/airflow/dags/mlops_orchestration.py
[2026-04-20T16:17:20.605+0000] {processor.py:830} INFO - Processing file /opt/airflow/dags/mlops_orchestration.py for tasks to queue
[2026-04-20T16:17:20.611+0000] {logging_mixin.py:188} INFO - [2026-04-20T16:17:20.610+0000] {dagbag.py:545} INFO - Filling up the DagBag from /opt/airflow/dags/mlops_orchestration.py
[2026-04-20T16:17:20.645+0000] {processor.py:840} INFO - DAG(s) 'mlops_orchestration' retrieved from /opt/airflow/dags/mlops_orchestration.py
[2026-04-20T16:17:20.676+0000] {logging_mixin.py:188} INFO - [2026-04-20T16:17:20.676+0000] {dag.py:3096} INFO - Sync 1 DAGs
[2026-04-20T16:17:20.694+0000] {logging_mixin.py:188} INFO - [2026-04-20T16:17:20.694+0000] {dag.py:3954} INFO - Setting next_dagrun for mlops_orchestration to 2026-04-19 02:00:00+00:00, run_after=2026-04-20 02:00:00+00:00
[2026-04-20T16:17:20.747+0000] {processor.py:183} INFO - Processing /opt/airflow/dags/mlops_orchestration.py took 0.162 seconds
[2026-04-20T16:17:50.882+0000] {processor.py:161} INFO - Started process (PID=479) to work on /opt/airflow/dags/mlops_orchestration.py
[2026-04-20T16:17:50.883+0000] {processor.py:830} INFO - Processing file /opt/airflow/dags/mlops_orchestration.py for tasks to queue
[2026-04-20T16:17:50.885+0000] {logging_mixin.py:188} INFO - [2026-04-20T16:17:50.885+0000] {dagbag.py:545} INFO - Filling up the DagBag from /opt/airflow/dags/mlops_orchestration.py
[2026-04-20T16:17:51.046+0000] {processor.py:840} INFO - DAG(s) 'mlops_orchestration' retrieved from /opt/airflow/dags/mlops_orchestration.py
[2026-04-20T16:17:51.222+0000] {logging_mixin.py:188} INFO - [2026-04-20T16:17:51.221+0000] {dag.py:3096} INFO - Sync 1 DAGs
[2026-04-20T16:17:51.270+0000] {logging_mixin.py:188} INFO - [2026-04-20T16:17:51.270+0000] {dag.py:3954} INFO - Setting next_dagrun for mlops_orchestration to 2026-04-19 02:00:00+00:00, run_after=2026-04-20 02:00:00+00:00
[2026-04-20T16:17:51.311+0000] {processor.py:183} INFO - Processing /opt/airflow/dags/mlops_orchestration.py took 0.445 seconds
[2026-04-20T16:18:21.484+0000] {processor.py:161} INFO - Started process (PID=480) to work on /opt/airflow/dags/mlops_orchestration.py
[2026-04-20T16:18:21.488+0000] {processor.py:830} INFO - Processing file /opt/airflow/dags/mlops_orchestration.py for tasks to queue
[2026-04-20T16:18:21.493+0000] {logging_mixin.py:188} INFO - [2026-04-20T16:18:21.493+0000] {dagbag.py:545} INFO - Filling up the DagBag from /opt/airflow/dags/mlops_orchestration.py
[2026-04-20T16:18:21.542+0000] {processor.py:840} INFO - DAG(s) 'mlops_orchestration' retrieved from /opt/airflow/dags/mlops_orchestration.py
[2026-04-20T16:18:21.605+0000] {logging_mixin.py:188} INFO - [2026-04-20T16:18:21.605+0000] {dag.py:3096} INFO - Sync 1 DAGs
[2026-04-20T16:18:21.664+0000] {logging_mixin.py:188} INFO - [2026-04-20T16:18:21.664+0000] {dag.py:3954} INFO - Setting next_dagrun for mlops_orchestration to 2026-04-19 02:00:00+00:00, run_after=2026-04-20 02:00:00+00:00
[2026-04-20T16:18:21.707+0000] {processor.py:183} INFO - Processing /opt/airflow/dags/mlops_orchestration.py took 0.240 seconds
[2026-04-20T16:18:51.869+0000] {processor.py:161} INFO - Started process (PID=481) to work on /opt/airflow/dags/mlops_orchestration.py
[2026-04-20T16:18:51.870+0000] {processor.py:830} INFO - Processing file /opt/airflow/dags/mlops_orchestration.py for tasks to queue
[2026-04-20T16:18:51.874+0000] {logging_mixin.py:188} INFO - [2026-04-20T16:18:51.873+0000] {dagbag.py:545} INFO - Filling up the DagBag from /opt/airflow/dags/mlops_orchestration.py
[2026-04-20T16:18:51.899+0000] {processor.py:840} INFO - DAG(s) 'mlops_orchestration' retrieved from /opt/airflow/dags/mlops_orchestration.py
[2026-04-20T16:18:51.935+0000] {logging_mixin.py:188} INFO - [2026-04-20T16:18:51.934+0000] {dag.py:3096} INFO - Sync 1 DAGs
[2026-04-20T16:18:51.955+0000] {logging_mixin.py:188} INFO - [2026-04-20T16:18:51.955+0000] {dag.py:3954} INFO - Setting next_dagrun for mlops_orchestration to 2026-04-19 02:00:00+00:00, run_after=2026-04-20 02:00:00+00:00
[2026-04-20T16:18:51.978+0000] {processor.py:183} INFO - Processing /opt/airflow/dags/mlops_orchestration.py took 0.115 seconds
[2026-04-20T16:19:22.157+0000] {processor.py:161} INFO - Started process (PID=482) to work on /opt/airflow/dags/mlops_orchestration.py
[2026-04-20T16:19:22.158+0000] {processor.py:830} INFO - Processing file /opt/airflow/dags/mlops_orchestration.py for tasks to queue
[2026-04-20T16:19:22.160+0000] {logging_mixin.py:188} INFO - [2026-04-20T16:19:22.160+0000] {dagbag.py:545} INFO - Filling up the DagBag from /opt/airflow/dags/mlops_orchestration.py
[2026-04-20T16:19:22.179+0000] {processor.py:840} INFO - DAG(s) 'mlops_orchestration' retrieved from /opt/airflow/dags/mlops_orchestration.py
[2026-04-20T16:19:22.209+0000] {logging_mixin.py:188} INFO - [2026-04-20T16:19:22.209+0000] {dag.py:3096} INFO - Sync 1 DAGs
[2026-04-20T16:19:22.238+0000] {logging_mixin.py:188} INFO - [2026-04-20T16:19:22.237+0000] {dag.py:3954} INFO - Setting next_dagrun for mlops_orchestration to 2026-04-19 02:00:00+00:00, run_after=2026-04-20 02:00:00+00:00
[2026-04-20T16:19:22.260+0000] {processor.py:183} INFO - Processing /opt/airflow/dags/mlops_orchestration.py took 0.108 seconds
[2026-04-20T16:19:52.454+0000] {processor.py:161} INFO - Started process (PID=483) to work on /opt/airflow/dags/mlops_orchestration.py
[2026-04-20T16:19:52.455+0000] {processor.py:830} INFO - Processing file /opt/airflow/dags/mlops_orchestration.py for tasks to queue
[2026-04-20T16:19:52.457+0000] {logging_mixin.py:188} INFO - [2026-04-20T16:19:52.456+0000] {dagbag.py:545} INFO - Filling up the DagBag from /opt/airflow/dags/mlops_orchestration.py
[2026-04-20T16:19:52.479+0000] {processor.py:840} INFO - DAG(s) 'mlops_orchestration' retrieved from /opt/airflow/dags/mlops_orchestration.py
[2026-04-20T16:19:52.508+0000] {logging_mixin.py:188} INFO - [2026-04-20T16:19:52.508+0000] {dag.py:3096} INFO - Sync 1 DAGs
[2026-04-20T16:19:52.525+0000] {logging_mixin.py:188} INFO - [2026-04-20T16:19:52.525+0000] {dag.py:3954} INFO - Setting next_dagrun for mlops_orchestration to 2026-04-19 02:00:00+00:00, run_after=2026-04-20 02:00:00+00:00
[2026-04-20T16:19:52.549+0000] {processor.py:183} INFO - Processing /opt/airflow/dags/mlops_orchestration.py took 0.100 seconds
[2026-04-20T16:20:22.746+0000] {processor.py:161} INFO - Started process (PID=484) to work on /opt/airflow/dags/mlops_orchestration.py
[2026-04-20T16:20:22.747+0000] {processor.py:830} INFO - Processing file /opt/airflow/dags/mlops_orchestration.py for tasks to queue
[2026-04-20T16:20:22.749+0000] {logging_mixin.py:188} INFO - [2026-04-20T16:20:22.749+0000] {dagbag.py:545} INFO - Filling up the DagBag from /opt/airflow/dags/mlops_orchestration.py
[2026-04-20T16:20:22.768+0000] {processor.py:840} INFO - DAG(s) 'mlops_orchestration' retrieved from /opt/airflow/dags/mlops_orchestration.py
[2026-04-20T16:20:22.796+0000] {logging_mixin.py:188} INFO - [2026-04-20T16:20:22.796+0000] {dag.py:3096} INFO - Sync 1 DAGs
[2026-04-20T16:20:22.813+0000] {logging_mixin.py:188} INFO - [2026-04-20T16:20:22.812+0000] {dag.py:3954} INFO - Setting next_dagrun for mlops_orchestration to 2026-04-19 02:00:00+00:00, run_after=2026-04-20 02:00:00+00:00
[2026-04-20T16:20:22.833+0000] {processor.py:183} INFO - Processing /opt/airflow/dags/mlops_orchestration.py took 0.092 seconds
[2026-04-20T16:20:53.057+0000] {processor.py:161} INFO - Started process (PID=485) to work on /opt/airflow/dags/mlops_orchestration.py
[2026-04-20T16:20:53.058+0000] {processor.py:830} INFO - Processing file /opt/airflow/dags/mlops_orchestration.py for tasks to queue
[2026-04-20T16:20:53.060+0000] {logging_mixin.py:188} INFO - [2026-04-20T16:20:53.060+0000] {dagbag.py:545} INFO - Filling up the DagBag from /opt/airflow/dags/mlops_orchestration.py
[2026-04-20T16:20:53.083+0000] {processor.py:840} INFO - DAG(s) 'mlops_orchestration' retrieved from /opt/airflow/dags/mlops_orchestration.py
[2026-04-20T16:20:53.111+0000] {logging_mixin.py:188} INFO - [2026-04-20T16:20:53.111+0000] {dag.py:3096} INFO - Sync 1 DAGs
[2026-04-20T16:20:53.128+0000] {logging_mixin.py:188} INFO - [2026-04-20T16:20:53.128+0000] {dag.py:3954} INFO - Setting next_dagrun for mlops_orchestration to 2026-04-19 02:00:00+00:00, run_after=2026-04-20 02:00:00+00:00
[2026-04-20T16:20:53.147+0000] {processor.py:183} INFO - Processing /opt/airflow/dags/mlops_orchestration.py took 0.097 seconds
[2026-04-20T16:21:23.338+0000] {processor.py:161} INFO - Started process (PID=486) to work on /opt/airflow/dags/mlops_orchestration.py
[2026-04-20T16:21:23.339+0000] {processor.py:830} INFO - Processing file /opt/airflow/dags/mlops_orchestration.py for tasks to queue
[2026-04-20T16:21:23.341+0000] {logging_mixin.py:188} INFO - [2026-04-20T16:21:23.341+0000] {dagbag.py:545} INFO - Filling up the DagBag from /opt/airflow/dags/mlops_orchestration.py
[2026-04-20T16:21:23.367+0000] {processor.py:840} INFO - DAG(s) 'mlops_orchestration' retrieved from /opt/airflow/dags/mlops_orchestration.py
[2026-04-20T16:21:23.396+0000] {logging_mixin.py:188} INFO - [2026-04-20T16:21:23.396+0000] {dag.py:3096} INFO - Sync 1 DAGs
[2026-04-20T16:21:23.415+0000] {logging_mixin.py:188} INFO - [2026-04-20T16:21:23.414+0000] {dag.py:3954} INFO - Setting next_dagrun for mlops_orchestration to 2026-04-19 02:00:00+00:00, run_after=2026-04-20 02:00:00+00:00
[2026-04-20T16:21:23.434+0000] {processor.py:183} INFO - Processing /opt/airflow/dags/mlops_orchestration.py took 0.102 seconds
[2026-04-20T16:21:53.626+0000] {processor.py:161} INFO - Started process (PID=487) to work on /opt/airflow/dags/mlops_orchestration.py
[2026-04-20T16:21:53.627+0000] {processor.py:830} INFO - Processing file /opt/airflow/dags/mlops_orchestration.py for tasks to queue
[2026-04-20T16:21:53.629+0000] {logging_mixin.py:188} INFO - [2026-04-20T16:21:53.629+0000] {dagbag.py:545} INFO - Filling up the DagBag from /opt/airflow/dags/mlops_orchestration.py
[2026-04-20T16:21:53.649+0000] {processor.py:840} INFO - DAG(s) 'mlops_orchestration' retrieved from /opt/airflow/dags/mlops_orchestration.py
[2026-04-20T16:21:53.679+0000] {logging_mixin.py:188} INFO - [2026-04-20T16:21:53.679+0000] {dag.py:3096} INFO - Sync 1 DAGs
[2026-04-20T16:21:53.697+0000] {logging_mixin.py:188} INFO - [2026-04-20T16:21:53.696+0000] {dag.py:3954} INFO - Setting next_dagrun for mlops_orchestration to 2026-04-19 02:00:00+00:00, run_after=2026-04-20 02:00:00+00:00
[2026-04-20T16:21:53.715+0000] {processor.py:183} INFO - Processing /opt/airflow/dags/mlops_orchestration.py took 0.096 seconds
[2026-04-20T16:22:23.929+0000] {processor.py:161} INFO - Started process (PID=488) to work on /opt/airflow/dags/mlops_orchestration.py
[2026-04-20T16:22:23.930+0000] {processor.py:830} INFO - Processing file /opt/airflow/dags/mlops_orchestration.py for tasks to queue
[2026-04-20T16:22:23.932+0000] {logging_mixin.py:188} INFO - [2026-04-20T16:22:23.932+0000] {dagbag.py:545} INFO - Filling up the DagBag from /opt/airflow/dags/mlops_orchestration.py
[2026-04-20T16:22:23.952+0000] {processor.py:840} INFO - DAG(s) 'mlops_orchestration' retrieved from /opt/airflow/dags/mlops_orchestration.py
[2026-04-20T16:22:23.981+0000] {logging_mixin.py:188} INFO - [2026-04-20T16:22:23.980+0000] {dag.py:3096} INFO - Sync 1 DAGs
[2026-04-20T16:22:23.998+0000] {logging_mixin.py:188} INFO - [2026-04-20T16:22:23.997+0000] {dag.py:3954} INFO - Setting next_dagrun for mlops_orchestration to 2026-04-19 02:00:00+00:00, run_after=2026-04-20 02:00:00+00:00
[2026-04-20T16:22:24.016+0000] {processor.py:183} INFO - Processing /opt/airflow/dags/mlops_orchestration.py took 0.093 seconds
[2026-04-20T16:22:54.231+0000] {processor.py:161} INFO - Started process (PID=489) to work on /opt/airflow/dags/mlops_orchestration.py
[2026-04-20T16:22:54.232+0000] {processor.py:830} INFO - Processing file /opt/airflow/dags/mlops_orchestration.py for tasks to queue
[2026-04-20T16:22:54.234+0000] {logging_mixin.py:188} INFO - [2026-04-20T16:22:54.233+0000] {dagbag.py:545} INFO - Filling up the DagBag from /opt/airflow/dags/mlops_orchestration.py
[2026-04-20T16:22:54.255+0000] {processor.py:840} INFO - DAG(s) 'mlops_orchestration' retrieved from /opt/airflow/dags/mlops_orchestration.py
[2026-04-20T16:22:54.284+0000] {logging_mixin.py:188} INFO - [2026-04-20T16:22:54.284+0000] {dag.py:3096} INFO - Sync 1 DAGs
[2026-04-20T16:22:54.302+0000] {logging_mixin.py:188} INFO - [2026-04-20T16:22:54.302+0000] {dag.py:3954} INFO - Setting next_dagrun for mlops_orchestration to 2026-04-19 02:00:00+00:00, run_after=2026-04-20 02:00:00+00:00
[2026-04-20T16:22:54.324+0000] {processor.py:183} INFO - Processing /opt/airflow/dags/mlops_orchestration.py took 0.098 seconds
[2026-04-20T16:23:24.532+0000] {processor.py:161} INFO - Started process (PID=490) to work on /opt/airflow/dags/mlops_orchestration.py
[2026-04-20T16:23:24.533+0000] {processor.py:830} INFO - Processing file /opt/airflow/dags/mlops_orchestration.py for tasks to queue
[2026-04-20T16:23:24.535+0000] {logging_mixin.py:188} INFO - [2026-04-20T16:23:24.534+0000] {dagbag.py:545} INFO - Filling up the DagBag from /opt/airflow/dags/mlops_orchestration.py
[2026-04-20T16:23:24.554+0000] {processor.py:840} INFO - DAG(s) 'mlops_orchestration' retrieved from /opt/airflow/dags/mlops_orchestration.py
[2026-04-20T16:23:24.583+0000] {logging_mixin.py:188} INFO - [2026-04-20T16:23:24.583+0000] {dag.py:3096} INFO - Sync 1 DAGs
[2026-04-20T16:23:24.600+0000] {logging_mixin.py:188} INFO - [2026-04-20T16:23:24.599+0000] {dag.py:3954} INFO - Setting next_dagrun for mlops_orchestration to 2026-04-19 02:00:00+00:00, run_after=2026-04-20 02:00:00+00:00
[2026-04-20T16:23:24.621+0000] {processor.py:183} INFO - Processing /opt/airflow/dags/mlops_orchestration.py took 0.095 seconds
[2026-04-20T16:23:54.808+0000] {processor.py:161} INFO - Started process (PID=491) to work on /opt/airflow/dags/mlops_orchestration.py
[2026-04-20T16:23:54.809+0000] {processor.py:830} INFO - Processing file /opt/airflow/dags/mlops_orchestration.py for tasks to queue
[2026-04-20T16:23:54.811+0000] {logging_mixin.py:188} INFO - [2026-04-20T16:23:54.810+0000] {dagbag.py:545} INFO - Filling up the DagBag from /opt/airflow/dags/mlops_orchestration.py
[2026-04-20T16:23:54.832+0000] {processor.py:840} INFO - DAG(s) 'mlops_orchestration' retrieved from /opt/airflow/dags/mlops_orchestration.py
[2026-04-20T16:23:54.860+0000] {logging_mixin.py:188} INFO - [2026-04-20T16:23:54.860+0000] {dag.py:3096} INFO - Sync 1 DAGs
[2026-04-20T16:23:54.877+0000] {logging_mixin.py:188} INFO - [2026-04-20T16:23:54.877+0000] {dag.py:3954} INFO - Setting next_dagrun for mlops_orchestration to 2026-04-19 02:00:00+00:00, run_after=2026-04-20 02:00:00+00:00
[2026-04-20T16:23:54.896+0000] {processor.py:183} INFO - Processing /opt/airflow/dags/mlops_orchestration.py took 0.093 seconds
[2026-04-20T16:24:25.105+0000] {processor.py:161} INFO - Started process (PID=492) to work on /opt/airflow/dags/mlops_orchestration.py
[2026-04-20T16:24:25.107+0000] {processor.py:830} INFO - Processing file /opt/airflow/dags/mlops_orchestration.py for tasks to queue
[2026-04-20T16:24:25.109+0000] {logging_mixin.py:188} INFO - [2026-04-20T16:24:25.108+0000] {dagbag.py:545} INFO - Filling up the DagBag from /opt/airflow/dags/mlops_orchestration.py
[2026-04-20T16:24:25.133+0000] {processor.py:840} INFO - DAG(s) 'mlops_orchestration' retrieved from /opt/airflow/dags/mlops_orchestration.py
[2026-04-20T16:24:25.165+0000] {logging_mixin.py:188} INFO - [2026-04-20T16:24:25.165+0000] {dag.py:3096} INFO - Sync 1 DAGs
[2026-04-20T16:24:25.185+0000] {logging_mixin.py:188} INFO - [2026-04-20T16:24:25.185+0000] {dag.py:3954} INFO - Setting next_dagrun for mlops_orchestration to 2026-04-19 02:00:00+00:00, run_after=2026-04-20 02:00:00+00:00
[2026-04-20T16:24:25.206+0000] {processor.py:183} INFO - Processing /opt/airflow/dags/mlops_orchestration.py took 0.107 seconds
[2026-04-20T16:24:55.380+0000] {processor.py:161} INFO - Started process (PID=493) to work on /opt/airflow/dags/mlops_orchestration.py
[2026-04-20T16:24:55.381+0000] {processor.py:830} INFO - Processing file /opt/airflow/dags/mlops_orchestration.py for tasks to queue
[2026-04-20T16:24:55.383+0000] {logging_mixin.py:188} INFO - [2026-04-20T16:24:55.382+0000] {dagbag.py:545} INFO - Filling up the DagBag from /opt/airflow/dags/mlops_orchestration.py
[2026-04-20T16:24:55.402+0000] {processor.py:840} INFO - DAG(s) 'mlops_orchestration' retrieved from /opt/airflow/dags/mlops_orchestration.py
[2026-04-20T16:24:55.430+0000] {logging_mixin.py:188} INFO - [2026-04-20T16:24:55.430+0000] {dag.py:3096} INFO - Sync 1 DAGs
[2026-04-20T16:24:55.446+0000] {logging_mixin.py:188} INFO - [2026-04-20T16:24:55.446+0000] {dag.py:3954} INFO - Setting next_dagrun for mlops_orchestration to 2026-04-19 02:00:00+00:00, run_after=2026-04-20 02:00:00+00:00
[2026-04-20T16:24:55.467+0000] {processor.py:183} INFO - Processing /opt/airflow/dags/mlops_orchestration.py took 0.092 seconds
[2026-04-20T16:25:25.561+0000] {processor.py:161} INFO - Started process (PID=494) to work on /opt/airflow/dags/mlops_orchestration.py
[2026-04-20T16:25:25.562+0000] {processor.py:830} INFO - Processing file /opt/airflow/dags/mlops_orchestration.py for tasks to queue
[2026-04-20T16:25:25.564+0000] {logging_mixin.py:188} INFO - [2026-04-20T16:25:25.564+0000] {dagbag.py:545} INFO - Filling up the DagBag from /opt/airflow/dags/mlops_orchestration.py
[2026-04-20T16:25:25.584+0000] {processor.py:840} INFO - DAG(s) 'mlops_orchestration' retrieved from /opt/airflow/dags/mlops_orchestration.py
[2026-04-20T16:25:25.612+0000] {logging_mixin.py:188} INFO - [2026-04-20T16:25:25.611+0000] {dag.py:3096} INFO - Sync 1 DAGs
[2026-04-20T16:25:25.628+0000] {logging_mixin.py:188} INFO - [2026-04-20T16:25:25.628+0000] {dag.py:3954} INFO - Setting next_dagrun for mlops_orchestration to 2026-04-19 02:00:00+00:00, run_after=2026-04-20 02:00:00+00:00
[2026-04-20T16:25:25.649+0000] {processor.py:183} INFO - Processing /opt/airflow/dags/mlops_orchestration.py took 0.093 seconds
[2026-04-20T16:25:55.864+0000] {processor.py:161} INFO - Started process (PID=495) to work on /opt/airflow/dags/mlops_orchestration.py
[2026-04-20T16:25:55.865+0000] {processor.py:830} INFO - Processing file /opt/airflow/dags/mlops_orchestration.py for tasks to queue
[2026-04-20T16:25:55.867+0000] {logging_mixin.py:188} INFO - [2026-04-20T16:25:55.867+0000] {dagbag.py:545} INFO - Filling up the DagBag from /opt/airflow/dags/mlops_orchestration.py
[2026-04-20T16:25:55.890+0000] {processor.py:840} INFO - DAG(s) 'mlops_orchestration' retrieved from /opt/airflow/dags/mlops_orchestration.py
[2026-04-20T16:25:55.920+0000] {logging_mixin.py:188} INFO - [2026-04-20T16:25:55.920+0000] {dag.py:3096} INFO - Sync 1 DAGs
[2026-04-20T16:25:55.938+0000] {logging_mixin.py:188} INFO - [2026-04-20T16:25:55.938+0000] {dag.py:3954} INFO - Setting next_dagrun for mlops_orchestration to 2026-04-19 02:00:00+00:00, run_after=2026-04-20 02:00:00+00:00
[2026-04-20T16:25:55.959+0000] {processor.py:183} INFO - Processing /opt/airflow/dags/mlops_orchestration.py took 0.107 seconds
[2026-04-20T16:26:26.145+0000] {processor.py:161} INFO - Started process (PID=496) to work on /opt/airflow/dags/mlops_orchestration.py
[2026-04-20T16:26:26.146+0000] {processor.py:830} INFO - Processing file /opt/airflow/dags/mlops_orchestration.py for tasks to queue
[2026-04-20T16:26:26.147+0000] {logging_mixin.py:188} INFO - [2026-04-20T16:26:26.147+0000] {dagbag.py:545} INFO - Filling up the DagBag from /opt/airflow/dags/mlops_orchestration.py
[2026-04-20T16:26:26.166+0000] {processor.py:840} INFO - DAG(s) 'mlops_orchestration' retrieved from /opt/airflow/dags/mlops_orchestration.py
[2026-04-20T16:26:26.194+0000] {logging_mixin.py:188} INFO - [2026-04-20T16:26:26.194+0000] {dag.py:3096} INFO - Sync 1 DAGs
[2026-04-20T16:26:26.210+0000] {logging_mixin.py:188} INFO - [2026-04-20T16:26:26.210+0000] {dag.py:3954} INFO - Setting next_dagrun for mlops_orchestration to 2026-04-19 02:00:00+00:00, run_after=2026-04-20 02:00:00+00:00
[2026-04-20T16:26:26.232+0000] {processor.py:183} INFO - Processing /opt/airflow/dags/mlops_orchestration.py took 0.092 seconds
[2026-04-20T16:26:56.352+0000] {processor.py:161} INFO - Started process (PID=497) to work on /opt/airflow/dags/mlops_orchestration.py
[2026-04-20T16:26:56.354+0000] {processor.py:830} INFO - Processing file /opt/airflow/dags/mlops_orchestration.py for tasks to queue
[2026-04-20T16:26:56.355+0000] {logging_mixin.py:188} INFO - [2026-04-20T16:26:56.355+0000] {dagbag.py:545} INFO - Filling up the DagBag from /opt/airflow/dags/mlops_orchestration.py
[2026-04-20T16:26:56.375+0000] {processor.py:840} INFO - DAG(s) 'mlops_orchestration' retrieved from /opt/airflow/dags/mlops_orchestration.py
[2026-04-20T16:26:56.402+0000] {logging_mixin.py:188} INFO - [2026-04-20T16:26:56.402+0000] {dag.py:3096} INFO - Sync 1 DAGs
[2026-04-20T16:26:56.421+0000] {logging_mixin.py:188} INFO - [2026-04-20T16:26:56.420+0000] {dag.py:3954} INFO - Setting next_dagrun for mlops_orchestration to 2026-04-19 02:00:00+00:00, run_after=2026-04-20 02:00:00+00:00
[2026-04-20T16:26:56.441+0000] {processor.py:183} INFO - Processing /opt/airflow/dags/mlops_orchestration.py took 0.094 seconds
[2026-04-20T16:27:26.648+0000] {processor.py:161} INFO - Started process (PID=498) to work on /opt/airflow/dags/mlops_orchestration.py
[2026-04-20T16:27:26.649+0000] {processor.py:830} INFO - Processing file /opt/airflow/dags/mlops_orchestration.py for tasks to queue
[2026-04-20T16:27:26.651+0000] {logging_mixin.py:188} INFO - [2026-04-20T16:27:26.650+0000] {dagbag.py:545} INFO - Filling up the DagBag from /opt/airflow/dags/mlops_orchestration.py
[2026-04-20T16:27:26.673+0000] {processor.py:840} INFO - DAG(s) 'mlops_orchestration' retrieved from /opt/airflow/dags/mlops_orchestration.py
[2026-04-20T16:27:26.702+0000] {logging_mixin.py:188} INFO - [2026-04-20T16:27:26.702+0000] {dag.py:3096} INFO - Sync 1 DAGs
[2026-04-20T16:27:26.721+0000] {logging_mixin.py:188} INFO - [2026-04-20T16:27:26.721+0000] {dag.py:3954} INFO - Setting next_dagrun for mlops_orchestration to 2026-04-19 02:00:00+00:00, run_after=2026-04-20 02:00:00+00:00
[2026-04-20T16:27:26.742+0000] {processor.py:183} INFO - Processing /opt/airflow/dags/mlops_orchestration.py took 0.100 seconds
[2026-04-20T16:27:56.962+0000] {processor.py:161} INFO - Started process (PID=499) to work on /opt/airflow/dags/mlops_orchestration.py
[2026-04-20T16:27:56.963+0000] {processor.py:830} INFO - Processing file /opt/airflow/dags/mlops_orchestration.py for tasks to queue
[2026-04-20T16:27:56.965+0000] {logging_mixin.py:188} INFO - [2026-04-20T16:27:56.965+0000] {dagbag.py:545} INFO - Filling up the DagBag from /opt/airflow/dags/mlops_orchestration.py
[2026-04-20T16:27:56.986+0000] {processor.py:840} INFO - DAG(s) 'mlops_orchestration' retrieved from /opt/airflow/dags/mlops_orchestration.py
[2026-04-20T16:27:57.014+0000] {logging_mixin.py:188} INFO - [2026-04-20T16:27:57.014+0000] {dag.py:3096} INFO - Sync 1 DAGs
[2026-04-20T16:27:57.031+0000] {logging_mixin.py:188} INFO - [2026-04-20T16:27:57.030+0000] {dag.py:3954} INFO - Setting next_dagrun for mlops_orchestration to 2026-04-19 02:00:00+00:00, run_after=2026-04-20 02:00:00+00:00
[2026-04-20T16:27:57.067+0000] {processor.py:183} INFO - Processing /opt/airflow/dags/mlops_orchestration.py took 0.110 seconds
[2026-04-20T16:28:27.226+0000] {processor.py:161} INFO - Started process (PID=500) to work on /opt/airflow/dags/mlops_orchestration.py
[2026-04-20T16:28:27.227+0000] {processor.py:830} INFO - Processing file /opt/airflow/dags/mlops_orchestration.py for tasks to queue
[2026-04-20T16:28:27.232+0000] {logging_mixin.py:188} INFO - [2026-04-20T16:28:27.228+0000] {dagbag.py:545} INFO - Filling up the DagBag from /opt/airflow/dags/mlops_orchestration.py
[2026-04-20T16:28:27.250+0000] {processor.py:840} INFO - DAG(s) 'mlops_orchestration' retrieved from /opt/airflow/dags/mlops_orchestration.py
[2026-04-20T16:28:27.277+0000] {logging_mixin.py:188} INFO - [2026-04-20T16:28:27.277+0000] {dag.py:3096} INFO - Sync 1 DAGs
[2026-04-20T16:28:27.294+0000] {logging_mixin.py:188} INFO - [2026-04-20T16:28:27.294+0000] {dag.py:3954} INFO - Setting next_dagrun for mlops_orchestration to 2026-04-19 02:00:00+00:00, run_after=2026-04-20 02:00:00+00:00
[2026-04-20T16:28:27.325+0000] {processor.py:183} INFO - Processing /opt/airflow/dags/mlops_orchestration.py took 0.104 seconds
[2026-04-20T16:28:57.519+0000] {processor.py:161} INFO - Started process (PID=501) to work on /opt/airflow/dags/mlops_orchestration.py
[2026-04-20T16:28:57.520+0000] {processor.py:830} INFO - Processing file /opt/airflow/dags/mlops_orchestration.py for tasks to queue
[2026-04-20T16:28:57.522+0000] {logging_mixin.py:188} INFO - [2026-04-20T16:28:57.521+0000] {dagbag.py:545} INFO - Filling up the DagBag from /opt/airflow/dags/mlops_orchestration.py
[2026-04-20T16:28:57.546+0000] {processor.py:840} INFO - DAG(s) 'mlops_orchestration' retrieved from /opt/airflow/dags/mlops_orchestration.py
[2026-04-20T16:28:57.575+0000] {logging_mixin.py:188} INFO - [2026-04-20T16:28:57.575+0000] {dag.py:3096} INFO - Sync 1 DAGs
[2026-04-20T16:28:57.593+0000] {logging_mixin.py:188} INFO - [2026-04-20T16:28:57.593+0000] {dag.py:3954} INFO - Setting next_dagrun for mlops_orchestration to 2026-04-19 02:00:00+00:00, run_after=2026-04-20 02:00:00+00:00
[2026-04-20T16:28:57.613+0000] {processor.py:183} INFO - Processing /opt/airflow/dags/mlops_orchestration.py took 0.100 seconds
[2026-04-20T16:29:27.851+0000] {processor.py:161} INFO - Started process (PID=503) to work on /opt/airflow/dags/mlops_orchestration.py
[2026-04-20T16:29:27.852+0000] {processor.py:830} INFO - Processing file /opt/airflow/dags/mlops_orchestration.py for tasks to queue
[2026-04-20T16:29:27.854+0000] {logging_mixin.py:188} INFO - [2026-04-20T16:29:27.854+0000] {dagbag.py:545} INFO - Filling up the DagBag from /opt/airflow/dags/mlops_orchestration.py
[2026-04-20T16:29:27.875+0000] {processor.py:840} INFO - DAG(s) 'mlops_orchestration' retrieved from /opt/airflow/dags/mlops_orchestration.py
[2026-04-20T16:29:27.911+0000] {logging_mixin.py:188} INFO - [2026-04-20T16:29:27.911+0000] {dag.py:3096} INFO - Sync 1 DAGs
[2026-04-20T16:29:27.933+0000] {logging_mixin.py:188} INFO - [2026-04-20T16:29:27.933+0000] {dag.py:3954} INFO - Setting next_dagrun for mlops_orchestration to 2026-04-19 02:00:00+00:00, run_after=2026-04-20 02:00:00+00:00
[2026-04-20T16:29:27.960+0000] {processor.py:183} INFO - Processing /opt/airflow/dags/mlops_orchestration.py took 0.125 seconds
[2026-04-20T16:29:58.138+0000] {processor.py:161} INFO - Started process (PID=504) to work on /opt/airflow/dags/mlops_orchestration.py
[2026-04-20T16:29:58.141+0000] {processor.py:830} INFO - Processing file /opt/airflow/dags/mlops_orchestration.py for tasks to queue
[2026-04-20T16:29:58.147+0000] {logging_mixin.py:188} INFO - [2026-04-20T16:29:58.146+0000] {dagbag.py:545} INFO - Filling up the DagBag from /opt/airflow/dags/mlops_orchestration.py
[2026-04-20T16:29:58.175+0000] {processor.py:840} INFO - DAG(s) 'mlops_orchestration' retrieved from /opt/airflow/dags/mlops_orchestration.py
[2026-04-20T16:29:58.209+0000] {logging_mixin.py:188} INFO - [2026-04-20T16:29:58.209+0000] {dag.py:3096} INFO - Sync 1 DAGs
[2026-04-20T16:29:58.235+0000] {logging_mixin.py:188} INFO - [2026-04-20T16:29:58.235+0000] {dag.py:3954} INFO - Setting next_dagrun for mlops_orchestration to 2026-04-19 02:00:00+00:00, run_after=2026-04-20 02:00:00+00:00
[2026-04-20T16:29:58.259+0000] {processor.py:183} INFO - Processing /opt/airflow/dags/mlops_orchestration.py took 0.128 seconds
[2026-04-20T16:30:28.462+0000] {processor.py:161} INFO - Started process (PID=505) to work on /opt/airflow/dags/mlops_orchestration.py
[2026-04-20T16:30:28.463+0000] {processor.py:830} INFO - Processing file /opt/airflow/dags/mlops_orchestration.py for tasks to queue
[2026-04-20T16:30:28.466+0000] {logging_mixin.py:188} INFO - [2026-04-20T16:30:28.465+0000] {dagbag.py:545} INFO - Filling up the DagBag from /opt/airflow/dags/mlops_orchestration.py
[2026-04-20T16:30:28.497+0000] {processor.py:840} INFO - DAG(s) 'mlops_orchestration' retrieved from /opt/airflow/dags/mlops_orchestration.py
[2026-04-20T16:30:28.531+0000] {logging_mixin.py:188} INFO - [2026-04-20T16:30:28.531+0000] {dag.py:3096} INFO - Sync 1 DAGs
[2026-04-20T16:30:28.551+0000] {logging_mixin.py:188} INFO - [2026-04-20T16:30:28.551+0000] {dag.py:3954} INFO - Setting next_dagrun for mlops_orchestration to 2026-04-19 02:00:00+00:00, run_after=2026-04-20 02:00:00+00:00
[2026-04-20T16:30:28.572+0000] {processor.py:183} INFO - Processing /opt/airflow/dags/mlops_orchestration.py took 0.124 seconds
[2026-04-20T16:30:58.719+0000] {processor.py:161} INFO - Started process (PID=506) to work on /opt/airflow/dags/mlops_orchestration.py
[2026-04-20T16:30:58.720+0000] {processor.py:830} INFO - Processing file /opt/airflow/dags/mlops_orchestration.py for tasks to queue
[2026-04-20T16:30:58.722+0000] {logging_mixin.py:188} INFO - [2026-04-20T16:30:58.721+0000] {dagbag.py:545} INFO - Filling up the DagBag from /opt/airflow/dags/mlops_orchestration.py
[2026-04-20T16:30:58.741+0000] {processor.py:840} INFO - DAG(s) 'mlops_orchestration' retrieved from /opt/airflow/dags/mlops_orchestration.py
[2026-04-20T16:30:58.769+0000] {logging_mixin.py:188} INFO - [2026-04-20T16:30:58.768+0000] {dag.py:3096} INFO - Sync 1 DAGs
[2026-04-20T16:30:58.786+0000] {logging_mixin.py:188} INFO - [2026-04-20T16:30:58.786+0000] {dag.py:3954} INFO - Setting next_dagrun for mlops_orchestration to 2026-04-19 02:00:00+00:00, run_after=2026-04-20 02:00:00+00:00
[2026-04-20T16:30:58.808+0000] {processor.py:183} INFO - Processing /opt/airflow/dags/mlops_orchestration.py took 0.094 seconds
[2026-04-20T16:31:29.008+0000] {processor.py:161} INFO - Started process (PID=507) to work on /opt/airflow/dags/mlops_orchestration.py
[2026-04-20T16:31:29.009+0000] {processor.py:830} INFO - Processing file /opt/airflow/dags/mlops_orchestration.py for tasks to queue
[2026-04-20T16:31:29.012+0000] {logging_mixin.py:188} INFO - [2026-04-20T16:31:29.011+0000] {dagbag.py:545} INFO - Filling up the DagBag from /opt/airflow/dags/mlops_orchestration.py
[2026-04-20T16:31:29.033+0000] {processor.py:840} INFO - DAG(s) 'mlops_orchestration' retrieved from /opt/airflow/dags/mlops_orchestration.py
[2026-04-20T16:31:29.064+0000] {logging_mixin.py:188} INFO - [2026-04-20T16:31:29.064+0000] {dag.py:3096} INFO - Sync 1 DAGs
[2026-04-20T16:31:29.086+0000] {logging_mixin.py:188} INFO - [2026-04-20T16:31:29.086+0000] {dag.py:3954} INFO - Setting next_dagrun for mlops_orchestration to 2026-04-19 02:00:00+00:00, run_after=2026-04-20 02:00:00+00:00
[2026-04-20T16:31:29.106+0000] {processor.py:183} INFO - Processing /opt/airflow/dags/mlops_orchestration.py took 0.105 seconds
[2026-04-20T16:31:59.313+0000] {processor.py:161} INFO - Started process (PID=508) to work on /opt/airflow/dags/mlops_orchestration.py
[2026-04-20T16:31:59.314+0000] {processor.py:830} INFO - Processing file /opt/airflow/dags/mlops_orchestration.py for tasks to queue
[2026-04-20T16:31:59.316+0000] {logging_mixin.py:188} INFO - [2026-04-20T16:31:59.316+0000] {dagbag.py:545} INFO - Filling up the DagBag from /opt/airflow/dags/mlops_orchestration.py
[2026-04-20T16:31:59.342+0000] {processor.py:840} INFO - DAG(s) 'mlops_orchestration' retrieved from /opt/airflow/dags/mlops_orchestration.py
[2026-04-20T16:31:59.372+0000] {logging_mixin.py:188} INFO - [2026-04-20T16:31:59.372+0000] {dag.py:3096} INFO - Sync 1 DAGs
[2026-04-20T16:31:59.389+0000] {logging_mixin.py:188} INFO - [2026-04-20T16:31:59.389+0000] {dag.py:3954} INFO - Setting next_dagrun for mlops_orchestration to 2026-04-19 02:00:00+00:00, run_after=2026-04-20 02:00:00+00:00
[2026-04-20T16:31:59.411+0000] {processor.py:183} INFO - Processing /opt/airflow/dags/mlops_orchestration.py took 0.105 seconds
[2026-04-20T16:32:29.591+0000] {processor.py:161} INFO - Started process (PID=509) to work on /opt/airflow/dags/mlops_orchestration.py
[2026-04-20T16:32:29.592+0000] {processor.py:830} INFO - Processing file /opt/airflow/dags/mlops_orchestration.py for tasks to queue
[2026-04-20T16:32:29.594+0000] {logging_mixin.py:188} INFO - [2026-04-20T16:32:29.593+0000] {dagbag.py:545} INFO - Filling up the DagBag from /opt/airflow/dags/mlops_orchestration.py
[2026-04-20T16:32:29.613+0000] {processor.py:840} INFO - DAG(s) 'mlops_orchestration' retrieved from /opt/airflow/dags/mlops_orchestration.py
[2026-04-20T16:32:29.640+0000] {logging_mixin.py:188} INFO - [2026-04-20T16:32:29.640+0000] {dag.py:3096} INFO - Sync 1 DAGs
[2026-04-20T16:32:29.657+0000] {logging_mixin.py:188} INFO - [2026-04-20T16:32:29.657+0000] {dag.py:3954} INFO - Setting next_dagrun for mlops_orchestration to 2026-04-19 02:00:00+00:00, run_after=2026-04-20 02:00:00+00:00
[2026-04-20T16:32:29.679+0000] {processor.py:183} INFO - Processing /opt/airflow/dags/mlops_orchestration.py took 0.093 seconds
[2026-04-20T16:32:59.879+0000] {processor.py:161} INFO - Started process (PID=510) to work on /opt/airflow/dags/mlops_orchestration.py
[2026-04-20T16:32:59.880+0000] {processor.py:830} INFO - Processing file /opt/airflow/dags/mlops_orchestration.py for tasks to queue
[2026-04-20T16:32:59.882+0000] {logging_mixin.py:188} INFO - [2026-04-20T16:32:59.882+0000] {dagbag.py:545} INFO - Filling up the DagBag from /opt/airflow/dags/mlops_orchestration.py
[2026-04-20T16:32:59.902+0000] {processor.py:840} INFO - DAG(s) 'mlops_orchestration' retrieved from /opt/airflow/dags/mlops_orchestration.py
[2026-04-20T16:32:59.930+0000] {logging_mixin.py:188} INFO - [2026-04-20T16:32:59.930+0000] {dag.py:3096} INFO - Sync 1 DAGs
[2026-04-20T16:32:59.948+0000] {logging_mixin.py:188} INFO - [2026-04-20T16:32:59.948+0000] {dag.py:3954} INFO - Setting next_dagrun for mlops_orchestration to 2026-04-19 02:00:00+00:00, run_after=2026-04-20 02:00:00+00:00
[2026-04-20T16:32:59.968+0000] {processor.py:183} INFO - Processing /opt/airflow/dags/mlops_orchestration.py took 0.104 seconds
[2026-04-20T16:33:30.166+0000] {processor.py:161} INFO - Started process (PID=511) to work on /opt/airflow/dags/mlops_orchestration.py
[2026-04-20T16:33:30.167+0000] {processor.py:830} INFO - Processing file /opt/airflow/dags/mlops_orchestration.py for tasks to queue
[2026-04-20T16:33:30.169+0000] {logging_mixin.py:188} INFO - [2026-04-20T16:33:30.168+0000] {dagbag.py:545} INFO - Filling up the DagBag from /opt/airflow/dags/mlops_orchestration.py
[2026-04-20T16:33:30.187+0000] {processor.py:840} INFO - DAG(s) 'mlops_orchestration' retrieved from /opt/airflow/dags/mlops_orchestration.py
[2026-04-20T16:33:30.215+0000] {logging_mixin.py:188} INFO - [2026-04-20T16:33:30.215+0000] {dag.py:3096} INFO - Sync 1 DAGs
[2026-04-20T16:33:30.234+0000] {logging_mixin.py:188} INFO - [2026-04-20T16:33:30.234+0000] {dag.py:3954} INFO - Setting next_dagrun for mlops_orchestration to 2026-04-19 02:00:00+00:00, run_after=2026-04-20 02:00:00+00:00
[2026-04-20T16:33:30.256+0000] {processor.py:183} INFO - Processing /opt/airflow/dags/mlops_orchestration.py took 0.095 seconds
[2026-04-20T16:34:00.479+0000] {processor.py:161} INFO - Started process (PID=512) to work on /opt/airflow/dags/mlops_orchestration.py
[2026-04-20T16:34:00.480+0000] {processor.py:830} INFO - Processing file /opt/airflow/dags/mlops_orchestration.py for tasks to queue
[2026-04-20T16:34:00.483+0000] {logging_mixin.py:188} INFO - [2026-04-20T16:34:00.482+0000] {dagbag.py:545} INFO - Filling up the DagBag from /opt/airflow/dags/mlops_orchestration.py
[2026-04-20T16:34:00.502+0000] {processor.py:840} INFO - DAG(s) 'mlops_orchestration' retrieved from /opt/airflow/dags/mlops_orchestration.py
[2026-04-20T16:34:00.532+0000] {logging_mixin.py:188} INFO - [2026-04-20T16:34:00.532+0000] {dag.py:3096} INFO - Sync 1 DAGs
[2026-04-20T16:34:00.549+0000] {logging_mixin.py:188} INFO - [2026-04-20T16:34:00.549+0000] {dag.py:3954} INFO - Setting next_dagrun for mlops_orchestration to 2026-04-19 02:00:00+00:00, run_after=2026-04-20 02:00:00+00:00
[2026-04-20T16:34:00.567+0000] {processor.py:183} INFO - Processing /opt/airflow/dags/mlops_orchestration.py took 0.096 seconds
[2026-04-20T16:34:30.772+0000] {processor.py:161} INFO - Started process (PID=513) to work on /opt/airflow/dags/mlops_orchestration.py
[2026-04-20T16:34:30.773+0000] {processor.py:830} INFO - Processing file /opt/airflow/dags/mlops_orchestration.py for tasks to queue
[2026-04-20T16:34:30.775+0000] {logging_mixin.py:188} INFO - [2026-04-20T16:34:30.774+0000] {dagbag.py:545} INFO - Filling up the DagBag from /opt/airflow/dags/mlops_orchestration.py
[2026-04-20T16:34:30.797+0000] {processor.py:840} INFO - DAG(s) 'mlops_orchestration' retrieved from /opt/airflow/dags/mlops_orchestration.py
[2026-04-20T16:34:30.835+0000] {logging_mixin.py:188} INFO - [2026-04-20T16:34:30.835+0000] {dag.py:3096} INFO - Sync 1 DAGs
[2026-04-20T16:34:30.857+0000] {logging_mixin.py:188} INFO - [2026-04-20T16:34:30.857+0000] {dag.py:3954} INFO - Setting next_dagrun for mlops_orchestration to 2026-04-19 02:00:00+00:00, run_after=2026-04-20 02:00:00+00:00
[2026-04-20T16:34:30.882+0000] {processor.py:183} INFO - Processing /opt/airflow/dags/mlops_orchestration.py took 0.116 seconds
[2026-04-20T16:35:01.049+0000] {processor.py:161} INFO - Started process (PID=514) to work on /opt/airflow/dags/mlops_orchestration.py
[2026-04-20T16:35:01.050+0000] {processor.py:830} INFO - Processing file /opt/airflow/dags/mlops_orchestration.py for tasks to queue
[2026-04-20T16:35:01.052+0000] {logging_mixin.py:188} INFO - [2026-04-20T16:35:01.051+0000] {dagbag.py:545} INFO - Filling up the DagBag from /opt/airflow/dags/mlops_orchestration.py
[2026-04-20T16:35:01.070+0000] {processor.py:840} INFO - DAG(s) 'mlops_orchestration' retrieved from /opt/airflow/dags/mlops_orchestration.py
[2026-04-20T16:35:01.098+0000] {logging_mixin.py:188} INFO - [2026-04-20T16:35:01.098+0000] {dag.py:3096} INFO - Sync 1 DAGs
[2026-04-20T16:35:01.115+0000] {logging_mixin.py:188} INFO - [2026-04-20T16:35:01.114+0000] {dag.py:3954} INFO - Setting next_dagrun for mlops_orchestration to 2026-04-19 02:00:00+00:00, run_after=2026-04-20 02:00:00+00:00
[2026-04-20T16:35:01.135+0000] {processor.py:183} INFO - Processing /opt/airflow/dags/mlops_orchestration.py took 0.091 seconds
[2026-04-20T16:35:31.346+0000] {processor.py:161} INFO - Started process (PID=515) to work on /opt/airflow/dags/mlops_orchestration.py
[2026-04-20T16:35:31.347+0000] {processor.py:830} INFO - Processing file /opt/airflow/dags/mlops_orchestration.py for tasks to queue
[2026-04-20T16:35:31.349+0000] {logging_mixin.py:188} INFO - [2026-04-20T16:35:31.349+0000] {dagbag.py:545} INFO - Filling up the DagBag from /opt/airflow/dags/mlops_orchestration.py
[2026-04-20T16:35:31.370+0000] {processor.py:840} INFO - DAG(s) 'mlops_orchestration' retrieved from /opt/airflow/dags/mlops_orchestration.py
[2026-04-20T16:35:31.398+0000] {logging_mixin.py:188} INFO - [2026-04-20T16:35:31.398+0000] {dag.py:3096} INFO - Sync 1 DAGs
[2026-04-20T16:35:31.415+0000] {logging_mixin.py:188} INFO - [2026-04-20T16:35:31.414+0000] {dag.py:3954} INFO - Setting next_dagrun for mlops_orchestration to 2026-04-19 02:00:00+00:00, run_after=2026-04-20 02:00:00+00:00
[2026-04-20T16:35:31.436+0000] {processor.py:183} INFO - Processing /opt/airflow/dags/mlops_orchestration.py took 0.095 seconds
[2026-04-20T16:36:01.639+0000] {processor.py:161} INFO - Started process (PID=516) to work on /opt/airflow/dags/mlops_orchestration.py
[2026-04-20T16:36:01.640+0000] {processor.py:830} INFO - Processing file /opt/airflow/dags/mlops_orchestration.py for tasks to queue
[2026-04-20T16:36:01.642+0000] {logging_mixin.py:188} INFO - [2026-04-20T16:36:01.642+0000] {dagbag.py:545} INFO - Filling up the DagBag from /opt/airflow/dags/mlops_orchestration.py
[2026-04-20T16:36:01.663+0000] {processor.py:840} INFO - DAG(s) 'mlops_orchestration' retrieved from /opt/airflow/dags/mlops_orchestration.py
[2026-04-20T16:36:01.692+0000] {logging_mixin.py:188} INFO - [2026-04-20T16:36:01.692+0000] {dag.py:3096} INFO - Sync 1 DAGs
[2026-04-20T16:36:01.710+0000] {logging_mixin.py:188} INFO - [2026-04-20T16:36:01.710+0000] {dag.py:3954} INFO - Setting next_dagrun for mlops_orchestration to 2026-04-19 02:00:00+00:00, run_after=2026-04-20 02:00:00+00:00
[2026-04-20T16:36:01.731+0000] {processor.py:183} INFO - Processing /opt/airflow/dags/mlops_orchestration.py took 0.097 seconds
[2026-04-20T16:36:31.934+0000] {processor.py:161} INFO - Started process (PID=517) to work on /opt/airflow/dags/mlops_orchestration.py
[2026-04-20T16:36:31.935+0000] {processor.py:830} INFO - Processing file /opt/airflow/dags/mlops_orchestration.py for tasks to queue
[2026-04-20T16:36:31.937+0000] {logging_mixin.py:188} INFO - [2026-04-20T16:36:31.937+0000] {dagbag.py:545} INFO - Filling up the DagBag from /opt/airflow/dags/mlops_orchestration.py
[2026-04-20T16:36:31.957+0000] {processor.py:840} INFO - DAG(s) 'mlops_orchestration' retrieved from /opt/airflow/dags/mlops_orchestration.py
[2026-04-20T16:36:31.990+0000] {logging_mixin.py:188} INFO - [2026-04-20T16:36:31.990+0000] {dag.py:3096} INFO - Sync 1 DAGs
[2026-04-20T16:36:32.007+0000] {logging_mixin.py:188} INFO - [2026-04-20T16:36:32.007+0000] {dag.py:3954} INFO - Setting next_dagrun for mlops_orchestration to 2026-04-19 02:00:00+00:00, run_after=2026-04-20 02:00:00+00:00
[2026-04-20T16:36:32.026+0000] {processor.py:183} INFO - Processing /opt/airflow/dags/mlops_orchestration.py took 0.110 seconds
[2026-04-20T16:37:02.210+0000] {processor.py:161} INFO - Started process (PID=518) to work on /opt/airflow/dags/mlops_orchestration.py
[2026-04-20T16:37:02.211+0000] {processor.py:830} INFO - Processing file /opt/airflow/dags/mlops_orchestration.py for tasks to queue
[2026-04-20T16:37:02.213+0000] {logging_mixin.py:188} INFO - [2026-04-20T16:37:02.213+0000] {dagbag.py:545} INFO - Filling up the DagBag from /opt/airflow/dags/mlops_orchestration.py
[2026-04-20T16:37:02.231+0000] {processor.py:840} INFO - DAG(s) 'mlops_orchestration' retrieved from /opt/airflow/dags/mlops_orchestration.py
[2026-04-20T16:37:02.258+0000] {logging_mixin.py:188} INFO - [2026-04-20T16:37:02.258+0000] {dag.py:3096} INFO - Sync 1 DAGs
[2026-04-20T16:37:02.275+0000] {logging_mixin.py:188} INFO - [2026-04-20T16:37:02.275+0000] {dag.py:3954} INFO - Setting next_dagrun for mlops_orchestration to 2026-04-19 02:00:00+00:00, run_after=2026-04-20 02:00:00+00:00
[2026-04-20T16:37:02.295+0000] {processor.py:183} INFO - Processing /opt/airflow/dags/mlops_orchestration.py took 0.090 seconds
[2026-04-20T16:37:32.400+0000] {processor.py:161} INFO - Started process (PID=519) to work on /opt/airflow/dags/mlops_orchestration.py
[2026-04-20T16:37:32.401+0000] {processor.py:830} INFO - Processing file /opt/airflow/dags/mlops_orchestration.py for tasks to queue
[2026-04-20T16:37:32.404+0000] {logging_mixin.py:188} INFO - [2026-04-20T16:37:32.403+0000] {dagbag.py:545} INFO - Filling up the DagBag from /opt/airflow/dags/mlops_orchestration.py
[2026-04-20T16:37:32.427+0000] {processor.py:840} INFO - DAG(s) 'mlops_orchestration' retrieved from /opt/airflow/dags/mlops_orchestration.py
[2026-04-20T16:37:32.456+0000] {logging_mixin.py:188} INFO - [2026-04-20T16:37:32.456+0000] {dag.py:3096} INFO - Sync 1 DAGs
[2026-04-20T16:37:32.474+0000] {logging_mixin.py:188} INFO - [2026-04-20T16:37:32.473+0000] {dag.py:3954} INFO - Setting next_dagrun for mlops_orchestration to 2026-04-19 02:00:00+00:00, run_after=2026-04-20 02:00:00+00:00
[2026-04-20T16:37:32.494+0000] {processor.py:183} INFO - Processing /opt/airflow/dags/mlops_orchestration.py took 0.111 seconds
[2026-04-20T16:38:02.680+0000] {processor.py:161} INFO - Started process (PID=520) to work on /opt/airflow/dags/mlops_orchestration.py
[2026-04-20T16:38:02.681+0000] {processor.py:830} INFO - Processing file /opt/airflow/dags/mlops_orchestration.py for tasks to queue
[2026-04-20T16:38:02.683+0000] {logging_mixin.py:188} INFO - [2026-04-20T16:38:02.682+0000] {dagbag.py:545} INFO - Filling up the DagBag from /opt/airflow/dags/mlops_orchestration.py
[2026-04-20T16:38:02.702+0000] {processor.py:840} INFO - DAG(s) 'mlops_orchestration' retrieved from /opt/airflow/dags/mlops_orchestration.py
[2026-04-20T16:38:02.729+0000] {logging_mixin.py:188} INFO - [2026-04-20T16:38:02.729+0000] {dag.py:3096} INFO - Sync 1 DAGs
[2026-04-20T16:38:02.746+0000] {logging_mixin.py:188} INFO - [2026-04-20T16:38:02.746+0000] {dag.py:3954} INFO - Setting next_dagrun for mlops_orchestration to 2026-04-19 02:00:00+00:00, run_after=2026-04-20 02:00:00+00:00
[2026-04-20T16:38:02.766+0000] {processor.py:183} INFO - Processing /opt/airflow/dags/mlops_orchestration.py took 0.091 seconds
[2026-04-20T16:38:32.872+0000] {processor.py:161} INFO - Started process (PID=521) to work on /opt/airflow/dags/mlops_orchestration.py
[2026-04-20T16:38:32.873+0000] {processor.py:830} INFO - Processing file /opt/airflow/dags/mlops_orchestration.py for tasks to queue
[2026-04-20T16:38:32.875+0000] {logging_mixin.py:188} INFO - [2026-04-20T16:38:32.875+0000] {dagbag.py:545} INFO - Filling up the DagBag from /opt/airflow/dags/mlops_orchestration.py
[2026-04-20T16:38:32.893+0000] {processor.py:840} INFO - DAG(s) 'mlops_orchestration' retrieved from /opt/airflow/dags/mlops_orchestration.py
[2026-04-20T16:38:32.922+0000] {logging_mixin.py:188} INFO - [2026-04-20T16:38:32.922+0000] {dag.py:3096} INFO - Sync 1 DAGs
[2026-04-20T16:38:32.939+0000] {logging_mixin.py:188} INFO - [2026-04-20T16:38:32.939+0000] {dag.py:3954} INFO - Setting next_dagrun for mlops_orchestration to 2026-04-19 02:00:00+00:00, run_after=2026-04-20 02:00:00+00:00
[2026-04-20T16:38:32.966+0000] {processor.py:183} INFO - Processing /opt/airflow/dags/mlops_orchestration.py took 0.099 seconds
[2026-04-20T16:39:03.185+0000] {processor.py:161} INFO - Started process (PID=522) to work on /opt/airflow/dags/mlops_orchestration.py
[2026-04-20T16:39:03.187+0000] {processor.py:830} INFO - Processing file /opt/airflow/dags/mlops_orchestration.py for tasks to queue
[2026-04-20T16:39:03.189+0000] {logging_mixin.py:188} INFO - [2026-04-20T16:39:03.188+0000] {dagbag.py:545} INFO - Filling up the DagBag from /opt/airflow/dags/mlops_orchestration.py
[2026-04-20T16:39:03.211+0000] {processor.py:840} INFO - DAG(s) 'mlops_orchestration' retrieved from /opt/airflow/dags/mlops_orchestration.py
[2026-04-20T16:39:03.240+0000] {logging_mixin.py:188} INFO - [2026-04-20T16:39:03.240+0000] {dag.py:3096} INFO - Sync 1 DAGs
[2026-04-20T16:39:03.259+0000] {logging_mixin.py:188} INFO - [2026-04-20T16:39:03.259+0000] {dag.py:3954} INFO - Setting next_dagrun for mlops_orchestration to 2026-04-19 02:00:00+00:00, run_after=2026-04-20 02:00:00+00:00
[2026-04-20T16:39:03.279+0000] {processor.py:183} INFO - Processing /opt/airflow/dags/mlops_orchestration.py took 0.101 seconds
[2026-04-20T16:39:33.474+0000] {processor.py:161} INFO - Started process (PID=523) to work on /opt/airflow/dags/mlops_orchestration.py
[2026-04-20T16:39:33.475+0000] {processor.py:830} INFO - Processing file /opt/airflow/dags/mlops_orchestration.py for tasks to queue
[2026-04-20T16:39:33.476+0000] {logging_mixin.py:188} INFO - [2026-04-20T16:39:33.476+0000] {dagbag.py:545} INFO - Filling up the DagBag from /opt/airflow/dags/mlops_orchestration.py
[2026-04-20T16:39:33.494+0000] {processor.py:840} INFO - DAG(s) 'mlops_orchestration' retrieved from /opt/airflow/dags/mlops_orchestration.py
[2026-04-20T16:39:33.523+0000] {logging_mixin.py:188} INFO - [2026-04-20T16:39:33.522+0000] {dag.py:3096} INFO - Sync 1 DAGs
[2026-04-20T16:39:33.539+0000] {logging_mixin.py:188} INFO - [2026-04-20T16:39:33.539+0000] {dag.py:3954} INFO - Setting next_dagrun for mlops_orchestration to 2026-04-19 02:00:00+00:00, run_after=2026-04-20 02:00:00+00:00
[2026-04-20T16:39:33.560+0000] {processor.py:183} INFO - Processing /opt/airflow/dags/mlops_orchestration.py took 0.091 seconds
[2026-04-20T16:40:03.680+0000] {processor.py:161} INFO - Started process (PID=524) to work on /opt/airflow/dags/mlops_orchestration.py
[2026-04-20T16:40:03.681+0000] {processor.py:830} INFO - Processing file /opt/airflow/dags/mlops_orchestration.py for tasks to queue
[2026-04-20T16:40:03.682+0000] {logging_mixin.py:188} INFO - [2026-04-20T16:40:03.682+0000] {dagbag.py:545} INFO - Filling up the DagBag from /opt/airflow/dags/mlops_orchestration.py
[2026-04-20T16:40:03.700+0000] {processor.py:840} INFO - DAG(s) 'mlops_orchestration' retrieved from /opt/airflow/dags/mlops_orchestration.py
[2026-04-20T16:40:03.737+0000] {logging_mixin.py:188} INFO - [2026-04-20T16:40:03.737+0000] {dag.py:3096} INFO - Sync 1 DAGs
[2026-04-20T16:40:03.754+0000] {logging_mixin.py:188} INFO - [2026-04-20T16:40:03.754+0000] {dag.py:3954} INFO - Setting next_dagrun for mlops_orchestration to 2026-04-19 02:00:00+00:00, run_after=2026-04-20 02:00:00+00:00
[2026-04-20T16:40:03.773+0000] {processor.py:183} INFO - Processing /opt/airflow/dags/mlops_orchestration.py took 0.099 seconds
[2026-04-20T16:40:33.987+0000] {processor.py:161} INFO - Started process (PID=525) to work on /opt/airflow/dags/mlops_orchestration.py
[2026-04-20T16:40:33.988+0000] {processor.py:830} INFO - Processing file /opt/airflow/dags/mlops_orchestration.py for tasks to queue
[2026-04-20T16:40:33.990+0000] {logging_mixin.py:188} INFO - [2026-04-20T16:40:33.990+0000] {dagbag.py:545} INFO - Filling up the DagBag from /opt/airflow/dags/mlops_orchestration.py
[2026-04-20T16:40:34.012+0000] {processor.py:840} INFO - DAG(s) 'mlops_orchestration' retrieved from /opt/airflow/dags/mlops_orchestration.py
[2026-04-20T16:40:34.040+0000] {logging_mixin.py:188} INFO - [2026-04-20T16:40:34.040+0000] {dag.py:3096} INFO - Sync 1 DAGs
[2026-04-20T16:40:34.059+0000] {logging_mixin.py:188} INFO - [2026-04-20T16:40:34.059+0000] {dag.py:3954} INFO - Setting next_dagrun for mlops_orchestration to 2026-04-19 02:00:00+00:00, run_after=2026-04-20 02:00:00+00:00
[2026-04-20T16:40:34.079+0000] {processor.py:183} INFO - Processing /opt/airflow/dags/mlops_orchestration.py took 0.097 seconds
[2026-04-20T16:41:04.275+0000] {processor.py:161} INFO - Started process (PID=526) to work on /opt/airflow/dags/mlops_orchestration.py
[2026-04-20T16:41:04.276+0000] {processor.py:830} INFO - Processing file /opt/airflow/dags/mlops_orchestration.py for tasks to queue
[2026-04-20T16:41:04.278+0000] {logging_mixin.py:188} INFO - [2026-04-20T16:41:04.278+0000] {dagbag.py:545} INFO - Filling up the DagBag from /opt/airflow/dags/mlops_orchestration.py
[2026-04-20T16:41:04.296+0000] {processor.py:840} INFO - DAG(s) 'mlops_orchestration' retrieved from /opt/airflow/dags/mlops_orchestration.py
[2026-04-20T16:41:04.323+0000] {logging_mixin.py:188} INFO - [2026-04-20T16:41:04.323+0000] {dag.py:3096} INFO - Sync 1 DAGs
[2026-04-20T16:41:04.340+0000] {logging_mixin.py:188} INFO - [2026-04-20T16:41:04.340+0000] {dag.py:3954} INFO - Setting next_dagrun for mlops_orchestration to 2026-04-19 02:00:00+00:00, run_after=2026-04-20 02:00:00+00:00
[2026-04-20T16:41:04.359+0000] {processor.py:183} INFO - Processing /opt/airflow/dags/mlops_orchestration.py took 0.088 seconds
[2026-04-20T16:41:34.460+0000] {processor.py:161} INFO - Started process (PID=527) to work on /opt/airflow/dags/mlops_orchestration.py
[2026-04-20T16:41:34.461+0000] {processor.py:830} INFO - Processing file /opt/airflow/dags/mlops_orchestration.py for tasks to queue
[2026-04-20T16:41:34.462+0000] {logging_mixin.py:188} INFO - [2026-04-20T16:41:34.462+0000] {dagbag.py:545} INFO - Filling up the DagBag from /opt/airflow/dags/mlops_orchestration.py
[2026-04-20T16:41:34.485+0000] {processor.py:840} INFO - DAG(s) 'mlops_orchestration' retrieved from /opt/airflow/dags/mlops_orchestration.py
[2026-04-20T16:41:34.514+0000] {logging_mixin.py:188} INFO - [2026-04-20T16:41:34.514+0000] {dag.py:3096} INFO - Sync 1 DAGs
[2026-04-20T16:41:34.531+0000] {logging_mixin.py:188} INFO - [2026-04-20T16:41:34.531+0000] {dag.py:3954} INFO - Setting next_dagrun for mlops_orchestration to 2026-04-19 02:00:00+00:00, run_after=2026-04-20 02:00:00+00:00
[2026-04-20T16:41:34.550+0000] {processor.py:183} INFO - Processing /opt/airflow/dags/mlops_orchestration.py took 0.096 seconds
[2026-04-20T16:42:04.654+0000] {processor.py:161} INFO - Started process (PID=528) to work on /opt/airflow/dags/mlops_orchestration.py
[2026-04-20T16:42:04.656+0000] {processor.py:830} INFO - Processing file /opt/airflow/dags/mlops_orchestration.py for tasks to queue
[2026-04-20T16:42:04.658+0000] {logging_mixin.py:188} INFO - [2026-04-20T16:42:04.657+0000] {dagbag.py:545} INFO - Filling up the DagBag from /opt/airflow/dags/mlops_orchestration.py
[2026-04-20T16:42:04.680+0000] {processor.py:840} INFO - DAG(s) 'mlops_orchestration' retrieved from /opt/airflow/dags/mlops_orchestration.py
[2026-04-20T16:42:04.709+0000] {logging_mixin.py:188} INFO - [2026-04-20T16:42:04.708+0000] {dag.py:3096} INFO - Sync 1 DAGs
[2026-04-20T16:42:04.730+0000] {logging_mixin.py:188} INFO - [2026-04-20T16:42:04.729+0000] {dag.py:3954} INFO - Setting next_dagrun for mlops_orchestration to 2026-04-19 02:00:00+00:00, run_after=2026-04-20 02:00:00+00:00
[2026-04-20T16:42:04.751+0000] {processor.py:183} INFO - Processing /opt/airflow/dags/mlops_orchestration.py took 0.102 seconds
[2026-04-20T16:42:34.956+0000] {processor.py:161} INFO - Started process (PID=529) to work on /opt/airflow/dags/mlops_orchestration.py
[2026-04-20T16:42:34.958+0000] {processor.py:830} INFO - Processing file /opt/airflow/dags/mlops_orchestration.py for tasks to queue
[2026-04-20T16:42:34.960+0000] {logging_mixin.py:188} INFO - [2026-04-20T16:42:34.960+0000] {dagbag.py:545} INFO - Filling up the DagBag from /opt/airflow/dags/mlops_orchestration.py
[2026-04-20T16:42:34.984+0000] {processor.py:840} INFO - DAG(s) 'mlops_orchestration' retrieved from /opt/airflow/dags/mlops_orchestration.py
[2026-04-20T16:42:35.015+0000] {logging_mixin.py:188} INFO - [2026-04-20T16:42:35.015+0000] {dag.py:3096} INFO - Sync 1 DAGs
[2026-04-20T16:42:35.035+0000] {logging_mixin.py:188} INFO - [2026-04-20T16:42:35.035+0000] {dag.py:3954} INFO - Setting next_dagrun for mlops_orchestration to 2026-04-19 02:00:00+00:00, run_after=2026-04-20 02:00:00+00:00
[2026-04-20T16:42:35.054+0000] {processor.py:183} INFO - Processing /opt/airflow/dags/mlops_orchestration.py took 0.113 seconds
[2026-04-20T16:43:05.251+0000] {processor.py:161} INFO - Started process (PID=530) to work on /opt/airflow/dags/mlops_orchestration.py
[2026-04-20T16:43:05.252+0000] {processor.py:830} INFO - Processing file /opt/airflow/dags/mlops_orchestration.py for tasks to queue
[2026-04-20T16:43:05.253+0000] {logging_mixin.py:188} INFO - [2026-04-20T16:43:05.253+0000] {dagbag.py:545} INFO - Filling up the DagBag from /opt/airflow/dags/mlops_orchestration.py
[2026-04-20T16:43:05.272+0000] {processor.py:840} INFO - DAG(s) 'mlops_orchestration' retrieved from /opt/airflow/dags/mlops_orchestration.py
[2026-04-20T16:43:05.299+0000] {logging_mixin.py:188} INFO - [2026-04-20T16:43:05.299+0000] {dag.py:3096} INFO - Sync 1 DAGs
[2026-04-20T16:43:05.316+0000] {logging_mixin.py:188} INFO - [2026-04-20T16:43:05.316+0000] {dag.py:3954} INFO - Setting next_dagrun for mlops_orchestration to 2026-04-19 02:00:00+00:00, run_after=2026-04-20 02:00:00+00:00
[2026-04-20T16:43:05.337+0000] {processor.py:183} INFO - Processing /opt/airflow/dags/mlops_orchestration.py took 0.092 seconds
[2026-04-20T16:43:35.446+0000] {processor.py:161} INFO - Started process (PID=531) to work on /opt/airflow/dags/mlops_orchestration.py
[2026-04-20T16:43:35.447+0000] {processor.py:830} INFO - Processing file /opt/airflow/dags/mlops_orchestration.py for tasks to queue
[2026-04-20T16:43:35.449+0000] {logging_mixin.py:188} INFO - [2026-04-20T16:43:35.448+0000] {dagbag.py:545} INFO - Filling up the DagBag from /opt/airflow/dags/mlops_orchestration.py
[2026-04-20T16:43:35.470+0000] {processor.py:840} INFO - DAG(s) 'mlops_orchestration' retrieved from /opt/airflow/dags/mlops_orchestration.py
[2026-04-20T16:43:35.501+0000] {logging_mixin.py:188} INFO - [2026-04-20T16:43:35.501+0000] {dag.py:3096} INFO - Sync 1 DAGs
[2026-04-20T16:43:35.518+0000] {logging_mixin.py:188} INFO - [2026-04-20T16:43:35.517+0000] {dag.py:3954} INFO - Setting next_dagrun for mlops_orchestration to 2026-04-19 02:00:00+00:00, run_after=2026-04-20 02:00:00+00:00
[2026-04-20T16:43:35.538+0000] {processor.py:183} INFO - Processing /opt/airflow/dags/mlops_orchestration.py took 0.105 seconds
[2026-04-20T16:44:05.721+0000] {processor.py:161} INFO - Started process (PID=532) to work on /opt/airflow/dags/mlops_orchestration.py
[2026-04-20T16:44:05.722+0000] {processor.py:830} INFO - Processing file /opt/airflow/dags/mlops_orchestration.py for tasks to queue
[2026-04-20T16:44:05.724+0000] {logging_mixin.py:188} INFO - [2026-04-20T16:44:05.723+0000] {dagbag.py:545} INFO - Filling up the DagBag from /opt/airflow/dags/mlops_orchestration.py
[2026-04-20T16:44:05.744+0000] {processor.py:840} INFO - DAG(s) 'mlops_orchestration' retrieved from /opt/airflow/dags/mlops_orchestration.py
[2026-04-20T16:44:05.773+0000] {logging_mixin.py:188} INFO - [2026-04-20T16:44:05.773+0000] {dag.py:3096} INFO - Sync 1 DAGs
[2026-04-20T16:44:05.791+0000] {logging_mixin.py:188} INFO - [2026-04-20T16:44:05.791+0000] {dag.py:3954} INFO - Setting next_dagrun for mlops_orchestration to 2026-04-19 02:00:00+00:00, run_after=2026-04-20 02:00:00+00:00
[2026-04-20T16:44:05.811+0000] {processor.py:183} INFO - Processing /opt/airflow/dags/mlops_orchestration.py took 0.095 seconds
[2026-04-20T16:44:35.903+0000] {processor.py:161} INFO - Started process (PID=533) to work on /opt/airflow/dags/mlops_orchestration.py
[2026-04-20T16:44:35.904+0000] {processor.py:830} INFO - Processing file /opt/airflow/dags/mlops_orchestration.py for tasks to queue
[2026-04-20T16:44:35.906+0000] {logging_mixin.py:188} INFO - [2026-04-20T16:44:35.906+0000] {dagbag.py:545} INFO - Filling up the DagBag from /opt/airflow/dags/mlops_orchestration.py
[2026-04-20T16:44:35.925+0000] {processor.py:840} INFO - DAG(s) 'mlops_orchestration' retrieved from /opt/airflow/dags/mlops_orchestration.py
[2026-04-20T16:44:35.953+0000] {logging_mixin.py:188} INFO - [2026-04-20T16:44:35.953+0000] {dag.py:3096} INFO - Sync 1 DAGs
[2026-04-20T16:44:35.970+0000] {logging_mixin.py:188} INFO - [2026-04-20T16:44:35.970+0000] {dag.py:3954} INFO - Setting next_dagrun for mlops_orchestration to 2026-04-19 02:00:00+00:00, run_after=2026-04-20 02:00:00+00:00
[2026-04-20T16:44:35.992+0000] {processor.py:183} INFO - Processing /opt/airflow/dags/mlops_orchestration.py took 0.093 seconds
[2026-04-20T16:45:06.197+0000] {processor.py:161} INFO - Started process (PID=534) to work on /opt/airflow/dags/mlops_orchestration.py
[2026-04-20T16:45:06.198+0000] {processor.py:830} INFO - Processing file /opt/airflow/dags/mlops_orchestration.py for tasks to queue
[2026-04-20T16:45:06.200+0000] {logging_mixin.py:188} INFO - [2026-04-20T16:45:06.200+0000] {dagbag.py:545} INFO - Filling up the DagBag from /opt/airflow/dags/mlops_orchestration.py
[2026-04-20T16:45:06.228+0000] {processor.py:840} INFO - DAG(s) 'mlops_orchestration' retrieved from /opt/airflow/dags/mlops_orchestration.py
[2026-04-20T16:45:06.255+0000] {logging_mixin.py:188} INFO - [2026-04-20T16:45:06.255+0000] {dag.py:3096} INFO - Sync 1 DAGs
[2026-04-20T16:45:06.274+0000] {logging_mixin.py:188} INFO - [2026-04-20T16:45:06.273+0000] {dag.py:3954} INFO - Setting next_dagrun for mlops_orchestration to 2026-04-19 02:00:00+00:00, run_after=2026-04-20 02:00:00+00:00
[2026-04-20T16:45:06.294+0000] {processor.py:183} INFO - Processing /opt/airflow/dags/mlops_orchestration.py took 0.105 seconds
[2026-04-20T16:45:36.464+0000] {processor.py:161} INFO - Started process (PID=535) to work on /opt/airflow/dags/mlops_orchestration.py
[2026-04-20T16:45:36.465+0000] {processor.py:830} INFO - Processing file /opt/airflow/dags/mlops_orchestration.py for tasks to queue
[2026-04-20T16:45:36.467+0000] {logging_mixin.py:188} INFO - [2026-04-20T16:45:36.466+0000] {dagbag.py:545} INFO - Filling up the DagBag from /opt/airflow/dags/mlops_orchestration.py
[2026-04-20T16:45:36.487+0000] {processor.py:840} INFO - DAG(s) 'mlops_orchestration' retrieved from /opt/airflow/dags/mlops_orchestration.py
[2026-04-20T16:45:36.515+0000] {logging_mixin.py:188} INFO - [2026-04-20T16:45:36.515+0000] {dag.py:3096} INFO - Sync 1 DAGs
[2026-04-20T16:45:36.532+0000] {logging_mixin.py:188} INFO - [2026-04-20T16:45:36.532+0000] {dag.py:3954} INFO - Setting next_dagrun for mlops_orchestration to 2026-04-19 02:00:00+00:00, run_after=2026-04-20 02:00:00+00:00
[2026-04-20T16:45:36.552+0000] {processor.py:183} INFO - Processing /opt/airflow/dags/mlops_orchestration.py took 0.094 seconds
[2026-04-20T16:46:06.769+0000] {processor.py:161} INFO - Started process (PID=536) to work on /opt/airflow/dags/mlops_orchestration.py
[2026-04-20T16:46:06.770+0000] {processor.py:830} INFO - Processing file /opt/airflow/dags/mlops_orchestration.py for tasks to queue
[2026-04-20T16:46:06.772+0000] {logging_mixin.py:188} INFO - [2026-04-20T16:46:06.772+0000] {dagbag.py:545} INFO - Filling up the DagBag from /opt/airflow/dags/mlops_orchestration.py
[2026-04-20T16:46:06.792+0000] {processor.py:840} INFO - DAG(s) 'mlops_orchestration' retrieved from /opt/airflow/dags/mlops_orchestration.py
[2026-04-20T16:46:06.820+0000] {logging_mixin.py:188} INFO - [2026-04-20T16:46:06.820+0000] {dag.py:3096} INFO - Sync 1 DAGs
[2026-04-20T16:46:06.837+0000] {logging_mixin.py:188} INFO - [2026-04-20T16:46:06.837+0000] {dag.py:3954} INFO - Setting next_dagrun for mlops_orchestration to 2026-04-19 02:00:00+00:00, run_after=2026-04-20 02:00:00+00:00
[2026-04-20T16:46:06.857+0000] {processor.py:183} INFO - Processing /opt/airflow/dags/mlops_orchestration.py took 0.096 seconds
[2026-04-20T16:46:37.040+0000] {processor.py:161} INFO - Started process (PID=537) to work on /opt/airflow/dags/mlops_orchestration.py
[2026-04-20T16:46:37.042+0000] {processor.py:830} INFO - Processing file /opt/airflow/dags/mlops_orchestration.py for tasks to queue
[2026-04-20T16:46:37.044+0000] {logging_mixin.py:188} INFO - [2026-04-20T16:46:37.043+0000] {dagbag.py:545} INFO - Filling up the DagBag from /opt/airflow/dags/mlops_orchestration.py
[2026-04-20T16:46:37.068+0000] {processor.py:840} INFO - DAG(s) 'mlops_orchestration' retrieved from /opt/airflow/dags/mlops_orchestration.py
[2026-04-20T16:46:37.099+0000] {logging_mixin.py:188} INFO - [2026-04-20T16:46:37.098+0000] {dag.py:3096} INFO - Sync 1 DAGs
[2026-04-20T16:46:37.120+0000] {logging_mixin.py:188} INFO - [2026-04-20T16:46:37.120+0000] {dag.py:3954} INFO - Setting next_dagrun for mlops_orchestration to 2026-04-19 02:00:00+00:00, run_after=2026-04-20 02:00:00+00:00
[2026-04-20T16:46:37.145+0000] {processor.py:183} INFO - Processing /opt/airflow/dags/mlops_orchestration.py took 0.111 seconds
[2026-04-20T16:47:07.345+0000] {processor.py:161} INFO - Started process (PID=538) to work on /opt/airflow/dags/mlops_orchestration.py
[2026-04-20T16:47:07.346+0000] {processor.py:830} INFO - Processing file /opt/airflow/dags/mlops_orchestration.py for tasks to queue
[2026-04-20T16:47:07.348+0000] {logging_mixin.py:188} INFO - [2026-04-20T16:47:07.348+0000] {dagbag.py:545} INFO - Filling up the DagBag from /opt/airflow/dags/mlops_orchestration.py
[2026-04-20T16:47:07.367+0000] {processor.py:840} INFO - DAG(s) 'mlops_orchestration' retrieved from /opt/airflow/dags/mlops_orchestration.py
[2026-04-20T16:47:07.395+0000] {logging_mixin.py:188} INFO - [2026-04-20T16:47:07.395+0000] {dag.py:3096} INFO - Sync 1 DAGs
[2026-04-20T16:47:07.411+0000] {logging_mixin.py:188} INFO - [2026-04-20T16:47:07.411+0000] {dag.py:3954} INFO - Setting next_dagrun for mlops_orchestration to 2026-04-19 02:00:00+00:00, run_after=2026-04-20 02:00:00+00:00
[2026-04-20T16:47:07.431+0000] {processor.py:183} INFO - Processing /opt/airflow/dags/mlops_orchestration.py took 0.091 seconds
[2026-04-20T16:47:37.636+0000] {processor.py:161} INFO - Started process (PID=539) to work on /opt/airflow/dags/mlops_orchestration.py
[2026-04-20T16:47:37.637+0000] {processor.py:830} INFO - Processing file /opt/airflow/dags/mlops_orchestration.py for tasks to queue
[2026-04-20T16:47:37.639+0000] {logging_mixin.py:188} INFO - [2026-04-20T16:47:37.639+0000] {dagbag.py:545} INFO - Filling up the DagBag from /opt/airflow/dags/mlops_orchestration.py
[2026-04-20T16:47:37.658+0000] {processor.py:840} INFO - DAG(s) 'mlops_orchestration' retrieved from /opt/airflow/dags/mlops_orchestration.py
[2026-04-20T16:47:37.686+0000] {logging_mixin.py:188} INFO - [2026-04-20T16:47:37.686+0000] {dag.py:3096} INFO - Sync 1 DAGs
[2026-04-20T16:47:37.705+0000] {logging_mixin.py:188} INFO - [2026-04-20T16:47:37.704+0000] {dag.py:3954} INFO - Setting next_dagrun for mlops_orchestration to 2026-04-19 02:00:00+00:00, run_after=2026-04-20 02:00:00+00:00
[2026-04-20T16:47:37.725+0000] {processor.py:183} INFO - Processing /opt/airflow/dags/mlops_orchestration.py took 0.094 seconds
[2026-04-20T16:48:07.838+0000] {processor.py:161} INFO - Started process (PID=540) to work on /opt/airflow/dags/mlops_orchestration.py
[2026-04-20T16:48:07.839+0000] {processor.py:830} INFO - Processing file /opt/airflow/dags/mlops_orchestration.py for tasks to queue
[2026-04-20T16:48:07.841+0000] {logging_mixin.py:188} INFO - [2026-04-20T16:48:07.840+0000] {dagbag.py:545} INFO - Filling up the DagBag from /opt/airflow/dags/mlops_orchestration.py
[2026-04-20T16:48:07.865+0000] {processor.py:840} INFO - DAG(s) 'mlops_orchestration' retrieved from /opt/airflow/dags/mlops_orchestration.py
[2026-04-20T16:48:07.894+0000] {logging_mixin.py:188} INFO - [2026-04-20T16:48:07.894+0000] {dag.py:3096} INFO - Sync 1 DAGs
[2026-04-20T16:48:07.913+0000] {logging_mixin.py:188} INFO - [2026-04-20T16:48:07.912+0000] {dag.py:3954} INFO - Setting next_dagrun for mlops_orchestration to 2026-04-19 02:00:00+00:00, run_after=2026-04-20 02:00:00+00:00
[2026-04-20T16:48:07.933+0000] {processor.py:183} INFO - Processing /opt/airflow/dags/mlops_orchestration.py took 0.101 seconds
[2026-04-20T16:48:38.121+0000] {processor.py:161} INFO - Started process (PID=541) to work on /opt/airflow/dags/mlops_orchestration.py
[2026-04-20T16:48:38.122+0000] {processor.py:830} INFO - Processing file /opt/airflow/dags/mlops_orchestration.py for tasks to queue
[2026-04-20T16:48:38.124+0000] {logging_mixin.py:188} INFO - [2026-04-20T16:48:38.123+0000] {dagbag.py:545} INFO - Filling up the DagBag from /opt/airflow/dags/mlops_orchestration.py
[2026-04-20T16:48:38.143+0000] {processor.py:840} INFO - DAG(s) 'mlops_orchestration' retrieved from /opt/airflow/dags/mlops_orchestration.py
[2026-04-20T16:48:38.172+0000] {logging_mixin.py:188} INFO - [2026-04-20T16:48:38.172+0000] {dag.py:3096} INFO - Sync 1 DAGs
[2026-04-20T16:48:38.189+0000] {logging_mixin.py:188} INFO - [2026-04-20T16:48:38.189+0000] {dag.py:3954} INFO - Setting next_dagrun for mlops_orchestration to 2026-04-19 02:00:00+00:00, run_after=2026-04-20 02:00:00+00:00
[2026-04-20T16:48:38.209+0000] {processor.py:183} INFO - Processing /opt/airflow/dags/mlops_orchestration.py took 0.094 seconds
[2026-04-20T16:49:08.414+0000] {processor.py:161} INFO - Started process (PID=542) to work on /opt/airflow/dags/mlops_orchestration.py
[2026-04-20T16:49:08.415+0000] {processor.py:830} INFO - Processing file /opt/airflow/dags/mlops_orchestration.py for tasks to queue
[2026-04-20T16:49:08.417+0000] {logging_mixin.py:188} INFO - [2026-04-20T16:49:08.417+0000] {dagbag.py:545} INFO - Filling up the DagBag from /opt/airflow/dags/mlops_orchestration.py
[2026-04-20T16:49:08.436+0000] {processor.py:840} INFO - DAG(s) 'mlops_orchestration' retrieved from /opt/airflow/dags/mlops_orchestration.py
[2026-04-20T16:49:08.465+0000] {logging_mixin.py:188} INFO - [2026-04-20T16:49:08.465+0000] {dag.py:3096} INFO - Sync 1 DAGs
[2026-04-20T16:49:08.482+0000] {logging_mixin.py:188} INFO - [2026-04-20T16:49:08.481+0000] {dag.py:3954} INFO - Setting next_dagrun for mlops_orchestration to 2026-04-19 02:00:00+00:00, run_after=2026-04-20 02:00:00+00:00
[2026-04-20T16:49:08.501+0000] {processor.py:183} INFO - Processing /opt/airflow/dags/mlops_orchestration.py took 0.091 seconds
[2026-04-20T16:49:38.614+0000] {processor.py:161} INFO - Started process (PID=543) to work on /opt/airflow/dags/mlops_orchestration.py
[2026-04-20T16:49:38.615+0000] {processor.py:830} INFO - Processing file /opt/airflow/dags/mlops_orchestration.py for tasks to queue
[2026-04-20T16:49:38.617+0000] {logging_mixin.py:188} INFO - [2026-04-20T16:49:38.617+0000] {dagbag.py:545} INFO - Filling up the DagBag from /opt/airflow/dags/mlops_orchestration.py
[2026-04-20T16:49:38.640+0000] {processor.py:840} INFO - DAG(s) 'mlops_orchestration' retrieved from /opt/airflow/dags/mlops_orchestration.py
[2026-04-20T16:49:38.671+0000] {logging_mixin.py:188} INFO - [2026-04-20T16:49:38.670+0000] {dag.py:3096} INFO - Sync 1 DAGs
[2026-04-20T16:49:38.694+0000] {logging_mixin.py:188} INFO - [2026-04-20T16:49:38.694+0000] {dag.py:3954} INFO - Setting next_dagrun for mlops_orchestration to 2026-04-19 02:00:00+00:00, run_after=2026-04-20 02:00:00+00:00
[2026-04-20T16:49:38.714+0000] {processor.py:183} INFO - Processing /opt/airflow/dags/mlops_orchestration.py took 0.107 seconds
[2026-04-20T16:50:08.892+0000] {processor.py:161} INFO - Started process (PID=544) to work on /opt/airflow/dags/mlops_orchestration.py
[2026-04-20T16:50:08.893+0000] {processor.py:830} INFO - Processing file /opt/airflow/dags/mlops_orchestration.py for tasks to queue
[2026-04-20T16:50:08.895+0000] {logging_mixin.py:188} INFO - [2026-04-20T16:50:08.895+0000] {dagbag.py:545} INFO - Filling up the DagBag from /opt/airflow/dags/mlops_orchestration.py
[2026-04-20T16:50:08.914+0000] {processor.py:840} INFO - DAG(s) 'mlops_orchestration' retrieved from /opt/airflow/dags/mlops_orchestration.py
[2026-04-20T16:50:08.942+0000] {logging_mixin.py:188} INFO - [2026-04-20T16:50:08.942+0000] {dag.py:3096} INFO - Sync 1 DAGs
[2026-04-20T16:50:08.959+0000] {logging_mixin.py:188} INFO - [2026-04-20T16:50:08.959+0000] {dag.py:3954} INFO - Setting next_dagrun for mlops_orchestration to 2026-04-19 02:00:00+00:00, run_after=2026-04-20 02:00:00+00:00
[2026-04-20T16:50:08.978+0000] {processor.py:183} INFO - Processing /opt/airflow/dags/mlops_orchestration.py took 0.091 seconds
[2026-04-20T16:50:39.080+0000] {processor.py:161} INFO - Started process (PID=545) to work on /opt/airflow/dags/mlops_orchestration.py
[2026-04-20T16:50:39.085+0000] {processor.py:830} INFO - Processing file /opt/airflow/dags/mlops_orchestration.py for tasks to queue
[2026-04-20T16:50:39.087+0000] {logging_mixin.py:188} INFO - [2026-04-20T16:50:39.086+0000] {dagbag.py:545} INFO - Filling up the DagBag from /opt/airflow/dags/mlops_orchestration.py
[2026-04-20T16:50:39.106+0000] {processor.py:840} INFO - DAG(s) 'mlops_orchestration' retrieved from /opt/airflow/dags/mlops_orchestration.py
[2026-04-20T16:50:39.136+0000] {logging_mixin.py:188} INFO - [2026-04-20T16:50:39.136+0000] {dag.py:3096} INFO - Sync 1 DAGs
[2026-04-20T16:50:39.153+0000] {logging_mixin.py:188} INFO - [2026-04-20T16:50:39.152+0000] {dag.py:3954} INFO - Setting next_dagrun for mlops_orchestration to 2026-04-19 02:00:00+00:00, run_after=2026-04-20 02:00:00+00:00
[2026-04-20T16:50:39.173+0000] {processor.py:183} INFO - Processing /opt/airflow/dags/mlops_orchestration.py took 0.105 seconds
[2026-04-20T16:51:09.386+0000] {processor.py:161} INFO - Started process (PID=546) to work on /opt/airflow/dags/mlops_orchestration.py
[2026-04-20T16:51:09.387+0000] {processor.py:830} INFO - Processing file /opt/airflow/dags/mlops_orchestration.py for tasks to queue
[2026-04-20T16:51:09.389+0000] {logging_mixin.py:188} INFO - [2026-04-20T16:51:09.388+0000] {dagbag.py:545} INFO - Filling up the DagBag from /opt/airflow/dags/mlops_orchestration.py
[2026-04-20T16:51:09.412+0000] {processor.py:840} INFO - DAG(s) 'mlops_orchestration' retrieved from /opt/airflow/dags/mlops_orchestration.py
[2026-04-20T16:51:09.442+0000] {logging_mixin.py:188} INFO - [2026-04-20T16:51:09.442+0000] {dag.py:3096} INFO - Sync 1 DAGs
[2026-04-20T16:51:09.462+0000] {logging_mixin.py:188} INFO - [2026-04-20T16:51:09.461+0000] {dag.py:3954} INFO - Setting next_dagrun for mlops_orchestration to 2026-04-19 02:00:00+00:00, run_after=2026-04-20 02:00:00+00:00
[2026-04-20T16:51:09.482+0000] {processor.py:183} INFO - Processing /opt/airflow/dags/mlops_orchestration.py took 0.101 seconds
[2026-04-20T16:51:39.672+0000] {processor.py:161} INFO - Started process (PID=547) to work on /opt/airflow/dags/mlops_orchestration.py
[2026-04-20T16:51:39.673+0000] {processor.py:830} INFO - Processing file /opt/airflow/dags/mlops_orchestration.py for tasks to queue
[2026-04-20T16:51:39.675+0000] {logging_mixin.py:188} INFO - [2026-04-20T16:51:39.675+0000] {dagbag.py:545} INFO - Filling up the DagBag from /opt/airflow/dags/mlops_orchestration.py
[2026-04-20T16:51:39.701+0000] {processor.py:840} INFO - DAG(s) 'mlops_orchestration' retrieved from /opt/airflow/dags/mlops_orchestration.py
[2026-04-20T16:51:39.731+0000] {logging_mixin.py:188} INFO - [2026-04-20T16:51:39.731+0000] {dag.py:3096} INFO - Sync 1 DAGs
[2026-04-20T16:51:39.748+0000] {logging_mixin.py:188} INFO - [2026-04-20T16:51:39.748+0000] {dag.py:3954} INFO - Setting next_dagrun for mlops_orchestration to 2026-04-19 02:00:00+00:00, run_after=2026-04-20 02:00:00+00:00
[2026-04-20T16:51:39.768+0000] {processor.py:183} INFO - Processing /opt/airflow/dags/mlops_orchestration.py took 0.102 seconds
[2026-04-20T16:52:09.967+0000] {processor.py:161} INFO - Started process (PID=548) to work on /opt/airflow/dags/mlops_orchestration.py
[2026-04-20T16:52:09.968+0000] {processor.py:830} INFO - Processing file /opt/airflow/dags/mlops_orchestration.py for tasks to queue
[2026-04-20T16:52:09.970+0000] {logging_mixin.py:188} INFO - [2026-04-20T16:52:09.969+0000] {dagbag.py:545} INFO - Filling up the DagBag from /opt/airflow/dags/mlops_orchestration.py
[2026-04-20T16:52:09.990+0000] {processor.py:840} INFO - DAG(s) 'mlops_orchestration' retrieved from /opt/airflow/dags/mlops_orchestration.py
[2026-04-20T16:52:10.022+0000] {logging_mixin.py:188} INFO - [2026-04-20T16:52:10.021+0000] {dag.py:3096} INFO - Sync 1 DAGs
[2026-04-20T16:52:10.041+0000] {logging_mixin.py:188} INFO - [2026-04-20T16:52:10.041+0000] {dag.py:3954} INFO - Setting next_dagrun for mlops_orchestration to 2026-04-19 02:00:00+00:00, run_after=2026-04-20 02:00:00+00:00
[2026-04-20T16:52:10.062+0000] {processor.py:183} INFO - Processing /opt/airflow/dags/mlops_orchestration.py took 0.101 seconds
[2026-04-20T16:52:40.243+0000] {processor.py:161} INFO - Started process (PID=549) to work on /opt/airflow/dags/mlops_orchestration.py
[2026-04-20T16:52:40.244+0000] {processor.py:830} INFO - Processing file /opt/airflow/dags/mlops_orchestration.py for tasks to queue
[2026-04-20T16:52:40.246+0000] {logging_mixin.py:188} INFO - [2026-04-20T16:52:40.246+0000] {dagbag.py:545} INFO - Filling up the DagBag from /opt/airflow/dags/mlops_orchestration.py
[2026-04-20T16:52:40.265+0000] {processor.py:840} INFO - DAG(s) 'mlops_orchestration' retrieved from /opt/airflow/dags/mlops_orchestration.py
[2026-04-20T16:52:40.292+0000] {logging_mixin.py:188} INFO - [2026-04-20T16:52:40.292+0000] {dag.py:3096} INFO - Sync 1 DAGs
[2026-04-20T16:52:40.308+0000] {logging_mixin.py:188} INFO - [2026-04-20T16:52:40.308+0000] {dag.py:3954} INFO - Setting next_dagrun for mlops_orchestration to 2026-04-19 02:00:00+00:00, run_after=2026-04-20 02:00:00+00:00
[2026-04-20T16:52:40.329+0000] {processor.py:183} INFO - Processing /opt/airflow/dags/mlops_orchestration.py took 0.090 seconds
[2026-04-20T16:53:10.442+0000] {processor.py:161} INFO - Started process (PID=550) to work on /opt/airflow/dags/mlops_orchestration.py
[2026-04-20T16:53:10.443+0000] {processor.py:830} INFO - Processing file /opt/airflow/dags/mlops_orchestration.py for tasks to queue
[2026-04-20T16:53:10.445+0000] {logging_mixin.py:188} INFO - [2026-04-20T16:53:10.445+0000] {dagbag.py:545} INFO - Filling up the DagBag from /opt/airflow/dags/mlops_orchestration.py
[2026-04-20T16:53:10.465+0000] {processor.py:840} INFO - DAG(s) 'mlops_orchestration' retrieved from /opt/airflow/dags/mlops_orchestration.py
[2026-04-20T16:53:10.493+0000] {logging_mixin.py:188} INFO - [2026-04-20T16:53:10.492+0000] {dag.py:3096} INFO - Sync 1 DAGs
[2026-04-20T16:53:10.509+0000] {logging_mixin.py:188} INFO - [2026-04-20T16:53:10.509+0000] {dag.py:3954} INFO - Setting next_dagrun for mlops_orchestration to 2026-04-19 02:00:00+00:00, run_after=2026-04-20 02:00:00+00:00
[2026-04-20T16:53:10.529+0000] {processor.py:183} INFO - Processing /opt/airflow/dags/mlops_orchestration.py took 0.091 seconds
[2026-04-20T16:53:40.744+0000] {processor.py:161} INFO - Started process (PID=551) to work on /opt/airflow/dags/mlops_orchestration.py
[2026-04-20T16:53:40.745+0000] {processor.py:830} INFO - Processing file /opt/airflow/dags/mlops_orchestration.py for tasks to queue
[2026-04-20T16:53:40.747+0000] {logging_mixin.py:188} INFO - [2026-04-20T16:53:40.747+0000] {dagbag.py:545} INFO - Filling up the DagBag from /opt/airflow/dags/mlops_orchestration.py
[2026-04-20T16:53:40.767+0000] {processor.py:840} INFO - DAG(s) 'mlops_orchestration' retrieved from /opt/airflow/dags/mlops_orchestration.py
[2026-04-20T16:53:40.798+0000] {logging_mixin.py:188} INFO - [2026-04-20T16:53:40.798+0000] {dag.py:3096} INFO - Sync 1 DAGs
[2026-04-20T16:53:40.815+0000] {logging_mixin.py:188} INFO - [2026-04-20T16:53:40.815+0000] {dag.py:3954} INFO - Setting next_dagrun for mlops_orchestration to 2026-04-19 02:00:00+00:00, run_after=2026-04-20 02:00:00+00:00
[2026-04-20T16:53:40.837+0000] {processor.py:183} INFO - Processing /opt/airflow/dags/mlops_orchestration.py took 0.099 seconds
[2026-04-20T16:54:11.036+0000] {processor.py:161} INFO - Started process (PID=552) to work on /opt/airflow/dags/mlops_orchestration.py
[2026-04-20T16:54:11.037+0000] {processor.py:830} INFO - Processing file /opt/airflow/dags/mlops_orchestration.py for tasks to queue
[2026-04-20T16:54:11.039+0000] {logging_mixin.py:188} INFO - [2026-04-20T16:54:11.038+0000] {dagbag.py:545} INFO - Filling up the DagBag from /opt/airflow/dags/mlops_orchestration.py
[2026-04-20T16:54:11.056+0000] {processor.py:840} INFO - DAG(s) 'mlops_orchestration' retrieved from /opt/airflow/dags/mlops_orchestration.py
[2026-04-20T16:54:11.084+0000] {logging_mixin.py:188} INFO - [2026-04-20T16:54:11.084+0000] {dag.py:3096} INFO - Sync 1 DAGs
[2026-04-20T16:54:11.102+0000] {logging_mixin.py:188} INFO - [2026-04-20T16:54:11.101+0000] {dag.py:3954} INFO - Setting next_dagrun for mlops_orchestration to 2026-04-19 02:00:00+00:00, run_after=2026-04-20 02:00:00+00:00
[2026-04-20T16:54:11.161+0000] {processor.py:183} INFO - Processing /opt/airflow/dags/mlops_orchestration.py took 0.131 seconds
[2026-04-20T16:54:41.329+0000] {processor.py:161} INFO - Started process (PID=553) to work on /opt/airflow/dags/mlops_orchestration.py
[2026-04-20T16:54:41.330+0000] {processor.py:830} INFO - Processing file /opt/airflow/dags/mlops_orchestration.py for tasks to queue
[2026-04-20T16:54:41.332+0000] {logging_mixin.py:188} INFO - [2026-04-20T16:54:41.331+0000] {dagbag.py:545} INFO - Filling up the DagBag from /opt/airflow/dags/mlops_orchestration.py
[2026-04-20T16:54:41.350+0000] {processor.py:840} INFO - DAG(s) 'mlops_orchestration' retrieved from /opt/airflow/dags/mlops_orchestration.py
[2026-04-20T16:54:41.378+0000] {logging_mixin.py:188} INFO - [2026-04-20T16:54:41.377+0000] {dag.py:3096} INFO - Sync 1 DAGs
[2026-04-20T16:54:41.395+0000] {logging_mixin.py:188} INFO - [2026-04-20T16:54:41.394+0000] {dag.py:3954} INFO - Setting next_dagrun for mlops_orchestration to 2026-04-19 02:00:00+00:00, run_after=2026-04-20 02:00:00+00:00
[2026-04-20T16:54:41.452+0000] {processor.py:183} INFO - Processing /opt/airflow/dags/mlops_orchestration.py took 0.128 seconds
[2026-04-20T16:55:11.632+0000] {processor.py:161} INFO - Started process (PID=554) to work on /opt/airflow/dags/mlops_orchestration.py
[2026-04-20T16:55:11.634+0000] {processor.py:830} INFO - Processing file /opt/airflow/dags/mlops_orchestration.py for tasks to queue
[2026-04-20T16:55:11.636+0000] {logging_mixin.py:188} INFO - [2026-04-20T16:55:11.635+0000] {dagbag.py:545} INFO - Filling up the DagBag from /opt/airflow/dags/mlops_orchestration.py
[2026-04-20T16:55:11.660+0000] {processor.py:840} INFO - DAG(s) 'mlops_orchestration' retrieved from /opt/airflow/dags/mlops_orchestration.py
[2026-04-20T16:55:11.690+0000] {logging_mixin.py:188} INFO - [2026-04-20T16:55:11.690+0000] {dag.py:3096} INFO - Sync 1 DAGs
[2026-04-20T16:55:11.709+0000] {logging_mixin.py:188} INFO - [2026-04-20T16:55:11.709+0000] {dag.py:3954} INFO - Setting next_dagrun for mlops_orchestration to 2026-04-19 02:00:00+00:00, run_after=2026-04-20 02:00:00+00:00
[2026-04-20T16:55:11.730+0000] {processor.py:183} INFO - Processing /opt/airflow/dags/mlops_orchestration.py took 0.103 seconds
[2026-04-20T16:55:41.933+0000] {processor.py:161} INFO - Started process (PID=555) to work on /opt/airflow/dags/mlops_orchestration.py
[2026-04-20T16:55:41.934+0000] {processor.py:830} INFO - Processing file /opt/airflow/dags/mlops_orchestration.py for tasks to queue
[2026-04-20T16:55:41.936+0000] {logging_mixin.py:188} INFO - [2026-04-20T16:55:41.936+0000] {dagbag.py:545} INFO - Filling up the DagBag from /opt/airflow/dags/mlops_orchestration.py
[2026-04-20T16:55:41.962+0000] {processor.py:840} INFO - DAG(s) 'mlops_orchestration' retrieved from /opt/airflow/dags/mlops_orchestration.py
[2026-04-20T16:55:41.991+0000] {logging_mixin.py:188} INFO - [2026-04-20T16:55:41.991+0000] {dag.py:3096} INFO - Sync 1 DAGs
[2026-04-20T16:55:42.009+0000] {logging_mixin.py:188} INFO - [2026-04-20T16:55:42.009+0000] {dag.py:3954} INFO - Setting next_dagrun for mlops_orchestration to 2026-04-19 02:00:00+00:00, run_after=2026-04-20 02:00:00+00:00
[2026-04-20T16:55:42.031+0000] {processor.py:183} INFO - Processing /opt/airflow/dags/mlops_orchestration.py took 0.104 seconds
[2026-04-20T16:56:12.216+0000] {processor.py:161} INFO - Started process (PID=556) to work on /opt/airflow/dags/mlops_orchestration.py
[2026-04-20T16:56:12.217+0000] {processor.py:830} INFO - Processing file /opt/airflow/dags/mlops_orchestration.py for tasks to queue
[2026-04-20T16:56:12.219+0000] {logging_mixin.py:188} INFO - [2026-04-20T16:56:12.219+0000] {dagbag.py:545} INFO - Filling up the DagBag from /opt/airflow/dags/mlops_orchestration.py
[2026-04-20T16:56:12.238+0000] {processor.py:840} INFO - DAG(s) 'mlops_orchestration' retrieved from /opt/airflow/dags/mlops_orchestration.py
[2026-04-20T16:56:12.266+0000] {logging_mixin.py:188} INFO - [2026-04-20T16:56:12.266+0000] {dag.py:3096} INFO - Sync 1 DAGs
[2026-04-20T16:56:12.283+0000] {logging_mixin.py:188} INFO - [2026-04-20T16:56:12.283+0000] {dag.py:3954} INFO - Setting next_dagrun for mlops_orchestration to 2026-04-19 02:00:00+00:00, run_after=2026-04-20 02:00:00+00:00
[2026-04-20T16:56:12.303+0000] {processor.py:183} INFO - Processing /opt/airflow/dags/mlops_orchestration.py took 0.092 seconds
[2026-04-20T16:56:42.521+0000] {processor.py:161} INFO - Started process (PID=557) to work on /opt/airflow/dags/mlops_orchestration.py
[2026-04-20T16:56:42.522+0000] {processor.py:830} INFO - Processing file /opt/airflow/dags/mlops_orchestration.py for tasks to queue
[2026-04-20T16:56:42.524+0000] {logging_mixin.py:188} INFO - [2026-04-20T16:56:42.524+0000] {dagbag.py:545} INFO - Filling up the DagBag from /opt/airflow/dags/mlops_orchestration.py
[2026-04-20T16:56:42.548+0000] {processor.py:840} INFO - DAG(s) 'mlops_orchestration' retrieved from /opt/airflow/dags/mlops_orchestration.py
[2026-04-20T16:56:42.577+0000] {logging_mixin.py:188} INFO - [2026-04-20T16:56:42.577+0000] {dag.py:3096} INFO - Sync 1 DAGs
[2026-04-20T16:56:42.596+0000] {logging_mixin.py:188} INFO - [2026-04-20T16:56:42.595+0000] {dag.py:3954} INFO - Setting next_dagrun for mlops_orchestration to 2026-04-19 02:00:00+00:00, run_after=2026-04-20 02:00:00+00:00
[2026-04-20T16:56:42.619+0000] {processor.py:183} INFO - Processing /opt/airflow/dags/mlops_orchestration.py took 0.113 seconds
[2026-04-20T16:57:12.799+0000] {processor.py:161} INFO - Started process (PID=558) to work on /opt/airflow/dags/mlops_orchestration.py
[2026-04-20T16:57:12.800+0000] {processor.py:830} INFO - Processing file /opt/airflow/dags/mlops_orchestration.py for tasks to queue
[2026-04-20T16:57:12.803+0000] {logging_mixin.py:188} INFO - [2026-04-20T16:57:12.802+0000] {dagbag.py:545} INFO - Filling up the DagBag from /opt/airflow/dags/mlops_orchestration.py
[2026-04-20T16:57:12.824+0000] {processor.py:840} INFO - DAG(s) 'mlops_orchestration' retrieved from /opt/airflow/dags/mlops_orchestration.py
[2026-04-20T16:57:12.853+0000] {logging_mixin.py:188} INFO - [2026-04-20T16:57:12.853+0000] {dag.py:3096} INFO - Sync 1 DAGs
[2026-04-20T16:57:12.875+0000] {logging_mixin.py:188} INFO - [2026-04-20T16:57:12.875+0000] {dag.py:3954} INFO - Setting next_dagrun for mlops_orchestration to 2026-04-19 02:00:00+00:00, run_after=2026-04-20 02:00:00+00:00
[2026-04-20T16:57:12.891+0000] {processor.py:183} INFO - Processing /opt/airflow/dags/mlops_orchestration.py took 0.097 seconds
[2026-04-20T16:57:43.080+0000] {processor.py:161} INFO - Started process (PID=559) to work on /opt/airflow/dags/mlops_orchestration.py
[2026-04-20T16:57:43.081+0000] {processor.py:830} INFO - Processing file /opt/airflow/dags/mlops_orchestration.py for tasks to queue
[2026-04-20T16:57:43.083+0000] {logging_mixin.py:188} INFO - [2026-04-20T16:57:43.082+0000] {dagbag.py:545} INFO - Filling up the DagBag from /opt/airflow/dags/mlops_orchestration.py
[2026-04-20T16:57:43.101+0000] {processor.py:840} INFO - DAG(s) 'mlops_orchestration' retrieved from /opt/airflow/dags/mlops_orchestration.py
[2026-04-20T16:57:43.129+0000] {logging_mixin.py:188} INFO - [2026-04-20T16:57:43.129+0000] {dag.py:3096} INFO - Sync 1 DAGs
[2026-04-20T16:57:43.147+0000] {logging_mixin.py:188} INFO - [2026-04-20T16:57:43.147+0000] {dag.py:3954} INFO - Setting next_dagrun for mlops_orchestration to 2026-04-19 02:00:00+00:00, run_after=2026-04-20 02:00:00+00:00
[2026-04-20T16:57:43.168+0000] {processor.py:183} INFO - Processing /opt/airflow/dags/mlops_orchestration.py took 0.092 seconds
[2026-04-20T16:58:13.273+0000] {processor.py:161} INFO - Started process (PID=560) to work on /opt/airflow/dags/mlops_orchestration.py
[2026-04-20T16:58:13.275+0000] {processor.py:830} INFO - Processing file /opt/airflow/dags/mlops_orchestration.py for tasks to queue
[2026-04-20T16:58:13.277+0000] {logging_mixin.py:188} INFO - [2026-04-20T16:58:13.277+0000] {dagbag.py:545} INFO - Filling up the DagBag from /opt/airflow/dags/mlops_orchestration.py
[2026-04-20T16:58:13.301+0000] {processor.py:840} INFO - DAG(s) 'mlops_orchestration' retrieved from /opt/airflow/dags/mlops_orchestration.py
[2026-04-20T16:58:13.334+0000] {logging_mixin.py:188} INFO - [2026-04-20T16:58:13.333+0000] {dag.py:3096} INFO - Sync 1 DAGs
[2026-04-20T16:58:13.352+0000] {logging_mixin.py:188} INFO - [2026-04-20T16:58:13.351+0000] {dag.py:3954} INFO - Setting next_dagrun for mlops_orchestration to 2026-04-19 02:00:00+00:00, run_after=2026-04-20 02:00:00+00:00
[2026-04-20T16:58:13.371+0000] {processor.py:183} INFO - Processing /opt/airflow/dags/mlops_orchestration.py took 0.105 seconds
[2026-04-20T16:58:43.544+0000] {processor.py:161} INFO - Started process (PID=561) to work on /opt/airflow/dags/mlops_orchestration.py
[2026-04-20T16:58:43.545+0000] {processor.py:830} INFO - Processing file /opt/airflow/dags/mlops_orchestration.py for tasks to queue
[2026-04-20T16:58:43.547+0000] {logging_mixin.py:188} INFO - [2026-04-20T16:58:43.547+0000] {dagbag.py:545} INFO - Filling up the DagBag from /opt/airflow/dags/mlops_orchestration.py
[2026-04-20T16:58:43.566+0000] {processor.py:840} INFO - DAG(s) 'mlops_orchestration' retrieved from /opt/airflow/dags/mlops_orchestration.py
[2026-04-20T16:58:43.593+0000] {logging_mixin.py:188} INFO - [2026-04-20T16:58:43.593+0000] {dag.py:3096} INFO - Sync 1 DAGs
[2026-04-20T16:58:43.610+0000] {logging_mixin.py:188} INFO - [2026-04-20T16:58:43.610+0000] {dag.py:3954} INFO - Setting next_dagrun for mlops_orchestration to 2026-04-19 02:00:00+00:00, run_after=2026-04-20 02:00:00+00:00
[2026-04-20T16:58:43.631+0000] {processor.py:183} INFO - Processing /opt/airflow/dags/mlops_orchestration.py took 0.091 seconds
[2026-04-20T16:59:13.773+0000] {processor.py:161} INFO - Started process (PID=562) to work on /opt/airflow/dags/mlops_orchestration.py
[2026-04-20T16:59:13.774+0000] {processor.py:830} INFO - Processing file /opt/airflow/dags/mlops_orchestration.py for tasks to queue
[2026-04-20T16:59:13.776+0000] {logging_mixin.py:188} INFO - [2026-04-20T16:59:13.776+0000] {dagbag.py:545} INFO - Filling up the DagBag from /opt/airflow/dags/mlops_orchestration.py
[2026-04-20T16:59:13.796+0000] {processor.py:840} INFO - DAG(s) 'mlops_orchestration' retrieved from /opt/airflow/dags/mlops_orchestration.py
[2026-04-20T16:59:13.826+0000] {logging_mixin.py:188} INFO - [2026-04-20T16:59:13.826+0000] {dag.py:3096} INFO - Sync 1 DAGs
[2026-04-20T16:59:13.843+0000] {logging_mixin.py:188} INFO - [2026-04-20T16:59:13.843+0000] {dag.py:3954} INFO - Setting next_dagrun for mlops_orchestration to 2026-04-19 02:00:00+00:00, run_after=2026-04-20 02:00:00+00:00
[2026-04-20T16:59:13.864+0000] {processor.py:183} INFO - Processing /opt/airflow/dags/mlops_orchestration.py took 0.096 seconds
[2026-04-20T16:59:44.070+0000] {processor.py:161} INFO - Started process (PID=563) to work on /opt/airflow/dags/mlops_orchestration.py
[2026-04-20T16:59:44.071+0000] {processor.py:830} INFO - Processing file /opt/airflow/dags/mlops_orchestration.py for tasks to queue
[2026-04-20T16:59:44.073+0000] {logging_mixin.py:188} INFO - [2026-04-20T16:59:44.072+0000] {dagbag.py:545} INFO - Filling up the DagBag from /opt/airflow/dags/mlops_orchestration.py
[2026-04-20T16:59:44.093+0000] {processor.py:840} INFO - DAG(s) 'mlops_orchestration' retrieved from /opt/airflow/dags/mlops_orchestration.py
[2026-04-20T16:59:44.122+0000] {logging_mixin.py:188} INFO - [2026-04-20T16:59:44.122+0000] {dag.py:3096} INFO - Sync 1 DAGs
[2026-04-20T16:59:44.141+0000] {logging_mixin.py:188} INFO - [2026-04-20T16:59:44.141+0000] {dag.py:3954} INFO - Setting next_dagrun for mlops_orchestration to 2026-04-19 02:00:00+00:00, run_after=2026-04-20 02:00:00+00:00
[2026-04-20T16:59:44.164+0000] {processor.py:183} INFO - Processing /opt/airflow/dags/mlops_orchestration.py took 0.100 seconds
[2026-04-20T17:00:14.362+0000] {processor.py:161} INFO - Started process (PID=564) to work on /opt/airflow/dags/mlops_orchestration.py
[2026-04-20T17:00:14.363+0000] {processor.py:830} INFO - Processing file /opt/airflow/dags/mlops_orchestration.py for tasks to queue
[2026-04-20T17:00:14.368+0000] {logging_mixin.py:188} INFO - [2026-04-20T17:00:14.367+0000] {dagbag.py:545} INFO - Filling up the DagBag from /opt/airflow/dags/mlops_orchestration.py
[2026-04-20T17:00:14.393+0000] {processor.py:840} INFO - DAG(s) 'mlops_orchestration' retrieved from /opt/airflow/dags/mlops_orchestration.py
[2026-04-20T17:00:14.422+0000] {logging_mixin.py:188} INFO - [2026-04-20T17:00:14.422+0000] {dag.py:3096} INFO - Sync 1 DAGs
[2026-04-20T17:00:14.440+0000] {logging_mixin.py:188} INFO - [2026-04-20T17:00:14.439+0000] {dag.py:3954} INFO - Setting next_dagrun for mlops_orchestration to 2026-04-19 02:00:00+00:00, run_after=2026-04-20 02:00:00+00:00
[2026-04-20T17:00:14.461+0000] {processor.py:183} INFO - Processing /opt/airflow/dags/mlops_orchestration.py took 0.109 seconds
[2026-04-20T17:00:44.650+0000] {processor.py:161} INFO - Started process (PID=565) to work on /opt/airflow/dags/mlops_orchestration.py
[2026-04-20T17:00:44.651+0000] {processor.py:830} INFO - Processing file /opt/airflow/dags/mlops_orchestration.py for tasks to queue
[2026-04-20T17:00:44.653+0000] {logging_mixin.py:188} INFO - [2026-04-20T17:00:44.653+0000] {dagbag.py:545} INFO - Filling up the DagBag from /opt/airflow/dags/mlops_orchestration.py
[2026-04-20T17:00:44.673+0000] {processor.py:840} INFO - DAG(s) 'mlops_orchestration' retrieved from /opt/airflow/dags/mlops_orchestration.py
[2026-04-20T17:00:44.700+0000] {logging_mixin.py:188} INFO - [2026-04-20T17:00:44.700+0000] {dag.py:3096} INFO - Sync 1 DAGs
[2026-04-20T17:00:44.717+0000] {logging_mixin.py:188} INFO - [2026-04-20T17:00:44.717+0000] {dag.py:3954} INFO - Setting next_dagrun for mlops_orchestration to 2026-04-19 02:00:00+00:00, run_after=2026-04-20 02:00:00+00:00
[2026-04-20T17:00:44.737+0000] {processor.py:183} INFO - Processing /opt/airflow/dags/mlops_orchestration.py took 0.092 seconds
[2026-04-20T17:01:14.948+0000] {processor.py:161} INFO - Started process (PID=566) to work on /opt/airflow/dags/mlops_orchestration.py
[2026-04-20T17:01:14.950+0000] {processor.py:830} INFO - Processing file /opt/airflow/dags/mlops_orchestration.py for tasks to queue
[2026-04-20T17:01:14.952+0000] {logging_mixin.py:188} INFO - [2026-04-20T17:01:14.952+0000] {dagbag.py:545} INFO - Filling up the DagBag from /opt/airflow/dags/mlops_orchestration.py
[2026-04-20T17:01:14.975+0000] {processor.py:840} INFO - DAG(s) 'mlops_orchestration' retrieved from /opt/airflow/dags/mlops_orchestration.py
[2026-04-20T17:01:15.004+0000] {logging_mixin.py:188} INFO - [2026-04-20T17:01:15.004+0000] {dag.py:3096} INFO - Sync 1 DAGs
[2026-04-20T17:01:15.023+0000] {logging_mixin.py:188} INFO - [2026-04-20T17:01:15.023+0000] {dag.py:3954} INFO - Setting next_dagrun for mlops_orchestration to 2026-04-19 02:00:00+00:00, run_after=2026-04-20 02:00:00+00:00
[2026-04-20T17:01:15.043+0000] {processor.py:183} INFO - Processing /opt/airflow/dags/mlops_orchestration.py took 0.102 seconds
[2026-04-20T17:01:45.236+0000] {processor.py:161} INFO - Started process (PID=567) to work on /opt/airflow/dags/mlops_orchestration.py
[2026-04-20T17:01:45.237+0000] {processor.py:830} INFO - Processing file /opt/airflow/dags/mlops_orchestration.py for tasks to queue
[2026-04-20T17:01:45.240+0000] {logging_mixin.py:188} INFO - [2026-04-20T17:01:45.239+0000] {dagbag.py:545} INFO - Filling up the DagBag from /opt/airflow/dags/mlops_orchestration.py
[2026-04-20T17:01:45.259+0000] {processor.py:840} INFO - DAG(s) 'mlops_orchestration' retrieved from /opt/airflow/dags/mlops_orchestration.py
[2026-04-20T17:01:45.286+0000] {logging_mixin.py:188} INFO - [2026-04-20T17:01:45.286+0000] {dag.py:3096} INFO - Sync 1 DAGs
[2026-04-20T17:01:45.302+0000] {logging_mixin.py:188} INFO - [2026-04-20T17:01:45.302+0000] {dag.py:3954} INFO - Setting next_dagrun for mlops_orchestration to 2026-04-19 02:00:00+00:00, run_after=2026-04-20 02:00:00+00:00
[2026-04-20T17:01:45.321+0000] {processor.py:183} INFO - Processing /opt/airflow/dags/mlops_orchestration.py took 0.090 seconds
[2026-04-20T17:02:15.513+0000] {processor.py:161} INFO - Started process (PID=568) to work on /opt/airflow/dags/mlops_orchestration.py
[2026-04-20T17:02:15.514+0000] {processor.py:830} INFO - Processing file /opt/airflow/dags/mlops_orchestration.py for tasks to queue
[2026-04-20T17:02:15.515+0000] {logging_mixin.py:188} INFO - [2026-04-20T17:02:15.515+0000] {dagbag.py:545} INFO - Filling up the DagBag from /opt/airflow/dags/mlops_orchestration.py
[2026-04-20T17:02:15.536+0000] {processor.py:840} INFO - DAG(s) 'mlops_orchestration' retrieved from /opt/airflow/dags/mlops_orchestration.py
[2026-04-20T17:02:15.565+0000] {logging_mixin.py:188} INFO - [2026-04-20T17:02:15.565+0000] {dag.py:3096} INFO - Sync 1 DAGs
[2026-04-20T17:02:15.584+0000] {logging_mixin.py:188} INFO - [2026-04-20T17:02:15.584+0000] {dag.py:3954} INFO - Setting next_dagrun for mlops_orchestration to 2026-04-19 02:00:00+00:00, run_after=2026-04-20 02:00:00+00:00
[2026-04-20T17:02:15.606+0000] {processor.py:183} INFO - Processing /opt/airflow/dags/mlops_orchestration.py took 0.098 seconds
[2026-04-20T17:02:45.814+0000] {processor.py:161} INFO - Started process (PID=569) to work on /opt/airflow/dags/mlops_orchestration.py
[2026-04-20T17:02:45.816+0000] {processor.py:830} INFO - Processing file /opt/airflow/dags/mlops_orchestration.py for tasks to queue
[2026-04-20T17:02:45.818+0000] {logging_mixin.py:188} INFO - [2026-04-20T17:02:45.817+0000] {dagbag.py:545} INFO - Filling up the DagBag from /opt/airflow/dags/mlops_orchestration.py
[2026-04-20T17:02:45.844+0000] {processor.py:840} INFO - DAG(s) 'mlops_orchestration' retrieved from /opt/airflow/dags/mlops_orchestration.py
[2026-04-20T17:02:45.875+0000] {logging_mixin.py:188} INFO - [2026-04-20T17:02:45.875+0000] {dag.py:3096} INFO - Sync 1 DAGs
[2026-04-20T17:02:45.893+0000] {logging_mixin.py:188} INFO - [2026-04-20T17:02:45.893+0000] {dag.py:3954} INFO - Setting next_dagrun for mlops_orchestration to 2026-04-19 02:00:00+00:00, run_after=2026-04-20 02:00:00+00:00
[2026-04-20T17:02:45.915+0000] {processor.py:183} INFO - Processing /opt/airflow/dags/mlops_orchestration.py took 0.109 seconds
[2026-04-20T17:03:16.100+0000] {processor.py:161} INFO - Started process (PID=570) to work on /opt/airflow/dags/mlops_orchestration.py
[2026-04-20T17:03:16.101+0000] {processor.py:830} INFO - Processing file /opt/airflow/dags/mlops_orchestration.py for tasks to queue
[2026-04-20T17:03:16.103+0000] {logging_mixin.py:188} INFO - [2026-04-20T17:03:16.102+0000] {dagbag.py:545} INFO - Filling up the DagBag from /opt/airflow/dags/mlops_orchestration.py
[2026-04-20T17:03:16.121+0000] {processor.py:840} INFO - DAG(s) 'mlops_orchestration' retrieved from /opt/airflow/dags/mlops_orchestration.py
[2026-04-20T17:03:16.148+0000] {logging_mixin.py:188} INFO - [2026-04-20T17:03:16.148+0000] {dag.py:3096} INFO - Sync 1 DAGs
[2026-04-20T17:03:16.165+0000] {logging_mixin.py:188} INFO - [2026-04-20T17:03:16.165+0000] {dag.py:3954} INFO - Setting next_dagrun for mlops_orchestration to 2026-04-19 02:00:00+00:00, run_after=2026-04-20 02:00:00+00:00
[2026-04-20T17:03:16.191+0000] {processor.py:183} INFO - Processing /opt/airflow/dags/mlops_orchestration.py took 0.097 seconds
[2026-04-20T17:03:46.397+0000] {processor.py:161} INFO - Started process (PID=571) to work on /opt/airflow/dags/mlops_orchestration.py
[2026-04-20T17:03:46.398+0000] {processor.py:830} INFO - Processing file /opt/airflow/dags/mlops_orchestration.py for tasks to queue
[2026-04-20T17:03:46.399+0000] {logging_mixin.py:188} INFO - [2026-04-20T17:03:46.399+0000] {dagbag.py:545} INFO - Filling up the DagBag from /opt/airflow/dags/mlops_orchestration.py
[2026-04-20T17:03:46.418+0000] {processor.py:840} INFO - DAG(s) 'mlops_orchestration' retrieved from /opt/airflow/dags/mlops_orchestration.py
[2026-04-20T17:03:46.445+0000] {logging_mixin.py:188} INFO - [2026-04-20T17:03:46.445+0000] {dag.py:3096} INFO - Sync 1 DAGs
[2026-04-20T17:03:46.462+0000] {logging_mixin.py:188} INFO - [2026-04-20T17:03:46.462+0000] {dag.py:3954} INFO - Setting next_dagrun for mlops_orchestration to 2026-04-19 02:00:00+00:00, run_after=2026-04-20 02:00:00+00:00
[2026-04-20T17:03:46.482+0000] {processor.py:183} INFO - Processing /opt/airflow/dags/mlops_orchestration.py took 0.091 seconds
[2026-04-20T17:04:16.601+0000] {processor.py:161} INFO - Started process (PID=572) to work on /opt/airflow/dags/mlops_orchestration.py
[2026-04-20T17:04:16.602+0000] {processor.py:830} INFO - Processing file /opt/airflow/dags/mlops_orchestration.py for tasks to queue
[2026-04-20T17:04:16.604+0000] {logging_mixin.py:188} INFO - [2026-04-20T17:04:16.604+0000] {dagbag.py:545} INFO - Filling up the DagBag from /opt/airflow/dags/mlops_orchestration.py
[2026-04-20T17:04:16.629+0000] {processor.py:840} INFO - DAG(s) 'mlops_orchestration' retrieved from /opt/airflow/dags/mlops_orchestration.py
[2026-04-20T17:04:16.659+0000] {logging_mixin.py:188} INFO - [2026-04-20T17:04:16.658+0000] {dag.py:3096} INFO - Sync 1 DAGs
[2026-04-20T17:04:16.676+0000] {logging_mixin.py:188} INFO - [2026-04-20T17:04:16.676+0000] {dag.py:3954} INFO - Setting next_dagrun for mlops_orchestration to 2026-04-19 02:00:00+00:00, run_after=2026-04-20 02:00:00+00:00
[2026-04-20T17:04:16.695+0000] {processor.py:183} INFO - Processing /opt/airflow/dags/mlops_orchestration.py took 0.106 seconds
[2026-04-20T17:04:46.880+0000] {processor.py:161} INFO - Started process (PID=573) to work on /opt/airflow/dags/mlops_orchestration.py
[2026-04-20T17:04:46.881+0000] {processor.py:830} INFO - Processing file /opt/airflow/dags/mlops_orchestration.py for tasks to queue
[2026-04-20T17:04:46.883+0000] {logging_mixin.py:188} INFO - [2026-04-20T17:04:46.883+0000] {dagbag.py:545} INFO - Filling up the DagBag from /opt/airflow/dags/mlops_orchestration.py
[2026-04-20T17:04:46.902+0000] {processor.py:840} INFO - DAG(s) 'mlops_orchestration' retrieved from /opt/airflow/dags/mlops_orchestration.py
[2026-04-20T17:04:46.929+0000] {logging_mixin.py:188} INFO - [2026-04-20T17:04:46.929+0000] {dag.py:3096} INFO - Sync 1 DAGs
[2026-04-20T17:04:46.946+0000] {logging_mixin.py:188} INFO - [2026-04-20T17:04:46.946+0000] {dag.py:3954} INFO - Setting next_dagrun for mlops_orchestration to 2026-04-19 02:00:00+00:00, run_after=2026-04-20 02:00:00+00:00
[2026-04-20T17:04:46.966+0000] {processor.py:183} INFO - Processing /opt/airflow/dags/mlops_orchestration.py took 0.091 seconds
[2026-04-20T17:05:17.067+0000] {processor.py:161} INFO - Started process (PID=574) to work on /opt/airflow/dags/mlops_orchestration.py
[2026-04-20T17:05:17.068+0000] {processor.py:830} INFO - Processing file /opt/airflow/dags/mlops_orchestration.py for tasks to queue
[2026-04-20T17:05:17.070+0000] {logging_mixin.py:188} INFO - [2026-04-20T17:05:17.070+0000] {dagbag.py:545} INFO - Filling up the DagBag from /opt/airflow/dags/mlops_orchestration.py
[2026-04-20T17:05:17.092+0000] {processor.py:840} INFO - DAG(s) 'mlops_orchestration' retrieved from /opt/airflow/dags/mlops_orchestration.py
[2026-04-20T17:05:17.120+0000] {logging_mixin.py:188} INFO - [2026-04-20T17:05:17.119+0000] {dag.py:3096} INFO - Sync 1 DAGs
[2026-04-20T17:05:17.137+0000] {logging_mixin.py:188} INFO - [2026-04-20T17:05:17.137+0000] {dag.py:3954} INFO - Setting next_dagrun for mlops_orchestration to 2026-04-19 02:00:00+00:00, run_after=2026-04-20 02:00:00+00:00
[2026-04-20T17:05:17.157+0000] {processor.py:183} INFO - Processing /opt/airflow/dags/mlops_orchestration.py took 0.096 seconds
[2026-04-20T17:05:47.359+0000] {processor.py:161} INFO - Started process (PID=575) to work on /opt/airflow/dags/mlops_orchestration.py
[2026-04-20T17:05:47.360+0000] {processor.py:830} INFO - Processing file /opt/airflow/dags/mlops_orchestration.py for tasks to queue
[2026-04-20T17:05:47.362+0000] {logging_mixin.py:188} INFO - [2026-04-20T17:05:47.361+0000] {dagbag.py:545} INFO - Filling up the DagBag from /opt/airflow/dags/mlops_orchestration.py
[2026-04-20T17:05:47.383+0000] {processor.py:840} INFO - DAG(s) 'mlops_orchestration' retrieved from /opt/airflow/dags/mlops_orchestration.py
[2026-04-20T17:05:47.413+0000] {logging_mixin.py:188} INFO - [2026-04-20T17:05:47.412+0000] {dag.py:3096} INFO - Sync 1 DAGs
[2026-04-20T17:05:47.430+0000] {logging_mixin.py:188} INFO - [2026-04-20T17:05:47.430+0000] {dag.py:3954} INFO - Setting next_dagrun for mlops_orchestration to 2026-04-19 02:00:00+00:00, run_after=2026-04-20 02:00:00+00:00
[2026-04-20T17:05:47.454+0000] {processor.py:183} INFO - Processing /opt/airflow/dags/mlops_orchestration.py took 0.100 seconds
[2026-04-20T17:06:17.652+0000] {processor.py:161} INFO - Started process (PID=576) to work on /opt/airflow/dags/mlops_orchestration.py
[2026-04-20T17:06:17.653+0000] {processor.py:830} INFO - Processing file /opt/airflow/dags/mlops_orchestration.py for tasks to queue
[2026-04-20T17:06:17.655+0000] {logging_mixin.py:188} INFO - [2026-04-20T17:06:17.654+0000] {dagbag.py:545} INFO - Filling up the DagBag from /opt/airflow/dags/mlops_orchestration.py
[2026-04-20T17:06:17.674+0000] {processor.py:840} INFO - DAG(s) 'mlops_orchestration' retrieved from /opt/airflow/dags/mlops_orchestration.py
[2026-04-20T17:06:17.703+0000] {logging_mixin.py:188} INFO - [2026-04-20T17:06:17.703+0000] {dag.py:3096} INFO - Sync 1 DAGs
[2026-04-20T17:06:17.720+0000] {logging_mixin.py:188} INFO - [2026-04-20T17:06:17.720+0000] {dag.py:3954} INFO - Setting next_dagrun for mlops_orchestration to 2026-04-19 02:00:00+00:00, run_after=2026-04-20 02:00:00+00:00
[2026-04-20T17:06:17.740+0000] {processor.py:183} INFO - Processing /opt/airflow/dags/mlops_orchestration.py took 0.093 seconds
[2026-04-20T17:06:47.914+0000] {processor.py:161} INFO - Started process (PID=577) to work on /opt/airflow/dags/mlops_orchestration.py
[2026-04-20T17:06:47.916+0000] {processor.py:830} INFO - Processing file /opt/airflow/dags/mlops_orchestration.py for tasks to queue
[2026-04-20T17:06:47.918+0000] {logging_mixin.py:188} INFO - [2026-04-20T17:06:47.917+0000] {dagbag.py:545} INFO - Filling up the DagBag from /opt/airflow/dags/mlops_orchestration.py
[2026-04-20T17:06:47.941+0000] {processor.py:840} INFO - DAG(s) 'mlops_orchestration' retrieved from /opt/airflow/dags/mlops_orchestration.py
[2026-04-20T17:06:47.970+0000] {logging_mixin.py:188} INFO - [2026-04-20T17:06:47.969+0000] {dag.py:3096} INFO - Sync 1 DAGs
[2026-04-20T17:06:47.988+0000] {logging_mixin.py:188} INFO - [2026-04-20T17:06:47.988+0000] {dag.py:3954} INFO - Setting next_dagrun for mlops_orchestration to 2026-04-19 02:00:00+00:00, run_after=2026-04-20 02:00:00+00:00
[2026-04-20T17:06:48.010+0000] {processor.py:183} INFO - Processing /opt/airflow/dags/mlops_orchestration.py took 0.101 seconds
[2026-04-20T17:07:18.206+0000] {processor.py:161} INFO - Started process (PID=578) to work on /opt/airflow/dags/mlops_orchestration.py
[2026-04-20T17:07:18.208+0000] {processor.py:830} INFO - Processing file /opt/airflow/dags/mlops_orchestration.py for tasks to queue
[2026-04-20T17:07:18.209+0000] {logging_mixin.py:188} INFO - [2026-04-20T17:07:18.209+0000] {dagbag.py:545} INFO - Filling up the DagBag from /opt/airflow/dags/mlops_orchestration.py
[2026-04-20T17:07:18.233+0000] {processor.py:840} INFO - DAG(s) 'mlops_orchestration' retrieved from /opt/airflow/dags/mlops_orchestration.py
[2026-04-20T17:07:18.263+0000] {logging_mixin.py:188} INFO - [2026-04-20T17:07:18.263+0000] {dag.py:3096} INFO - Sync 1 DAGs
[2026-04-20T17:07:18.281+0000] {logging_mixin.py:188} INFO - [2026-04-20T17:07:18.281+0000] {dag.py:3954} INFO - Setting next_dagrun for mlops_orchestration to 2026-04-19 02:00:00+00:00, run_after=2026-04-20 02:00:00+00:00
[2026-04-20T17:07:18.302+0000] {processor.py:183} INFO - Processing /opt/airflow/dags/mlops_orchestration.py took 0.101 seconds
[2026-04-20T17:07:48.502+0000] {processor.py:161} INFO - Started process (PID=579) to work on /opt/airflow/dags/mlops_orchestration.py
[2026-04-20T17:07:48.503+0000] {processor.py:830} INFO - Processing file /opt/airflow/dags/mlops_orchestration.py for tasks to queue
[2026-04-20T17:07:48.504+0000] {logging_mixin.py:188} INFO - [2026-04-20T17:07:48.504+0000] {dagbag.py:545} INFO - Filling up the DagBag from /opt/airflow/dags/mlops_orchestration.py
[2026-04-20T17:07:48.528+0000] {processor.py:840} INFO - DAG(s) 'mlops_orchestration' retrieved from /opt/airflow/dags/mlops_orchestration.py
[2026-04-20T17:07:48.557+0000] {logging_mixin.py:188} INFO - [2026-04-20T17:07:48.556+0000] {dag.py:3096} INFO - Sync 1 DAGs
[2026-04-20T17:07:48.573+0000] {logging_mixin.py:188} INFO - [2026-04-20T17:07:48.573+0000] {dag.py:3954} INFO - Setting next_dagrun for mlops_orchestration to 2026-04-19 02:00:00+00:00, run_after=2026-04-20 02:00:00+00:00
[2026-04-20T17:07:48.603+0000] {processor.py:183} INFO - Processing /opt/airflow/dags/mlops_orchestration.py took 0.106 seconds
[2026-04-20T17:08:18.789+0000] {processor.py:161} INFO - Started process (PID=580) to work on /opt/airflow/dags/mlops_orchestration.py
[2026-04-20T17:08:18.790+0000] {processor.py:830} INFO - Processing file /opt/airflow/dags/mlops_orchestration.py for tasks to queue
[2026-04-20T17:08:18.792+0000] {logging_mixin.py:188} INFO - [2026-04-20T17:08:18.791+0000] {dagbag.py:545} INFO - Filling up the DagBag from /opt/airflow/dags/mlops_orchestration.py
[2026-04-20T17:08:18.810+0000] {processor.py:840} INFO - DAG(s) 'mlops_orchestration' retrieved from /opt/airflow/dags/mlops_orchestration.py
[2026-04-20T17:08:18.838+0000] {logging_mixin.py:188} INFO - [2026-04-20T17:08:18.838+0000] {dag.py:3096} INFO - Sync 1 DAGs
[2026-04-20T17:08:18.854+0000] {logging_mixin.py:188} INFO - [2026-04-20T17:08:18.854+0000] {dag.py:3954} INFO - Setting next_dagrun for mlops_orchestration to 2026-04-19 02:00:00+00:00, run_after=2026-04-20 02:00:00+00:00
[2026-04-20T17:08:18.875+0000] {processor.py:183} INFO - Processing /opt/airflow/dags/mlops_orchestration.py took 0.091 seconds
[2026-04-20T17:08:48.982+0000] {processor.py:161} INFO - Started process (PID=581) to work on /opt/airflow/dags/mlops_orchestration.py
[2026-04-20T17:08:48.984+0000] {processor.py:830} INFO - Processing file /opt/airflow/dags/mlops_orchestration.py for tasks to queue
[2026-04-20T17:08:48.985+0000] {logging_mixin.py:188} INFO - [2026-04-20T17:08:48.985+0000] {dagbag.py:545} INFO - Filling up the DagBag from /opt/airflow/dags/mlops_orchestration.py
[2026-04-20T17:08:49.011+0000] {processor.py:840} INFO - DAG(s) 'mlops_orchestration' retrieved from /opt/airflow/dags/mlops_orchestration.py
[2026-04-20T17:08:49.042+0000] {logging_mixin.py:188} INFO - [2026-04-20T17:08:49.041+0000] {dag.py:3096} INFO - Sync 1 DAGs
[2026-04-20T17:08:49.060+0000] {logging_mixin.py:188} INFO - [2026-04-20T17:08:49.060+0000] {dag.py:3954} INFO - Setting next_dagrun for mlops_orchestration to 2026-04-19 02:00:00+00:00, run_after=2026-04-20 02:00:00+00:00
[2026-04-20T17:08:49.081+0000] {processor.py:183} INFO - Processing /opt/airflow/dags/mlops_orchestration.py took 0.104 seconds
[2026-04-20T17:09:19.278+0000] {processor.py:161} INFO - Started process (PID=582) to work on /opt/airflow/dags/mlops_orchestration.py
[2026-04-20T17:09:19.279+0000] {processor.py:830} INFO - Processing file /opt/airflow/dags/mlops_orchestration.py for tasks to queue
[2026-04-20T17:09:19.281+0000] {logging_mixin.py:188} INFO - [2026-04-20T17:09:19.280+0000] {dagbag.py:545} INFO - Filling up the DagBag from /opt/airflow/dags/mlops_orchestration.py
[2026-04-20T17:09:19.299+0000] {processor.py:840} INFO - DAG(s) 'mlops_orchestration' retrieved from /opt/airflow/dags/mlops_orchestration.py
[2026-04-20T17:09:19.326+0000] {logging_mixin.py:188} INFO - [2026-04-20T17:09:19.326+0000] {dag.py:3096} INFO - Sync 1 DAGs
[2026-04-20T17:09:19.344+0000] {logging_mixin.py:188} INFO - [2026-04-20T17:09:19.344+0000] {dag.py:3954} INFO - Setting next_dagrun for mlops_orchestration to 2026-04-19 02:00:00+00:00, run_after=2026-04-20 02:00:00+00:00
[2026-04-20T17:09:19.363+0000] {processor.py:183} INFO - Processing /opt/airflow/dags/mlops_orchestration.py took 0.090 seconds
[2026-04-20T17:09:49.470+0000] {processor.py:161} INFO - Started process (PID=583) to work on /opt/airflow/dags/mlops_orchestration.py
[2026-04-20T17:09:49.471+0000] {processor.py:830} INFO - Processing file /opt/airflow/dags/mlops_orchestration.py for tasks to queue
[2026-04-20T17:09:49.473+0000] {logging_mixin.py:188} INFO - [2026-04-20T17:09:49.473+0000] {dagbag.py:545} INFO - Filling up the DagBag from /opt/airflow/dags/mlops_orchestration.py
[2026-04-20T17:09:49.492+0000] {processor.py:840} INFO - DAG(s) 'mlops_orchestration' retrieved from /opt/airflow/dags/mlops_orchestration.py
[2026-04-20T17:09:49.523+0000] {logging_mixin.py:188} INFO - [2026-04-20T17:09:49.523+0000] {dag.py:3096} INFO - Sync 1 DAGs
[2026-04-20T17:09:49.540+0000] {logging_mixin.py:188} INFO - [2026-04-20T17:09:49.540+0000] {dag.py:3954} INFO - Setting next_dagrun for mlops_orchestration to 2026-04-19 02:00:00+00:00, run_after=2026-04-20 02:00:00+00:00
[2026-04-20T17:09:49.561+0000] {processor.py:183} INFO - Processing /opt/airflow/dags/mlops_orchestration.py took 0.099 seconds
[2026-04-20T17:10:19.757+0000] {processor.py:161} INFO - Started process (PID=584) to work on /opt/airflow/dags/mlops_orchestration.py
[2026-04-20T17:10:19.758+0000] {processor.py:830} INFO - Processing file /opt/airflow/dags/mlops_orchestration.py for tasks to queue
[2026-04-20T17:10:19.760+0000] {logging_mixin.py:188} INFO - [2026-04-20T17:10:19.760+0000] {dagbag.py:545} INFO - Filling up the DagBag from /opt/airflow/dags/mlops_orchestration.py
[2026-04-20T17:10:19.784+0000] {processor.py:840} INFO - DAG(s) 'mlops_orchestration' retrieved from /opt/airflow/dags/mlops_orchestration.py
[2026-04-20T17:10:19.813+0000] {logging_mixin.py:188} INFO - [2026-04-20T17:10:19.813+0000] {dag.py:3096} INFO - Sync 1 DAGs
[2026-04-20T17:10:19.830+0000] {logging_mixin.py:188} INFO - [2026-04-20T17:10:19.830+0000] {dag.py:3954} INFO - Setting next_dagrun for mlops_orchestration to 2026-04-19 02:00:00+00:00, run_after=2026-04-20 02:00:00+00:00
[2026-04-20T17:10:19.854+0000] {processor.py:183} INFO - Processing /opt/airflow/dags/mlops_orchestration.py took 0.101 seconds
[2026-04-20T17:10:50.050+0000] {processor.py:161} INFO - Started process (PID=585) to work on /opt/airflow/dags/mlops_orchestration.py
[2026-04-20T17:10:50.051+0000] {processor.py:830} INFO - Processing file /opt/airflow/dags/mlops_orchestration.py for tasks to queue
[2026-04-20T17:10:50.053+0000] {logging_mixin.py:188} INFO - [2026-04-20T17:10:50.052+0000] {dagbag.py:545} INFO - Filling up the DagBag from /opt/airflow/dags/mlops_orchestration.py
[2026-04-20T17:10:50.071+0000] {processor.py:840} INFO - DAG(s) 'mlops_orchestration' retrieved from /opt/airflow/dags/mlops_orchestration.py
[2026-04-20T17:10:50.098+0000] {logging_mixin.py:188} INFO - [2026-04-20T17:10:50.098+0000] {dag.py:3096} INFO - Sync 1 DAGs
[2026-04-20T17:10:50.116+0000] {logging_mixin.py:188} INFO - [2026-04-20T17:10:50.116+0000] {dag.py:3954} INFO - Setting next_dagrun for mlops_orchestration to 2026-04-19 02:00:00+00:00, run_after=2026-04-20 02:00:00+00:00
[2026-04-20T17:10:50.136+0000] {processor.py:183} INFO - Processing /opt/airflow/dags/mlops_orchestration.py took 0.091 seconds
[2026-04-20T17:11:20.232+0000] {processor.py:161} INFO - Started process (PID=586) to work on /opt/airflow/dags/mlops_orchestration.py
[2026-04-20T17:11:20.233+0000] {processor.py:830} INFO - Processing file /opt/airflow/dags/mlops_orchestration.py for tasks to queue
[2026-04-20T17:11:20.235+0000] {logging_mixin.py:188} INFO - [2026-04-20T17:11:20.235+0000] {dagbag.py:545} INFO - Filling up the DagBag from /opt/airflow/dags/mlops_orchestration.py
[2026-04-20T17:11:20.261+0000] {processor.py:840} INFO - DAG(s) 'mlops_orchestration' retrieved from /opt/airflow/dags/mlops_orchestration.py
[2026-04-20T17:11:20.291+0000] {logging_mixin.py:188} INFO - [2026-04-20T17:11:20.291+0000] {dag.py:3096} INFO - Sync 1 DAGs
[2026-04-20T17:11:20.309+0000] {logging_mixin.py:188} INFO - [2026-04-20T17:11:20.309+0000] {dag.py:3954} INFO - Setting next_dagrun for mlops_orchestration to 2026-04-19 02:00:00+00:00, run_after=2026-04-20 02:00:00+00:00
[2026-04-20T17:11:20.332+0000] {processor.py:183} INFO - Processing /opt/airflow/dags/mlops_orchestration.py took 0.105 seconds
[2026-04-20T17:11:50.535+0000] {processor.py:161} INFO - Started process (PID=587) to work on /opt/airflow/dags/mlops_orchestration.py
[2026-04-20T17:11:50.536+0000] {processor.py:830} INFO - Processing file /opt/airflow/dags/mlops_orchestration.py for tasks to queue
[2026-04-20T17:11:50.539+0000] {logging_mixin.py:188} INFO - [2026-04-20T17:11:50.538+0000] {dagbag.py:545} INFO - Filling up the DagBag from /opt/airflow/dags/mlops_orchestration.py
[2026-04-20T17:11:50.561+0000] {processor.py:840} INFO - DAG(s) 'mlops_orchestration' retrieved from /opt/airflow/dags/mlops_orchestration.py
[2026-04-20T17:11:50.590+0000] {logging_mixin.py:188} INFO - [2026-04-20T17:11:50.590+0000] {dag.py:3096} INFO - Sync 1 DAGs
[2026-04-20T17:11:50.607+0000] {logging_mixin.py:188} INFO - [2026-04-20T17:11:50.607+0000] {dag.py:3954} INFO - Setting next_dagrun for mlops_orchestration to 2026-04-19 02:00:00+00:00, run_after=2026-04-20 02:00:00+00:00
[2026-04-20T17:11:50.631+0000] {processor.py:183} INFO - Processing /opt/airflow/dags/mlops_orchestration.py took 0.102 seconds
[2026-04-20T17:12:20.832+0000] {processor.py:161} INFO - Started process (PID=588) to work on /opt/airflow/dags/mlops_orchestration.py
[2026-04-20T17:12:20.833+0000] {processor.py:830} INFO - Processing file /opt/airflow/dags/mlops_orchestration.py for tasks to queue
[2026-04-20T17:12:20.835+0000] {logging_mixin.py:188} INFO - [2026-04-20T17:12:20.834+0000] {dagbag.py:545} INFO - Filling up the DagBag from /opt/airflow/dags/mlops_orchestration.py
[2026-04-20T17:12:20.858+0000] {processor.py:840} INFO - DAG(s) 'mlops_orchestration' retrieved from /opt/airflow/dags/mlops_orchestration.py
[2026-04-20T17:12:20.886+0000] {logging_mixin.py:188} INFO - [2026-04-20T17:12:20.886+0000] {dag.py:3096} INFO - Sync 1 DAGs
[2026-04-20T17:12:20.904+0000] {logging_mixin.py:188} INFO - [2026-04-20T17:12:20.904+0000] {dag.py:3954} INFO - Setting next_dagrun for mlops_orchestration to 2026-04-19 02:00:00+00:00, run_after=2026-04-20 02:00:00+00:00
[2026-04-20T17:12:20.923+0000] {processor.py:183} INFO - Processing /opt/airflow/dags/mlops_orchestration.py took 0.101 seconds
[2026-04-20T17:12:51.122+0000] {processor.py:161} INFO - Started process (PID=589) to work on /opt/airflow/dags/mlops_orchestration.py
[2026-04-20T17:12:51.123+0000] {processor.py:830} INFO - Processing file /opt/airflow/dags/mlops_orchestration.py for tasks to queue
[2026-04-20T17:12:51.126+0000] {logging_mixin.py:188} INFO - [2026-04-20T17:12:51.125+0000] {dagbag.py:545} INFO - Filling up the DagBag from /opt/airflow/dags/mlops_orchestration.py
[2026-04-20T17:12:51.148+0000] {processor.py:840} INFO - DAG(s) 'mlops_orchestration' retrieved from /opt/airflow/dags/mlops_orchestration.py
[2026-04-20T17:12:51.177+0000] {logging_mixin.py:188} INFO - [2026-04-20T17:12:51.177+0000] {dag.py:3096} INFO - Sync 1 DAGs
[2026-04-20T17:12:51.195+0000] {logging_mixin.py:188} INFO - [2026-04-20T17:12:51.195+0000] {dag.py:3954} INFO - Setting next_dagrun for mlops_orchestration to 2026-04-19 02:00:00+00:00, run_after=2026-04-20 02:00:00+00:00
[2026-04-20T17:12:51.215+0000] {processor.py:183} INFO - Processing /opt/airflow/dags/mlops_orchestration.py took 0.101 seconds
[2026-04-20T17:13:21.428+0000] {processor.py:161} INFO - Started process (PID=590) to work on /opt/airflow/dags/mlops_orchestration.py
[2026-04-20T17:13:21.429+0000] {processor.py:830} INFO - Processing file /opt/airflow/dags/mlops_orchestration.py for tasks to queue
[2026-04-20T17:13:21.431+0000] {logging_mixin.py:188} INFO - [2026-04-20T17:13:21.430+0000] {dagbag.py:545} INFO - Filling up the DagBag from /opt/airflow/dags/mlops_orchestration.py
[2026-04-20T17:13:21.450+0000] {processor.py:840} INFO - DAG(s) 'mlops_orchestration' retrieved from /opt/airflow/dags/mlops_orchestration.py
[2026-04-20T17:13:21.483+0000] {logging_mixin.py:188} INFO - [2026-04-20T17:13:21.483+0000] {dag.py:3096} INFO - Sync 1 DAGs
[2026-04-20T17:13:21.500+0000] {logging_mixin.py:188} INFO - [2026-04-20T17:13:21.500+0000] {dag.py:3954} INFO - Setting next_dagrun for mlops_orchestration to 2026-04-19 02:00:00+00:00, run_after=2026-04-20 02:00:00+00:00
[2026-04-20T17:13:21.518+0000] {processor.py:183} INFO - Processing /opt/airflow/dags/mlops_orchestration.py took 0.107 seconds
[2026-04-20T17:13:51.767+0000] {processor.py:161} INFO - Started process (PID=591) to work on /opt/airflow/dags/mlops_orchestration.py
[2026-04-20T17:13:51.768+0000] {processor.py:830} INFO - Processing file /opt/airflow/dags/mlops_orchestration.py for tasks to queue
[2026-04-20T17:13:51.770+0000] {logging_mixin.py:188} INFO - [2026-04-20T17:13:51.770+0000] {dagbag.py:545} INFO - Filling up the DagBag from /opt/airflow/dags/mlops_orchestration.py
[2026-04-20T17:13:51.790+0000] {processor.py:840} INFO - DAG(s) 'mlops_orchestration' retrieved from /opt/airflow/dags/mlops_orchestration.py
[2026-04-20T17:13:51.823+0000] {logging_mixin.py:188} INFO - [2026-04-20T17:13:51.823+0000] {dag.py:3096} INFO - Sync 1 DAGs
[2026-04-20T17:13:51.841+0000] {logging_mixin.py:188} INFO - [2026-04-20T17:13:51.841+0000] {dag.py:3954} INFO - Setting next_dagrun for mlops_orchestration to 2026-04-19 02:00:00+00:00, run_after=2026-04-20 02:00:00+00:00
[2026-04-20T17:13:51.860+0000] {processor.py:183} INFO - Processing /opt/airflow/dags/mlops_orchestration.py took 0.099 seconds
[2026-04-20T17:14:22.003+0000] {processor.py:161} INFO - Started process (PID=592) to work on /opt/airflow/dags/mlops_orchestration.py
[2026-04-20T17:14:22.004+0000] {processor.py:830} INFO - Processing file /opt/airflow/dags/mlops_orchestration.py for tasks to queue
[2026-04-20T17:14:22.006+0000] {logging_mixin.py:188} INFO - [2026-04-20T17:14:22.006+0000] {dagbag.py:545} INFO - Filling up the DagBag from /opt/airflow/dags/mlops_orchestration.py
[2026-04-20T17:14:22.028+0000] {processor.py:840} INFO - DAG(s) 'mlops_orchestration' retrieved from /opt/airflow/dags/mlops_orchestration.py
[2026-04-20T17:14:22.057+0000] {logging_mixin.py:188} INFO - [2026-04-20T17:14:22.057+0000] {dag.py:3096} INFO - Sync 1 DAGs
[2026-04-20T17:14:22.075+0000] {logging_mixin.py:188} INFO - [2026-04-20T17:14:22.075+0000] {dag.py:3954} INFO - Setting next_dagrun for mlops_orchestration to 2026-04-19 02:00:00+00:00, run_after=2026-04-20 02:00:00+00:00
[2026-04-20T17:14:22.098+0000] {processor.py:183} INFO - Processing /opt/airflow/dags/mlops_orchestration.py took 0.100 seconds
[2026-04-20T17:14:52.306+0000] {processor.py:161} INFO - Started process (PID=593) to work on /opt/airflow/dags/mlops_orchestration.py
[2026-04-20T17:14:52.307+0000] {processor.py:830} INFO - Processing file /opt/airflow/dags/mlops_orchestration.py for tasks to queue
[2026-04-20T17:14:52.309+0000] {logging_mixin.py:188} INFO - [2026-04-20T17:14:52.309+0000] {dagbag.py:545} INFO - Filling up the DagBag from /opt/airflow/dags/mlops_orchestration.py
[2026-04-20T17:14:52.329+0000] {processor.py:840} INFO - DAG(s) 'mlops_orchestration' retrieved from /opt/airflow/dags/mlops_orchestration.py
[2026-04-20T17:14:52.361+0000] {logging_mixin.py:188} INFO - [2026-04-20T17:14:52.361+0000] {dag.py:3096} INFO - Sync 1 DAGs
[2026-04-20T17:14:52.378+0000] {logging_mixin.py:188} INFO - [2026-04-20T17:14:52.378+0000] {dag.py:3954} INFO - Setting next_dagrun for mlops_orchestration to 2026-04-19 02:00:00+00:00, run_after=2026-04-20 02:00:00+00:00
[2026-04-20T17:14:52.397+0000] {processor.py:183} INFO - Processing /opt/airflow/dags/mlops_orchestration.py took 0.096 seconds
[2026-04-20T17:15:22.578+0000] {processor.py:161} INFO - Started process (PID=594) to work on /opt/airflow/dags/mlops_orchestration.py
[2026-04-20T17:15:22.578+0000] {processor.py:830} INFO - Processing file /opt/airflow/dags/mlops_orchestration.py for tasks to queue
[2026-04-20T17:15:22.580+0000] {logging_mixin.py:188} INFO - [2026-04-20T17:15:22.580+0000] {dagbag.py:545} INFO - Filling up the DagBag from /opt/airflow/dags/mlops_orchestration.py
[2026-04-20T17:15:22.599+0000] {processor.py:840} INFO - DAG(s) 'mlops_orchestration' retrieved from /opt/airflow/dags/mlops_orchestration.py
[2026-04-20T17:15:22.628+0000] {logging_mixin.py:188} INFO - [2026-04-20T17:15:22.628+0000] {dag.py:3096} INFO - Sync 1 DAGs
[2026-04-20T17:15:22.646+0000] {logging_mixin.py:188} INFO - [2026-04-20T17:15:22.645+0000] {dag.py:3954} INFO - Setting next_dagrun for mlops_orchestration to 2026-04-19 02:00:00+00:00, run_after=2026-04-20 02:00:00+00:00
[2026-04-20T17:15:22.667+0000] {processor.py:183} INFO - Processing /opt/airflow/dags/mlops_orchestration.py took 0.094 seconds
[2026-04-20T17:15:52.864+0000] {processor.py:161} INFO - Started process (PID=595) to work on /opt/airflow/dags/mlops_orchestration.py
[2026-04-20T17:15:52.865+0000] {processor.py:830} INFO - Processing file /opt/airflow/dags/mlops_orchestration.py for tasks to queue
[2026-04-20T17:15:52.867+0000] {logging_mixin.py:188} INFO - [2026-04-20T17:15:52.867+0000] {dagbag.py:545} INFO - Filling up the DagBag from /opt/airflow/dags/mlops_orchestration.py
[2026-04-20T17:15:52.894+0000] {processor.py:840} INFO - DAG(s) 'mlops_orchestration' retrieved from /opt/airflow/dags/mlops_orchestration.py
[2026-04-20T17:15:52.925+0000] {logging_mixin.py:188} INFO - [2026-04-20T17:15:52.924+0000] {dag.py:3096} INFO - Sync 1 DAGs
[2026-04-20T17:15:52.943+0000] {logging_mixin.py:188} INFO - [2026-04-20T17:15:52.943+0000] {dag.py:3954} INFO - Setting next_dagrun for mlops_orchestration to 2026-04-19 02:00:00+00:00, run_after=2026-04-20 02:00:00+00:00
[2026-04-20T17:15:52.965+0000] {processor.py:183} INFO - Processing /opt/airflow/dags/mlops_orchestration.py took 0.106 seconds
[2026-04-20T17:16:23.156+0000] {processor.py:161} INFO - Started process (PID=596) to work on /opt/airflow/dags/mlops_orchestration.py
[2026-04-20T17:16:23.157+0000] {processor.py:830} INFO - Processing file /opt/airflow/dags/mlops_orchestration.py for tasks to queue
[2026-04-20T17:16:23.159+0000] {logging_mixin.py:188} INFO - [2026-04-20T17:16:23.159+0000] {dagbag.py:545} INFO - Filling up the DagBag from /opt/airflow/dags/mlops_orchestration.py
[2026-04-20T17:16:23.179+0000] {processor.py:840} INFO - DAG(s) 'mlops_orchestration' retrieved from /opt/airflow/dags/mlops_orchestration.py
[2026-04-20T17:16:23.208+0000] {logging_mixin.py:188} INFO - [2026-04-20T17:16:23.208+0000] {dag.py:3096} INFO - Sync 1 DAGs
[2026-04-20T17:16:23.225+0000] {logging_mixin.py:188} INFO - [2026-04-20T17:16:23.225+0000] {dag.py:3954} INFO - Setting next_dagrun for mlops_orchestration to 2026-04-19 02:00:00+00:00, run_after=2026-04-20 02:00:00+00:00
[2026-04-20T17:16:23.243+0000] {processor.py:183} INFO - Processing /opt/airflow/dags/mlops_orchestration.py took 0.091 seconds
[2026-04-20T17:16:53.449+0000] {processor.py:161} INFO - Started process (PID=597) to work on /opt/airflow/dags/mlops_orchestration.py
[2026-04-20T17:16:53.451+0000] {processor.py:830} INFO - Processing file /opt/airflow/dags/mlops_orchestration.py for tasks to queue
[2026-04-20T17:16:53.453+0000] {logging_mixin.py:188} INFO - [2026-04-20T17:16:53.452+0000] {dagbag.py:545} INFO - Filling up the DagBag from /opt/airflow/dags/mlops_orchestration.py
[2026-04-20T17:16:53.472+0000] {processor.py:840} INFO - DAG(s) 'mlops_orchestration' retrieved from /opt/airflow/dags/mlops_orchestration.py
[2026-04-20T17:16:53.499+0000] {logging_mixin.py:188} INFO - [2026-04-20T17:16:53.499+0000] {dag.py:3096} INFO - Sync 1 DAGs
[2026-04-20T17:16:53.516+0000] {logging_mixin.py:188} INFO - [2026-04-20T17:16:53.516+0000] {dag.py:3954} INFO - Setting next_dagrun for mlops_orchestration to 2026-04-19 02:00:00+00:00, run_after=2026-04-20 02:00:00+00:00
[2026-04-20T17:16:53.533+0000] {processor.py:183} INFO - Processing /opt/airflow/dags/mlops_orchestration.py took 0.090 seconds
[2026-04-20T17:17:23.739+0000] {processor.py:161} INFO - Started process (PID=598) to work on /opt/airflow/dags/mlops_orchestration.py
[2026-04-20T17:17:23.740+0000] {processor.py:830} INFO - Processing file /opt/airflow/dags/mlops_orchestration.py for tasks to queue
[2026-04-20T17:17:23.743+0000] {logging_mixin.py:188} INFO - [2026-04-20T17:17:23.742+0000] {dagbag.py:545} INFO - Filling up the DagBag from /opt/airflow/dags/mlops_orchestration.py
[2026-04-20T17:17:23.767+0000] {processor.py:840} INFO - DAG(s) 'mlops_orchestration' retrieved from /opt/airflow/dags/mlops_orchestration.py
[2026-04-20T17:17:23.799+0000] {logging_mixin.py:188} INFO - [2026-04-20T17:17:23.799+0000] {dag.py:3096} INFO - Sync 1 DAGs
[2026-04-20T17:17:23.819+0000] {logging_mixin.py:188} INFO - [2026-04-20T17:17:23.819+0000] {dag.py:3954} INFO - Setting next_dagrun for mlops_orchestration to 2026-04-19 02:00:00+00:00, run_after=2026-04-20 02:00:00+00:00
[2026-04-20T17:17:23.842+0000] {processor.py:183} INFO - Processing /opt/airflow/dags/mlops_orchestration.py took 0.109 seconds
[2026-04-20T17:17:54.022+0000] {processor.py:161} INFO - Started process (PID=599) to work on /opt/airflow/dags/mlops_orchestration.py
[2026-04-20T17:17:54.023+0000] {processor.py:830} INFO - Processing file /opt/airflow/dags/mlops_orchestration.py for tasks to queue
[2026-04-20T17:17:54.025+0000] {logging_mixin.py:188} INFO - [2026-04-20T17:17:54.024+0000] {dagbag.py:545} INFO - Filling up the DagBag from /opt/airflow/dags/mlops_orchestration.py
[2026-04-20T17:17:54.043+0000] {processor.py:840} INFO - DAG(s) 'mlops_orchestration' retrieved from /opt/airflow/dags/mlops_orchestration.py
[2026-04-20T17:17:54.071+0000] {logging_mixin.py:188} INFO - [2026-04-20T17:17:54.071+0000] {dag.py:3096} INFO - Sync 1 DAGs
[2026-04-20T17:17:54.087+0000] {logging_mixin.py:188} INFO - [2026-04-20T17:17:54.087+0000] {dag.py:3954} INFO - Setting next_dagrun for mlops_orchestration to 2026-04-19 02:00:00+00:00, run_after=2026-04-20 02:00:00+00:00
[2026-04-20T17:17:54.111+0000] {processor.py:183} INFO - Processing /opt/airflow/dags/mlops_orchestration.py took 0.094 seconds
[2026-04-20T17:18:24.308+0000] {processor.py:161} INFO - Started process (PID=600) to work on /opt/airflow/dags/mlops_orchestration.py
[2026-04-20T17:18:24.309+0000] {processor.py:830} INFO - Processing file /opt/airflow/dags/mlops_orchestration.py for tasks to queue
[2026-04-20T17:18:24.311+0000] {logging_mixin.py:188} INFO - [2026-04-20T17:18:24.311+0000] {dagbag.py:545} INFO - Filling up the DagBag from /opt/airflow/dags/mlops_orchestration.py
[2026-04-20T17:18:24.334+0000] {processor.py:840} INFO - DAG(s) 'mlops_orchestration' retrieved from /opt/airflow/dags/mlops_orchestration.py
[2026-04-20T17:18:24.361+0000] {logging_mixin.py:188} INFO - [2026-04-20T17:18:24.361+0000] {dag.py:3096} INFO - Sync 1 DAGs
[2026-04-20T17:18:24.378+0000] {logging_mixin.py:188} INFO - [2026-04-20T17:18:24.378+0000] {dag.py:3954} INFO - Setting next_dagrun for mlops_orchestration to 2026-04-19 02:00:00+00:00, run_after=2026-04-20 02:00:00+00:00
[2026-04-20T17:18:24.397+0000] {processor.py:183} INFO - Processing /opt/airflow/dags/mlops_orchestration.py took 0.094 seconds
[2026-04-20T17:18:54.600+0000] {processor.py:161} INFO - Started process (PID=601) to work on /opt/airflow/dags/mlops_orchestration.py
[2026-04-20T17:18:54.601+0000] {processor.py:830} INFO - Processing file /opt/airflow/dags/mlops_orchestration.py for tasks to queue
[2026-04-20T17:18:54.603+0000] {logging_mixin.py:188} INFO - [2026-04-20T17:18:54.603+0000] {dagbag.py:545} INFO - Filling up the DagBag from /opt/airflow/dags/mlops_orchestration.py
[2026-04-20T17:18:54.625+0000] {processor.py:840} INFO - DAG(s) 'mlops_orchestration' retrieved from /opt/airflow/dags/mlops_orchestration.py
[2026-04-20T17:18:54.654+0000] {logging_mixin.py:188} INFO - [2026-04-20T17:18:54.654+0000] {dag.py:3096} INFO - Sync 1 DAGs
[2026-04-20T17:18:54.673+0000] {logging_mixin.py:188} INFO - [2026-04-20T17:18:54.672+0000] {dag.py:3954} INFO - Setting next_dagrun for mlops_orchestration to 2026-04-19 02:00:00+00:00, run_after=2026-04-20 02:00:00+00:00
[2026-04-20T17:18:54.694+0000] {processor.py:183} INFO - Processing /opt/airflow/dags/mlops_orchestration.py took 0.099 seconds
[2026-04-20T17:19:24.899+0000] {processor.py:161} INFO - Started process (PID=602) to work on /opt/airflow/dags/mlops_orchestration.py
[2026-04-20T17:19:24.900+0000] {processor.py:830} INFO - Processing file /opt/airflow/dags/mlops_orchestration.py for tasks to queue
[2026-04-20T17:19:24.902+0000] {logging_mixin.py:188} INFO - [2026-04-20T17:19:24.902+0000] {dagbag.py:545} INFO - Filling up the DagBag from /opt/airflow/dags/mlops_orchestration.py
[2026-04-20T17:19:24.923+0000] {processor.py:840} INFO - DAG(s) 'mlops_orchestration' retrieved from /opt/airflow/dags/mlops_orchestration.py
[2026-04-20T17:19:24.951+0000] {logging_mixin.py:188} INFO - [2026-04-20T17:19:24.951+0000] {dag.py:3096} INFO - Sync 1 DAGs
[2026-04-20T17:19:24.967+0000] {logging_mixin.py:188} INFO - [2026-04-20T17:19:24.967+0000] {dag.py:3954} INFO - Setting next_dagrun for mlops_orchestration to 2026-04-19 02:00:00+00:00, run_after=2026-04-20 02:00:00+00:00
[2026-04-20T17:19:24.986+0000] {processor.py:183} INFO - Processing /opt/airflow/dags/mlops_orchestration.py took 0.092 seconds
[2026-04-20T17:19:55.179+0000] {processor.py:161} INFO - Started process (PID=603) to work on /opt/airflow/dags/mlops_orchestration.py
[2026-04-20T17:19:55.180+0000] {processor.py:830} INFO - Processing file /opt/airflow/dags/mlops_orchestration.py for tasks to queue
[2026-04-20T17:19:55.182+0000] {logging_mixin.py:188} INFO - [2026-04-20T17:19:55.182+0000] {dagbag.py:545} INFO - Filling up the DagBag from /opt/airflow/dags/mlops_orchestration.py
[2026-04-20T17:19:55.202+0000] {processor.py:840} INFO - DAG(s) 'mlops_orchestration' retrieved from /opt/airflow/dags/mlops_orchestration.py
[2026-04-20T17:19:55.229+0000] {logging_mixin.py:188} INFO - [2026-04-20T17:19:55.229+0000] {dag.py:3096} INFO - Sync 1 DAGs
[2026-04-20T17:19:55.245+0000] {logging_mixin.py:188} INFO - [2026-04-20T17:19:55.245+0000] {dag.py:3954} INFO - Setting next_dagrun for mlops_orchestration to 2026-04-19 02:00:00+00:00, run_after=2026-04-20 02:00:00+00:00
[2026-04-20T17:19:55.265+0000] {processor.py:183} INFO - Processing /opt/airflow/dags/mlops_orchestration.py took 0.091 seconds
[2026-04-20T17:20:25.474+0000] {processor.py:161} INFO - Started process (PID=604) to work on /opt/airflow/dags/mlops_orchestration.py
[2026-04-20T17:20:25.475+0000] {processor.py:830} INFO - Processing file /opt/airflow/dags/mlops_orchestration.py for tasks to queue
[2026-04-20T17:20:25.477+0000] {logging_mixin.py:188} INFO - [2026-04-20T17:20:25.477+0000] {dagbag.py:545} INFO - Filling up the DagBag from /opt/airflow/dags/mlops_orchestration.py
[2026-04-20T17:20:25.499+0000] {processor.py:840} INFO - DAG(s) 'mlops_orchestration' retrieved from /opt/airflow/dags/mlops_orchestration.py
[2026-04-20T17:20:25.528+0000] {logging_mixin.py:188} INFO - [2026-04-20T17:20:25.527+0000] {dag.py:3096} INFO - Sync 1 DAGs
[2026-04-20T17:20:25.545+0000] {logging_mixin.py:188} INFO - [2026-04-20T17:20:25.545+0000] {dag.py:3954} INFO - Setting next_dagrun for mlops_orchestration to 2026-04-19 02:00:00+00:00, run_after=2026-04-20 02:00:00+00:00
[2026-04-20T17:20:25.565+0000] {processor.py:183} INFO - Processing /opt/airflow/dags/mlops_orchestration.py took 0.096 seconds
[2026-04-20T17:20:55.763+0000] {processor.py:161} INFO - Started process (PID=605) to work on /opt/airflow/dags/mlops_orchestration.py
[2026-04-20T17:20:55.764+0000] {processor.py:830} INFO - Processing file /opt/airflow/dags/mlops_orchestration.py for tasks to queue
[2026-04-20T17:20:55.766+0000] {logging_mixin.py:188} INFO - [2026-04-20T17:20:55.766+0000] {dagbag.py:545} INFO - Filling up the DagBag from /opt/airflow/dags/mlops_orchestration.py
[2026-04-20T17:20:55.789+0000] {processor.py:840} INFO - DAG(s) 'mlops_orchestration' retrieved from /opt/airflow/dags/mlops_orchestration.py
[2026-04-20T17:20:55.823+0000] {logging_mixin.py:188} INFO - [2026-04-20T17:20:55.823+0000] {dag.py:3096} INFO - Sync 1 DAGs
[2026-04-20T17:20:55.840+0000] {logging_mixin.py:188} INFO - [2026-04-20T17:20:55.840+0000] {dag.py:3954} INFO - Setting next_dagrun for mlops_orchestration to 2026-04-19 02:00:00+00:00, run_after=2026-04-20 02:00:00+00:00
[2026-04-20T17:20:55.861+0000] {processor.py:183} INFO - Processing /opt/airflow/dags/mlops_orchestration.py took 0.106 seconds
[2026-04-20T17:21:26.048+0000] {processor.py:161} INFO - Started process (PID=606) to work on /opt/airflow/dags/mlops_orchestration.py
[2026-04-20T17:21:26.049+0000] {processor.py:830} INFO - Processing file /opt/airflow/dags/mlops_orchestration.py for tasks to queue
[2026-04-20T17:21:26.050+0000] {logging_mixin.py:188} INFO - [2026-04-20T17:21:26.050+0000] {dagbag.py:545} INFO - Filling up the DagBag from /opt/airflow/dags/mlops_orchestration.py
[2026-04-20T17:21:26.069+0000] {processor.py:840} INFO - DAG(s) 'mlops_orchestration' retrieved from /opt/airflow/dags/mlops_orchestration.py
[2026-04-20T17:21:26.096+0000] {logging_mixin.py:188} INFO - [2026-04-20T17:21:26.096+0000] {dag.py:3096} INFO - Sync 1 DAGs
[2026-04-20T17:21:26.113+0000] {logging_mixin.py:188} INFO - [2026-04-20T17:21:26.113+0000] {dag.py:3954} INFO - Setting next_dagrun for mlops_orchestration to 2026-04-19 02:00:00+00:00, run_after=2026-04-20 02:00:00+00:00
[2026-04-20T17:21:26.134+0000] {processor.py:183} INFO - Processing /opt/airflow/dags/mlops_orchestration.py took 0.092 seconds
[2026-04-20T17:21:56.252+0000] {processor.py:161} INFO - Started process (PID=607) to work on /opt/airflow/dags/mlops_orchestration.py
[2026-04-20T17:21:56.253+0000] {processor.py:830} INFO - Processing file /opt/airflow/dags/mlops_orchestration.py for tasks to queue
[2026-04-20T17:21:56.256+0000] {logging_mixin.py:188} INFO - [2026-04-20T17:21:56.255+0000] {dagbag.py:545} INFO - Filling up the DagBag from /opt/airflow/dags/mlops_orchestration.py
[2026-04-20T17:21:56.280+0000] {processor.py:840} INFO - DAG(s) 'mlops_orchestration' retrieved from /opt/airflow/dags/mlops_orchestration.py
[2026-04-20T17:21:56.309+0000] {logging_mixin.py:188} INFO - [2026-04-20T17:21:56.308+0000] {dag.py:3096} INFO - Sync 1 DAGs
[2026-04-20T17:21:56.327+0000] {logging_mixin.py:188} INFO - [2026-04-20T17:21:56.327+0000] {dag.py:3954} INFO - Setting next_dagrun for mlops_orchestration to 2026-04-19 02:00:00+00:00, run_after=2026-04-20 02:00:00+00:00
[2026-04-20T17:21:56.347+0000] {processor.py:183} INFO - Processing /opt/airflow/dags/mlops_orchestration.py took 0.101 seconds
[2026-04-20T17:22:26.534+0000] {processor.py:161} INFO - Started process (PID=608) to work on /opt/airflow/dags/mlops_orchestration.py
[2026-04-20T17:22:26.535+0000] {processor.py:830} INFO - Processing file /opt/airflow/dags/mlops_orchestration.py for tasks to queue
[2026-04-20T17:22:26.537+0000] {logging_mixin.py:188} INFO - [2026-04-20T17:22:26.536+0000] {dagbag.py:545} INFO - Filling up the DagBag from /opt/airflow/dags/mlops_orchestration.py
[2026-04-20T17:22:26.555+0000] {processor.py:840} INFO - DAG(s) 'mlops_orchestration' retrieved from /opt/airflow/dags/mlops_orchestration.py
[2026-04-20T17:22:26.584+0000] {logging_mixin.py:188} INFO - [2026-04-20T17:22:26.584+0000] {dag.py:3096} INFO - Sync 1 DAGs
[2026-04-20T17:22:26.601+0000] {logging_mixin.py:188} INFO - [2026-04-20T17:22:26.601+0000] {dag.py:3954} INFO - Setting next_dagrun for mlops_orchestration to 2026-04-19 02:00:00+00:00, run_after=2026-04-20 02:00:00+00:00
[2026-04-20T17:22:26.620+0000] {processor.py:183} INFO - Processing /opt/airflow/dags/mlops_orchestration.py took 0.092 seconds
[2026-04-20T17:22:56.725+0000] {processor.py:161} INFO - Started process (PID=609) to work on /opt/airflow/dags/mlops_orchestration.py
[2026-04-20T17:22:56.726+0000] {processor.py:830} INFO - Processing file /opt/airflow/dags/mlops_orchestration.py for tasks to queue
[2026-04-20T17:22:56.729+0000] {logging_mixin.py:188} INFO - [2026-04-20T17:22:56.728+0000] {dagbag.py:545} INFO - Filling up the DagBag from /opt/airflow/dags/mlops_orchestration.py
[2026-04-20T17:22:56.751+0000] {processor.py:840} INFO - DAG(s) 'mlops_orchestration' retrieved from /opt/airflow/dags/mlops_orchestration.py
[2026-04-20T17:22:56.781+0000] {logging_mixin.py:188} INFO - [2026-04-20T17:22:56.781+0000] {dag.py:3096} INFO - Sync 1 DAGs
[2026-04-20T17:22:56.802+0000] {logging_mixin.py:188} INFO - [2026-04-20T17:22:56.801+0000] {dag.py:3954} INFO - Setting next_dagrun for mlops_orchestration to 2026-04-19 02:00:00+00:00, run_after=2026-04-20 02:00:00+00:00
[2026-04-20T17:22:56.821+0000] {processor.py:183} INFO - Processing /opt/airflow/dags/mlops_orchestration.py took 0.114 seconds
[2026-04-20T17:23:27.014+0000] {processor.py:161} INFO - Started process (PID=610) to work on /opt/airflow/dags/mlops_orchestration.py
[2026-04-20T17:23:27.016+0000] {processor.py:830} INFO - Processing file /opt/airflow/dags/mlops_orchestration.py for tasks to queue
[2026-04-20T17:23:27.018+0000] {logging_mixin.py:188} INFO - [2026-04-20T17:23:27.017+0000] {dagbag.py:545} INFO - Filling up the DagBag from /opt/airflow/dags/mlops_orchestration.py
[2026-04-20T17:23:27.040+0000] {processor.py:840} INFO - DAG(s) 'mlops_orchestration' retrieved from /opt/airflow/dags/mlops_orchestration.py
[2026-04-20T17:23:27.069+0000] {logging_mixin.py:188} INFO - [2026-04-20T17:23:27.069+0000] {dag.py:3096} INFO - Sync 1 DAGs
[2026-04-20T17:23:27.087+0000] {logging_mixin.py:188} INFO - [2026-04-20T17:23:27.086+0000] {dag.py:3954} INFO - Setting next_dagrun for mlops_orchestration to 2026-04-19 02:00:00+00:00, run_after=2026-04-20 02:00:00+00:00
[2026-04-20T17:23:27.110+0000] {processor.py:183} INFO - Processing /opt/airflow/dags/mlops_orchestration.py took 0.101 seconds
[2026-04-20T17:23:57.292+0000] {processor.py:161} INFO - Started process (PID=611) to work on /opt/airflow/dags/mlops_orchestration.py
[2026-04-20T17:23:57.293+0000] {processor.py:830} INFO - Processing file /opt/airflow/dags/mlops_orchestration.py for tasks to queue
[2026-04-20T17:23:57.295+0000] {logging_mixin.py:188} INFO - [2026-04-20T17:23:57.295+0000] {dagbag.py:545} INFO - Filling up the DagBag from /opt/airflow/dags/mlops_orchestration.py
[2026-04-20T17:23:57.313+0000] {processor.py:840} INFO - DAG(s) 'mlops_orchestration' retrieved from /opt/airflow/dags/mlops_orchestration.py
[2026-04-20T17:23:57.342+0000] {logging_mixin.py:188} INFO - [2026-04-20T17:23:57.342+0000] {dag.py:3096} INFO - Sync 1 DAGs
[2026-04-20T17:23:57.358+0000] {logging_mixin.py:188} INFO - [2026-04-20T17:23:57.358+0000] {dag.py:3954} INFO - Setting next_dagrun for mlops_orchestration to 2026-04-19 02:00:00+00:00, run_after=2026-04-20 02:00:00+00:00
[2026-04-20T17:23:57.380+0000] {processor.py:183} INFO - Processing /opt/airflow/dags/mlops_orchestration.py took 0.093 seconds
[2026-04-20T17:24:27.491+0000] {processor.py:161} INFO - Started process (PID=612) to work on /opt/airflow/dags/mlops_orchestration.py
[2026-04-20T17:24:27.492+0000] {processor.py:830} INFO - Processing file /opt/airflow/dags/mlops_orchestration.py for tasks to queue
[2026-04-20T17:24:27.494+0000] {logging_mixin.py:188} INFO - [2026-04-20T17:24:27.494+0000] {dagbag.py:545} INFO - Filling up the DagBag from /opt/airflow/dags/mlops_orchestration.py
[2026-04-20T17:24:27.513+0000] {processor.py:840} INFO - DAG(s) 'mlops_orchestration' retrieved from /opt/airflow/dags/mlops_orchestration.py
[2026-04-20T17:24:27.543+0000] {logging_mixin.py:188} INFO - [2026-04-20T17:24:27.542+0000] {dag.py:3096} INFO - Sync 1 DAGs
[2026-04-20T17:24:27.560+0000] {logging_mixin.py:188} INFO - [2026-04-20T17:24:27.560+0000] {dag.py:3954} INFO - Setting next_dagrun for mlops_orchestration to 2026-04-19 02:00:00+00:00, run_after=2026-04-20 02:00:00+00:00
[2026-04-20T17:24:27.579+0000] {processor.py:183} INFO - Processing /opt/airflow/dags/mlops_orchestration.py took 0.099 seconds
[2026-04-20T17:24:57.772+0000] {processor.py:161} INFO - Started process (PID=613) to work on /opt/airflow/dags/mlops_orchestration.py
[2026-04-20T17:24:57.773+0000] {processor.py:830} INFO - Processing file /opt/airflow/dags/mlops_orchestration.py for tasks to queue
[2026-04-20T17:24:57.775+0000] {logging_mixin.py:188} INFO - [2026-04-20T17:24:57.774+0000] {dagbag.py:545} INFO - Filling up the DagBag from /opt/airflow/dags/mlops_orchestration.py
[2026-04-20T17:24:57.796+0000] {processor.py:840} INFO - DAG(s) 'mlops_orchestration' retrieved from /opt/airflow/dags/mlops_orchestration.py
[2026-04-20T17:24:57.824+0000] {logging_mixin.py:188} INFO - [2026-04-20T17:24:57.824+0000] {dag.py:3096} INFO - Sync 1 DAGs
[2026-04-20T17:24:57.842+0000] {logging_mixin.py:188} INFO - [2026-04-20T17:24:57.842+0000] {dag.py:3954} INFO - Setting next_dagrun for mlops_orchestration to 2026-04-19 02:00:00+00:00, run_after=2026-04-20 02:00:00+00:00
[2026-04-20T17:24:57.863+0000] {processor.py:183} INFO - Processing /opt/airflow/dags/mlops_orchestration.py took 0.096 seconds
[2026-04-20T17:25:28.081+0000] {processor.py:161} INFO - Started process (PID=614) to work on /opt/airflow/dags/mlops_orchestration.py
[2026-04-20T17:25:28.082+0000] {processor.py:830} INFO - Processing file /opt/airflow/dags/mlops_orchestration.py for tasks to queue
[2026-04-20T17:25:28.084+0000] {logging_mixin.py:188} INFO - [2026-04-20T17:25:28.084+0000] {dagbag.py:545} INFO - Filling up the DagBag from /opt/airflow/dags/mlops_orchestration.py
[2026-04-20T17:25:28.106+0000] {processor.py:840} INFO - DAG(s) 'mlops_orchestration' retrieved from /opt/airflow/dags/mlops_orchestration.py
[2026-04-20T17:25:28.134+0000] {logging_mixin.py:188} INFO - [2026-04-20T17:25:28.134+0000] {dag.py:3096} INFO - Sync 1 DAGs
[2026-04-20T17:25:28.150+0000] {logging_mixin.py:188} INFO - [2026-04-20T17:25:28.150+0000] {dag.py:3954} INFO - Setting next_dagrun for mlops_orchestration to 2026-04-19 02:00:00+00:00, run_after=2026-04-20 02:00:00+00:00
[2026-04-20T17:25:28.170+0000] {processor.py:183} INFO - Processing /opt/airflow/dags/mlops_orchestration.py took 0.104 seconds
[2026-04-20T17:25:58.368+0000] {processor.py:161} INFO - Started process (PID=615) to work on /opt/airflow/dags/mlops_orchestration.py
[2026-04-20T17:25:58.369+0000] {processor.py:830} INFO - Processing file /opt/airflow/dags/mlops_orchestration.py for tasks to queue
[2026-04-20T17:25:58.371+0000] {logging_mixin.py:188} INFO - [2026-04-20T17:25:58.370+0000] {dagbag.py:545} INFO - Filling up the DagBag from /opt/airflow/dags/mlops_orchestration.py
[2026-04-20T17:25:58.389+0000] {processor.py:840} INFO - DAG(s) 'mlops_orchestration' retrieved from /opt/airflow/dags/mlops_orchestration.py
[2026-04-20T17:25:58.418+0000] {logging_mixin.py:188} INFO - [2026-04-20T17:25:58.417+0000] {dag.py:3096} INFO - Sync 1 DAGs
[2026-04-20T17:25:58.434+0000] {logging_mixin.py:188} INFO - [2026-04-20T17:25:58.434+0000] {dag.py:3954} INFO - Setting next_dagrun for mlops_orchestration to 2026-04-19 02:00:00+00:00, run_after=2026-04-20 02:00:00+00:00
[2026-04-20T17:25:58.454+0000] {processor.py:183} INFO - Processing /opt/airflow/dags/mlops_orchestration.py took 0.091 seconds
[2026-04-20T17:26:28.555+0000] {processor.py:161} INFO - Started process (PID=616) to work on /opt/airflow/dags/mlops_orchestration.py
[2026-04-20T17:26:28.556+0000] {processor.py:830} INFO - Processing file /opt/airflow/dags/mlops_orchestration.py for tasks to queue
[2026-04-20T17:26:28.558+0000] {logging_mixin.py:188} INFO - [2026-04-20T17:26:28.558+0000] {dagbag.py:545} INFO - Filling up the DagBag from /opt/airflow/dags/mlops_orchestration.py
[2026-04-20T17:26:28.580+0000] {processor.py:840} INFO - DAG(s) 'mlops_orchestration' retrieved from /opt/airflow/dags/mlops_orchestration.py
[2026-04-20T17:26:28.608+0000] {logging_mixin.py:188} INFO - [2026-04-20T17:26:28.608+0000] {dag.py:3096} INFO - Sync 1 DAGs
[2026-04-20T17:26:28.626+0000] {logging_mixin.py:188} INFO - [2026-04-20T17:26:28.626+0000] {dag.py:3954} INFO - Setting next_dagrun for mlops_orchestration to 2026-04-19 02:00:00+00:00, run_after=2026-04-20 02:00:00+00:00
[2026-04-20T17:26:28.648+0000] {processor.py:183} INFO - Processing /opt/airflow/dags/mlops_orchestration.py took 0.099 seconds
[2026-04-20T17:26:58.832+0000] {processor.py:161} INFO - Started process (PID=617) to work on /opt/airflow/dags/mlops_orchestration.py
[2026-04-20T17:26:58.833+0000] {processor.py:830} INFO - Processing file /opt/airflow/dags/mlops_orchestration.py for tasks to queue
[2026-04-20T17:26:58.835+0000] {logging_mixin.py:188} INFO - [2026-04-20T17:26:58.835+0000] {dagbag.py:545} INFO - Filling up the DagBag from /opt/airflow/dags/mlops_orchestration.py
[2026-04-20T17:26:58.863+0000] {processor.py:840} INFO - DAG(s) 'mlops_orchestration' retrieved from /opt/airflow/dags/mlops_orchestration.py
[2026-04-20T17:26:58.891+0000] {logging_mixin.py:188} INFO - [2026-04-20T17:26:58.891+0000] {dag.py:3096} INFO - Sync 1 DAGs
[2026-04-20T17:26:58.907+0000] {logging_mixin.py:188} INFO - [2026-04-20T17:26:58.907+0000] {dag.py:3954} INFO - Setting next_dagrun for mlops_orchestration to 2026-04-19 02:00:00+00:00, run_after=2026-04-20 02:00:00+00:00
[2026-04-20T17:26:58.928+0000] {processor.py:183} INFO - Processing /opt/airflow/dags/mlops_orchestration.py took 0.101 seconds
[2026-04-20T17:27:29.121+0000] {processor.py:161} INFO - Started process (PID=618) to work on /opt/airflow/dags/mlops_orchestration.py
[2026-04-20T17:27:29.122+0000] {processor.py:830} INFO - Processing file /opt/airflow/dags/mlops_orchestration.py for tasks to queue
[2026-04-20T17:27:29.124+0000] {logging_mixin.py:188} INFO - [2026-04-20T17:27:29.124+0000] {dagbag.py:545} INFO - Filling up the DagBag from /opt/airflow/dags/mlops_orchestration.py
[2026-04-20T17:27:29.144+0000] {processor.py:840} INFO - DAG(s) 'mlops_orchestration' retrieved from /opt/airflow/dags/mlops_orchestration.py
[2026-04-20T17:27:29.172+0000] {logging_mixin.py:188} INFO - [2026-04-20T17:27:29.172+0000] {dag.py:3096} INFO - Sync 1 DAGs
[2026-04-20T17:27:29.190+0000] {logging_mixin.py:188} INFO - [2026-04-20T17:27:29.190+0000] {dag.py:3954} INFO - Setting next_dagrun for mlops_orchestration to 2026-04-19 02:00:00+00:00, run_after=2026-04-20 02:00:00+00:00
[2026-04-20T17:27:29.209+0000] {processor.py:183} INFO - Processing /opt/airflow/dags/mlops_orchestration.py took 0.093 seconds
[2026-04-20T17:27:59.425+0000] {processor.py:161} INFO - Started process (PID=619) to work on /opt/airflow/dags/mlops_orchestration.py
[2026-04-20T17:27:59.427+0000] {processor.py:830} INFO - Processing file /opt/airflow/dags/mlops_orchestration.py for tasks to queue
[2026-04-20T17:27:59.431+0000] {logging_mixin.py:188} INFO - [2026-04-20T17:27:59.430+0000] {dagbag.py:545} INFO - Filling up the DagBag from /opt/airflow/dags/mlops_orchestration.py
[2026-04-20T17:27:59.457+0000] {processor.py:840} INFO - DAG(s) 'mlops_orchestration' retrieved from /opt/airflow/dags/mlops_orchestration.py
[2026-04-20T17:27:59.492+0000] {logging_mixin.py:188} INFO - [2026-04-20T17:27:59.492+0000] {dag.py:3096} INFO - Sync 1 DAGs
[2026-04-20T17:27:59.513+0000] {logging_mixin.py:188} INFO - [2026-04-20T17:27:59.513+0000] {dag.py:3954} INFO - Setting next_dagrun for mlops_orchestration to 2026-04-19 02:00:00+00:00, run_after=2026-04-20 02:00:00+00:00
[2026-04-20T17:27:59.536+0000] {processor.py:183} INFO - Processing /opt/airflow/dags/mlops_orchestration.py took 0.120 seconds
[2026-04-20T17:28:29.702+0000] {processor.py:161} INFO - Started process (PID=620) to work on /opt/airflow/dags/mlops_orchestration.py
[2026-04-20T17:28:29.703+0000] {processor.py:830} INFO - Processing file /opt/airflow/dags/mlops_orchestration.py for tasks to queue
[2026-04-20T17:28:29.705+0000] {logging_mixin.py:188} INFO - [2026-04-20T17:28:29.705+0000] {dagbag.py:545} INFO - Filling up the DagBag from /opt/airflow/dags/mlops_orchestration.py
[2026-04-20T17:28:29.724+0000] {processor.py:840} INFO - DAG(s) 'mlops_orchestration' retrieved from /opt/airflow/dags/mlops_orchestration.py
[2026-04-20T17:28:29.753+0000] {logging_mixin.py:188} INFO - [2026-04-20T17:28:29.753+0000] {dag.py:3096} INFO - Sync 1 DAGs
[2026-04-20T17:28:29.770+0000] {logging_mixin.py:188} INFO - [2026-04-20T17:28:29.770+0000] {dag.py:3954} INFO - Setting next_dagrun for mlops_orchestration to 2026-04-19 02:00:00+00:00, run_after=2026-04-20 02:00:00+00:00
[2026-04-20T17:28:29.790+0000] {processor.py:183} INFO - Processing /opt/airflow/dags/mlops_orchestration.py took 0.093 seconds
[2026-04-20T17:28:59.980+0000] {processor.py:161} INFO - Started process (PID=621) to work on /opt/airflow/dags/mlops_orchestration.py
[2026-04-20T17:28:59.981+0000] {processor.py:830} INFO - Processing file /opt/airflow/dags/mlops_orchestration.py for tasks to queue
[2026-04-20T17:28:59.983+0000] {logging_mixin.py:188} INFO - [2026-04-20T17:28:59.983+0000] {dagbag.py:545} INFO - Filling up the DagBag from /opt/airflow/dags/mlops_orchestration.py
[2026-04-20T17:29:00.002+0000] {processor.py:840} INFO - DAG(s) 'mlops_orchestration' retrieved from /opt/airflow/dags/mlops_orchestration.py
[2026-04-20T17:29:00.033+0000] {logging_mixin.py:188} INFO - [2026-04-20T17:29:00.033+0000] {dag.py:3096} INFO - Sync 1 DAGs
[2026-04-20T17:29:00.054+0000] {logging_mixin.py:188} INFO - [2026-04-20T17:29:00.054+0000] {dag.py:3954} INFO - Setting next_dagrun for mlops_orchestration to 2026-04-19 02:00:00+00:00, run_after=2026-04-20 02:00:00+00:00
[2026-04-20T17:29:00.077+0000] {processor.py:183} INFO - Processing /opt/airflow/dags/mlops_orchestration.py took 0.102 seconds
[2026-04-20T17:29:30.264+0000] {processor.py:161} INFO - Started process (PID=622) to work on /opt/airflow/dags/mlops_orchestration.py
[2026-04-20T17:29:30.265+0000] {processor.py:830} INFO - Processing file /opt/airflow/dags/mlops_orchestration.py for tasks to queue
[2026-04-20T17:29:30.267+0000] {logging_mixin.py:188} INFO - [2026-04-20T17:29:30.266+0000] {dagbag.py:545} INFO - Filling up the DagBag from /opt/airflow/dags/mlops_orchestration.py
[2026-04-20T17:29:30.288+0000] {processor.py:840} INFO - DAG(s) 'mlops_orchestration' retrieved from /opt/airflow/dags/mlops_orchestration.py
[2026-04-20T17:29:30.318+0000] {logging_mixin.py:188} INFO - [2026-04-20T17:29:30.318+0000] {dag.py:3096} INFO - Sync 1 DAGs
[2026-04-20T17:29:30.335+0000] {logging_mixin.py:188} INFO - [2026-04-20T17:29:30.335+0000] {dag.py:3954} INFO - Setting next_dagrun for mlops_orchestration to 2026-04-19 02:00:00+00:00, run_after=2026-04-20 02:00:00+00:00
[2026-04-20T17:29:30.357+0000] {processor.py:183} INFO - Processing /opt/airflow/dags/mlops_orchestration.py took 0.098 seconds
[2026-04-20T17:30:00.548+0000] {processor.py:161} INFO - Started process (PID=623) to work on /opt/airflow/dags/mlops_orchestration.py
[2026-04-20T17:30:00.549+0000] {processor.py:830} INFO - Processing file /opt/airflow/dags/mlops_orchestration.py for tasks to queue
[2026-04-20T17:30:00.551+0000] {logging_mixin.py:188} INFO - [2026-04-20T17:30:00.550+0000] {dagbag.py:545} INFO - Filling up the DagBag from /opt/airflow/dags/mlops_orchestration.py
[2026-04-20T17:30:00.569+0000] {processor.py:840} INFO - DAG(s) 'mlops_orchestration' retrieved from /opt/airflow/dags/mlops_orchestration.py
[2026-04-20T17:30:00.596+0000] {logging_mixin.py:188} INFO - [2026-04-20T17:30:00.596+0000] {dag.py:3096} INFO - Sync 1 DAGs
[2026-04-20T17:30:00.613+0000] {logging_mixin.py:188} INFO - [2026-04-20T17:30:00.613+0000] {dag.py:3954} INFO - Setting next_dagrun for mlops_orchestration to 2026-04-19 02:00:00+00:00, run_after=2026-04-20 02:00:00+00:00
[2026-04-20T17:30:00.635+0000] {processor.py:183} INFO - Processing /opt/airflow/dags/mlops_orchestration.py took 0.093 seconds
[2026-04-20T17:30:30.737+0000] {processor.py:161} INFO - Started process (PID=624) to work on /opt/airflow/dags/mlops_orchestration.py
[2026-04-20T17:30:30.738+0000] {processor.py:830} INFO - Processing file /opt/airflow/dags/mlops_orchestration.py for tasks to queue
[2026-04-20T17:30:30.740+0000] {logging_mixin.py:188} INFO - [2026-04-20T17:30:30.740+0000] {dagbag.py:545} INFO - Filling up the DagBag from /opt/airflow/dags/mlops_orchestration.py
[2026-04-20T17:30:30.760+0000] {processor.py:840} INFO - DAG(s) 'mlops_orchestration' retrieved from /opt/airflow/dags/mlops_orchestration.py
[2026-04-20T17:30:30.787+0000] {logging_mixin.py:188} INFO - [2026-04-20T17:30:30.787+0000] {dag.py:3096} INFO - Sync 1 DAGs
[2026-04-20T17:30:30.806+0000] {logging_mixin.py:188} INFO - [2026-04-20T17:30:30.806+0000] {dag.py:3954} INFO - Setting next_dagrun for mlops_orchestration to 2026-04-19 02:00:00+00:00, run_after=2026-04-20 02:00:00+00:00
[2026-04-20T17:30:30.826+0000] {processor.py:183} INFO - Processing /opt/airflow/dags/mlops_orchestration.py took 0.097 seconds
[2026-04-20T17:31:01.024+0000] {processor.py:161} INFO - Started process (PID=625) to work on /opt/airflow/dags/mlops_orchestration.py
[2026-04-20T17:31:01.025+0000] {processor.py:830} INFO - Processing file /opt/airflow/dags/mlops_orchestration.py for tasks to queue
[2026-04-20T17:31:01.027+0000] {logging_mixin.py:188} INFO - [2026-04-20T17:31:01.027+0000] {dagbag.py:545} INFO - Filling up the DagBag from /opt/airflow/dags/mlops_orchestration.py
[2026-04-20T17:31:01.050+0000] {processor.py:840} INFO - DAG(s) 'mlops_orchestration' retrieved from /opt/airflow/dags/mlops_orchestration.py
[2026-04-20T17:31:01.079+0000] {logging_mixin.py:188} INFO - [2026-04-20T17:31:01.078+0000] {dag.py:3096} INFO - Sync 1 DAGs
[2026-04-20T17:31:01.098+0000] {logging_mixin.py:188} INFO - [2026-04-20T17:31:01.097+0000] {dag.py:3954} INFO - Setting next_dagrun for mlops_orchestration to 2026-04-19 02:00:00+00:00, run_after=2026-04-20 02:00:00+00:00
[2026-04-20T17:31:01.120+0000] {processor.py:183} INFO - Processing /opt/airflow/dags/mlops_orchestration.py took 0.102 seconds
[2026-04-20T17:31:31.317+0000] {processor.py:161} INFO - Started process (PID=626) to work on /opt/airflow/dags/mlops_orchestration.py
[2026-04-20T17:31:31.318+0000] {processor.py:830} INFO - Processing file /opt/airflow/dags/mlops_orchestration.py for tasks to queue
[2026-04-20T17:31:31.320+0000] {logging_mixin.py:188} INFO - [2026-04-20T17:31:31.319+0000] {dagbag.py:545} INFO - Filling up the DagBag from /opt/airflow/dags/mlops_orchestration.py
[2026-04-20T17:31:31.341+0000] {processor.py:840} INFO - DAG(s) 'mlops_orchestration' retrieved from /opt/airflow/dags/mlops_orchestration.py
[2026-04-20T17:31:31.369+0000] {logging_mixin.py:188} INFO - [2026-04-20T17:31:31.369+0000] {dag.py:3096} INFO - Sync 1 DAGs
[2026-04-20T17:31:31.386+0000] {logging_mixin.py:188} INFO - [2026-04-20T17:31:31.386+0000] {dag.py:3954} INFO - Setting next_dagrun for mlops_orchestration to 2026-04-19 02:00:00+00:00, run_after=2026-04-20 02:00:00+00:00
[2026-04-20T17:31:31.404+0000] {processor.py:183} INFO - Processing /opt/airflow/dags/mlops_orchestration.py took 0.093 seconds
[2026-04-20T17:32:01.605+0000] {processor.py:161} INFO - Started process (PID=627) to work on /opt/airflow/dags/mlops_orchestration.py
[2026-04-20T17:32:01.606+0000] {processor.py:830} INFO - Processing file /opt/airflow/dags/mlops_orchestration.py for tasks to queue
[2026-04-20T17:32:01.608+0000] {logging_mixin.py:188} INFO - [2026-04-20T17:32:01.608+0000] {dagbag.py:545} INFO - Filling up the DagBag from /opt/airflow/dags/mlops_orchestration.py
[2026-04-20T17:32:01.627+0000] {processor.py:840} INFO - DAG(s) 'mlops_orchestration' retrieved from /opt/airflow/dags/mlops_orchestration.py
[2026-04-20T17:32:01.655+0000] {logging_mixin.py:188} INFO - [2026-04-20T17:32:01.655+0000] {dag.py:3096} INFO - Sync 1 DAGs
[2026-04-20T17:32:01.672+0000] {logging_mixin.py:188} INFO - [2026-04-20T17:32:01.671+0000] {dag.py:3954} INFO - Setting next_dagrun for mlops_orchestration to 2026-04-19 02:00:00+00:00, run_after=2026-04-20 02:00:00+00:00
[2026-04-20T17:32:01.691+0000] {processor.py:183} INFO - Processing /opt/airflow/dags/mlops_orchestration.py took 0.091 seconds
[2026-04-20T17:32:31.792+0000] {processor.py:161} INFO - Started process (PID=628) to work on /opt/airflow/dags/mlops_orchestration.py
[2026-04-20T17:32:31.793+0000] {processor.py:830} INFO - Processing file /opt/airflow/dags/mlops_orchestration.py for tasks to queue
[2026-04-20T17:32:31.795+0000] {logging_mixin.py:188} INFO - [2026-04-20T17:32:31.795+0000] {dagbag.py:545} INFO - Filling up the DagBag from /opt/airflow/dags/mlops_orchestration.py
[2026-04-20T17:32:31.819+0000] {processor.py:840} INFO - DAG(s) 'mlops_orchestration' retrieved from /opt/airflow/dags/mlops_orchestration.py
[2026-04-20T17:32:31.847+0000] {logging_mixin.py:188} INFO - [2026-04-20T17:32:31.847+0000] {dag.py:3096} INFO - Sync 1 DAGs
[2026-04-20T17:32:31.865+0000] {logging_mixin.py:188} INFO - [2026-04-20T17:32:31.865+0000] {dag.py:3954} INFO - Setting next_dagrun for mlops_orchestration to 2026-04-19 02:00:00+00:00, run_after=2026-04-20 02:00:00+00:00
[2026-04-20T17:32:31.885+0000] {processor.py:183} INFO - Processing /opt/airflow/dags/mlops_orchestration.py took 0.102 seconds
[2026-04-20T17:33:02.073+0000] {processor.py:161} INFO - Started process (PID=629) to work on /opt/airflow/dags/mlops_orchestration.py
[2026-04-20T17:33:02.074+0000] {processor.py:830} INFO - Processing file /opt/airflow/dags/mlops_orchestration.py for tasks to queue
[2026-04-20T17:33:02.076+0000] {logging_mixin.py:188} INFO - [2026-04-20T17:33:02.076+0000] {dagbag.py:545} INFO - Filling up the DagBag from /opt/airflow/dags/mlops_orchestration.py
[2026-04-20T17:33:02.096+0000] {processor.py:840} INFO - DAG(s) 'mlops_orchestration' retrieved from /opt/airflow/dags/mlops_orchestration.py
[2026-04-20T17:33:02.123+0000] {logging_mixin.py:188} INFO - [2026-04-20T17:33:02.123+0000] {dag.py:3096} INFO - Sync 1 DAGs
[2026-04-20T17:33:02.140+0000] {logging_mixin.py:188} INFO - [2026-04-20T17:33:02.139+0000] {dag.py:3954} INFO - Setting next_dagrun for mlops_orchestration to 2026-04-19 02:00:00+00:00, run_after=2026-04-20 02:00:00+00:00
[2026-04-20T17:33:02.161+0000] {processor.py:183} INFO - Processing /opt/airflow/dags/mlops_orchestration.py took 0.093 seconds
[2026-04-20T17:33:32.259+0000] {processor.py:161} INFO - Started process (PID=630) to work on /opt/airflow/dags/mlops_orchestration.py
[2026-04-20T17:33:32.260+0000] {processor.py:830} INFO - Processing file /opt/airflow/dags/mlops_orchestration.py for tasks to queue
[2026-04-20T17:33:32.262+0000] {logging_mixin.py:188} INFO - [2026-04-20T17:33:32.262+0000] {dagbag.py:545} INFO - Filling up the DagBag from /opt/airflow/dags/mlops_orchestration.py
[2026-04-20T17:33:32.284+0000] {processor.py:840} INFO - DAG(s) 'mlops_orchestration' retrieved from /opt/airflow/dags/mlops_orchestration.py
[2026-04-20T17:33:32.315+0000] {logging_mixin.py:188} INFO - [2026-04-20T17:33:32.315+0000] {dag.py:3096} INFO - Sync 1 DAGs
[2026-04-20T17:33:32.337+0000] {logging_mixin.py:188} INFO - [2026-04-20T17:33:32.337+0000] {dag.py:3954} INFO - Setting next_dagrun for mlops_orchestration to 2026-04-19 02:00:00+00:00, run_after=2026-04-20 02:00:00+00:00
[2026-04-20T17:33:32.359+0000] {processor.py:183} INFO - Processing /opt/airflow/dags/mlops_orchestration.py took 0.105 seconds
[2026-04-20T17:34:02.551+0000] {processor.py:161} INFO - Started process (PID=631) to work on /opt/airflow/dags/mlops_orchestration.py
[2026-04-20T17:34:02.552+0000] {processor.py:830} INFO - Processing file /opt/airflow/dags/mlops_orchestration.py for tasks to queue
[2026-04-20T17:34:02.554+0000] {logging_mixin.py:188} INFO - [2026-04-20T17:34:02.553+0000] {dagbag.py:545} INFO - Filling up the DagBag from /opt/airflow/dags/mlops_orchestration.py
[2026-04-20T17:34:02.572+0000] {processor.py:840} INFO - DAG(s) 'mlops_orchestration' retrieved from /opt/airflow/dags/mlops_orchestration.py
[2026-04-20T17:34:02.601+0000] {logging_mixin.py:188} INFO - [2026-04-20T17:34:02.600+0000] {dag.py:3096} INFO - Sync 1 DAGs
[2026-04-20T17:34:02.618+0000] {logging_mixin.py:188} INFO - [2026-04-20T17:34:02.617+0000] {dag.py:3954} INFO - Setting next_dagrun for mlops_orchestration to 2026-04-19 02:00:00+00:00, run_after=2026-04-20 02:00:00+00:00
[2026-04-20T17:34:02.638+0000] {processor.py:183} INFO - Processing /opt/airflow/dags/mlops_orchestration.py took 0.092 seconds
[2026-04-20T17:34:32.847+0000] {processor.py:161} INFO - Started process (PID=632) to work on /opt/airflow/dags/mlops_orchestration.py
[2026-04-20T17:34:32.849+0000] {processor.py:830} INFO - Processing file /opt/airflow/dags/mlops_orchestration.py for tasks to queue
[2026-04-20T17:34:32.850+0000] {logging_mixin.py:188} INFO - [2026-04-20T17:34:32.850+0000] {dagbag.py:545} INFO - Filling up the DagBag from /opt/airflow/dags/mlops_orchestration.py
[2026-04-20T17:34:32.870+0000] {processor.py:840} INFO - DAG(s) 'mlops_orchestration' retrieved from /opt/airflow/dags/mlops_orchestration.py
[2026-04-20T17:34:32.899+0000] {logging_mixin.py:188} INFO - [2026-04-20T17:34:32.898+0000] {dag.py:3096} INFO - Sync 1 DAGs
[2026-04-20T17:34:32.916+0000] {logging_mixin.py:188} INFO - [2026-04-20T17:34:32.915+0000] {dag.py:3954} INFO - Setting next_dagrun for mlops_orchestration to 2026-04-19 02:00:00+00:00, run_after=2026-04-20 02:00:00+00:00
[2026-04-20T17:34:32.936+0000] {processor.py:183} INFO - Processing /opt/airflow/dags/mlops_orchestration.py took 0.093 seconds
[2026-04-20T17:35:03.153+0000] {processor.py:161} INFO - Started process (PID=633) to work on /opt/airflow/dags/mlops_orchestration.py
[2026-04-20T17:35:03.154+0000] {processor.py:830} INFO - Processing file /opt/airflow/dags/mlops_orchestration.py for tasks to queue
[2026-04-20T17:35:03.156+0000] {logging_mixin.py:188} INFO - [2026-04-20T17:35:03.156+0000] {dagbag.py:545} INFO - Filling up the DagBag from /opt/airflow/dags/mlops_orchestration.py
[2026-04-20T17:35:03.181+0000] {processor.py:840} INFO - DAG(s) 'mlops_orchestration' retrieved from /opt/airflow/dags/mlops_orchestration.py
[2026-04-20T17:35:03.211+0000] {logging_mixin.py:188} INFO - [2026-04-20T17:35:03.210+0000] {dag.py:3096} INFO - Sync 1 DAGs
[2026-04-20T17:35:03.228+0000] {logging_mixin.py:188} INFO - [2026-04-20T17:35:03.228+0000] {dag.py:3954} INFO - Setting next_dagrun for mlops_orchestration to 2026-04-19 02:00:00+00:00, run_after=2026-04-20 02:00:00+00:00
[2026-04-20T17:35:03.248+0000] {processor.py:183} INFO - Processing /opt/airflow/dags/mlops_orchestration.py took 0.101 seconds
[2026-04-20T17:35:33.440+0000] {processor.py:161} INFO - Started process (PID=634) to work on /opt/airflow/dags/mlops_orchestration.py
[2026-04-20T17:35:33.441+0000] {processor.py:830} INFO - Processing file /opt/airflow/dags/mlops_orchestration.py for tasks to queue
[2026-04-20T17:35:33.443+0000] {logging_mixin.py:188} INFO - [2026-04-20T17:35:33.443+0000] {dagbag.py:545} INFO - Filling up the DagBag from /opt/airflow/dags/mlops_orchestration.py
[2026-04-20T17:35:33.462+0000] {processor.py:840} INFO - DAG(s) 'mlops_orchestration' retrieved from /opt/airflow/dags/mlops_orchestration.py
[2026-04-20T17:35:33.490+0000] {logging_mixin.py:188} INFO - [2026-04-20T17:35:33.489+0000] {dag.py:3096} INFO - Sync 1 DAGs
[2026-04-20T17:35:33.507+0000] {logging_mixin.py:188} INFO - [2026-04-20T17:35:33.507+0000] {dag.py:3954} INFO - Setting next_dagrun for mlops_orchestration to 2026-04-19 02:00:00+00:00, run_after=2026-04-20 02:00:00+00:00
[2026-04-20T17:35:33.565+0000] {processor.py:183} INFO - Processing /opt/airflow/dags/mlops_orchestration.py took 0.131 seconds
[2026-04-20T17:36:03.772+0000] {processor.py:161} INFO - Started process (PID=635) to work on /opt/airflow/dags/mlops_orchestration.py
[2026-04-20T17:36:03.773+0000] {processor.py:830} INFO - Processing file /opt/airflow/dags/mlops_orchestration.py for tasks to queue
[2026-04-20T17:36:03.775+0000] {logging_mixin.py:188} INFO - [2026-04-20T17:36:03.775+0000] {dagbag.py:545} INFO - Filling up the DagBag from /opt/airflow/dags/mlops_orchestration.py
[2026-04-20T17:36:03.793+0000] {processor.py:840} INFO - DAG(s) 'mlops_orchestration' retrieved from /opt/airflow/dags/mlops_orchestration.py
[2026-04-20T17:36:03.820+0000] {logging_mixin.py:188} INFO - [2026-04-20T17:36:03.820+0000] {dag.py:3096} INFO - Sync 1 DAGs
[2026-04-20T17:36:03.836+0000] {logging_mixin.py:188} INFO - [2026-04-20T17:36:03.836+0000] {dag.py:3954} INFO - Setting next_dagrun for mlops_orchestration to 2026-04-19 02:00:00+00:00, run_after=2026-04-20 02:00:00+00:00
[2026-04-20T17:36:03.857+0000] {processor.py:183} INFO - Processing /opt/airflow/dags/mlops_orchestration.py took 0.090 seconds
[2026-04-20T17:36:34.031+0000] {processor.py:161} INFO - Started process (PID=636) to work on /opt/airflow/dags/mlops_orchestration.py
[2026-04-20T17:36:34.032+0000] {processor.py:830} INFO - Processing file /opt/airflow/dags/mlops_orchestration.py for tasks to queue
[2026-04-20T17:36:34.034+0000] {logging_mixin.py:188} INFO - [2026-04-20T17:36:34.034+0000] {dagbag.py:545} INFO - Filling up the DagBag from /opt/airflow/dags/mlops_orchestration.py
[2026-04-20T17:36:34.056+0000] {processor.py:840} INFO - DAG(s) 'mlops_orchestration' retrieved from /opt/airflow/dags/mlops_orchestration.py
[2026-04-20T17:36:34.085+0000] {logging_mixin.py:188} INFO - [2026-04-20T17:36:34.085+0000] {dag.py:3096} INFO - Sync 1 DAGs
[2026-04-20T17:36:34.108+0000] {logging_mixin.py:188} INFO - [2026-04-20T17:36:34.107+0000] {dag.py:3954} INFO - Setting next_dagrun for mlops_orchestration to 2026-04-19 02:00:00+00:00, run_after=2026-04-20 02:00:00+00:00
[2026-04-20T17:36:34.129+0000] {processor.py:183} INFO - Processing /opt/airflow/dags/mlops_orchestration.py took 0.104 seconds
[2026-04-20T17:37:04.312+0000] {processor.py:161} INFO - Started process (PID=637) to work on /opt/airflow/dags/mlops_orchestration.py
[2026-04-20T17:37:04.314+0000] {processor.py:830} INFO - Processing file /opt/airflow/dags/mlops_orchestration.py for tasks to queue
[2026-04-20T17:37:04.316+0000] {logging_mixin.py:188} INFO - [2026-04-20T17:37:04.315+0000] {dagbag.py:545} INFO - Filling up the DagBag from /opt/airflow/dags/mlops_orchestration.py
[2026-04-20T17:37:04.340+0000] {processor.py:840} INFO - DAG(s) 'mlops_orchestration' retrieved from /opt/airflow/dags/mlops_orchestration.py
[2026-04-20T17:37:04.370+0000] {logging_mixin.py:188} INFO - [2026-04-20T17:37:04.370+0000] {dag.py:3096} INFO - Sync 1 DAGs
[2026-04-20T17:37:04.391+0000] {logging_mixin.py:188} INFO - [2026-04-20T17:37:04.390+0000] {dag.py:3954} INFO - Setting next_dagrun for mlops_orchestration to 2026-04-19 02:00:00+00:00, run_after=2026-04-20 02:00:00+00:00
[2026-04-20T17:37:04.413+0000] {processor.py:183} INFO - Processing /opt/airflow/dags/mlops_orchestration.py took 0.107 seconds
[2026-04-20T17:37:34.599+0000] {processor.py:161} INFO - Started process (PID=638) to work on /opt/airflow/dags/mlops_orchestration.py
[2026-04-20T17:37:34.601+0000] {processor.py:830} INFO - Processing file /opt/airflow/dags/mlops_orchestration.py for tasks to queue
[2026-04-20T17:37:34.602+0000] {logging_mixin.py:188} INFO - [2026-04-20T17:37:34.602+0000] {dagbag.py:545} INFO - Filling up the DagBag from /opt/airflow/dags/mlops_orchestration.py
[2026-04-20T17:37:34.621+0000] {processor.py:840} INFO - DAG(s) 'mlops_orchestration' retrieved from /opt/airflow/dags/mlops_orchestration.py
[2026-04-20T17:37:34.650+0000] {logging_mixin.py:188} INFO - [2026-04-20T17:37:34.650+0000] {dag.py:3096} INFO - Sync 1 DAGs
[2026-04-20T17:37:34.666+0000] {logging_mixin.py:188} INFO - [2026-04-20T17:37:34.666+0000] {dag.py:3954} INFO - Setting next_dagrun for mlops_orchestration to 2026-04-19 02:00:00+00:00, run_after=2026-04-20 02:00:00+00:00
[2026-04-20T17:37:34.687+0000] {processor.py:183} INFO - Processing /opt/airflow/dags/mlops_orchestration.py took 0.093 seconds
[2026-04-20T17:38:04.900+0000] {processor.py:161} INFO - Started process (PID=639) to work on /opt/airflow/dags/mlops_orchestration.py
[2026-04-20T17:38:04.901+0000] {processor.py:830} INFO - Processing file /opt/airflow/dags/mlops_orchestration.py for tasks to queue
[2026-04-20T17:38:04.903+0000] {logging_mixin.py:188} INFO - [2026-04-20T17:38:04.903+0000] {dagbag.py:545} INFO - Filling up the DagBag from /opt/airflow/dags/mlops_orchestration.py
[2026-04-20T17:38:04.926+0000] {processor.py:840} INFO - DAG(s) 'mlops_orchestration' retrieved from /opt/airflow/dags/mlops_orchestration.py
[2026-04-20T17:38:04.955+0000] {logging_mixin.py:188} INFO - [2026-04-20T17:38:04.955+0000] {dag.py:3096} INFO - Sync 1 DAGs
[2026-04-20T17:38:04.973+0000] {logging_mixin.py:188} INFO - [2026-04-20T17:38:04.973+0000] {dag.py:3954} INFO - Setting next_dagrun for mlops_orchestration to 2026-04-19 02:00:00+00:00, run_after=2026-04-20 02:00:00+00:00
[2026-04-20T17:38:05.001+0000] {processor.py:183} INFO - Processing /opt/airflow/dags/mlops_orchestration.py took 0.106 seconds
[2026-04-20T17:38:35.186+0000] {processor.py:161} INFO - Started process (PID=640) to work on /opt/airflow/dags/mlops_orchestration.py
[2026-04-20T17:38:35.187+0000] {processor.py:830} INFO - Processing file /opt/airflow/dags/mlops_orchestration.py for tasks to queue
[2026-04-20T17:38:35.189+0000] {logging_mixin.py:188} INFO - [2026-04-20T17:38:35.189+0000] {dagbag.py:545} INFO - Filling up the DagBag from /opt/airflow/dags/mlops_orchestration.py
[2026-04-20T17:38:35.209+0000] {processor.py:840} INFO - DAG(s) 'mlops_orchestration' retrieved from /opt/airflow/dags/mlops_orchestration.py
[2026-04-20T17:38:35.237+0000] {logging_mixin.py:188} INFO - [2026-04-20T17:38:35.237+0000] {dag.py:3096} INFO - Sync 1 DAGs
[2026-04-20T17:38:35.254+0000] {logging_mixin.py:188} INFO - [2026-04-20T17:38:35.254+0000] {dag.py:3954} INFO - Setting next_dagrun for mlops_orchestration to 2026-04-19 02:00:00+00:00, run_after=2026-04-20 02:00:00+00:00
[2026-04-20T17:38:35.273+0000] {processor.py:183} INFO - Processing /opt/airflow/dags/mlops_orchestration.py took 0.092 seconds
[2026-04-20T17:39:05.368+0000] {processor.py:161} INFO - Started process (PID=641) to work on /opt/airflow/dags/mlops_orchestration.py
[2026-04-20T17:39:05.370+0000] {processor.py:830} INFO - Processing file /opt/airflow/dags/mlops_orchestration.py for tasks to queue
[2026-04-20T17:39:05.371+0000] {logging_mixin.py:188} INFO - [2026-04-20T17:39:05.371+0000] {dagbag.py:545} INFO - Filling up the DagBag from /opt/airflow/dags/mlops_orchestration.py
[2026-04-20T17:39:05.390+0000] {processor.py:840} INFO - DAG(s) 'mlops_orchestration' retrieved from /opt/airflow/dags/mlops_orchestration.py
[2026-04-20T17:39:05.421+0000] {logging_mixin.py:188} INFO - [2026-04-20T17:39:05.420+0000] {dag.py:3096} INFO - Sync 1 DAGs
[2026-04-20T17:39:05.437+0000] {logging_mixin.py:188} INFO - [2026-04-20T17:39:05.437+0000] {dag.py:3954} INFO - Setting next_dagrun for mlops_orchestration to 2026-04-19 02:00:00+00:00, run_after=2026-04-20 02:00:00+00:00
[2026-04-20T17:39:05.458+0000] {processor.py:183} INFO - Processing /opt/airflow/dags/mlops_orchestration.py took 0.095 seconds
[2026-04-20T17:39:35.662+0000] {processor.py:161} INFO - Started process (PID=642) to work on /opt/airflow/dags/mlops_orchestration.py
[2026-04-20T17:39:35.663+0000] {processor.py:830} INFO - Processing file /opt/airflow/dags/mlops_orchestration.py for tasks to queue
[2026-04-20T17:39:35.666+0000] {logging_mixin.py:188} INFO - [2026-04-20T17:39:35.665+0000] {dagbag.py:545} INFO - Filling up the DagBag from /opt/airflow/dags/mlops_orchestration.py
[2026-04-20T17:39:35.690+0000] {processor.py:840} INFO - DAG(s) 'mlops_orchestration' retrieved from /opt/airflow/dags/mlops_orchestration.py
[2026-04-20T17:39:35.719+0000] {logging_mixin.py:188} INFO - [2026-04-20T17:39:35.719+0000] {dag.py:3096} INFO - Sync 1 DAGs
[2026-04-20T17:39:35.738+0000] {logging_mixin.py:188} INFO - [2026-04-20T17:39:35.738+0000] {dag.py:3954} INFO - Setting next_dagrun for mlops_orchestration to 2026-04-19 02:00:00+00:00, run_after=2026-04-20 02:00:00+00:00
[2026-04-20T17:39:35.758+0000] {processor.py:183} INFO - Processing /opt/airflow/dags/mlops_orchestration.py took 0.101 seconds
[2026-04-20T17:40:05.947+0000] {processor.py:161} INFO - Started process (PID=643) to work on /opt/airflow/dags/mlops_orchestration.py
[2026-04-20T17:40:05.948+0000] {processor.py:830} INFO - Processing file /opt/airflow/dags/mlops_orchestration.py for tasks to queue
[2026-04-20T17:40:05.950+0000] {logging_mixin.py:188} INFO - [2026-04-20T17:40:05.949+0000] {dagbag.py:545} INFO - Filling up the DagBag from /opt/airflow/dags/mlops_orchestration.py
[2026-04-20T17:40:05.968+0000] {processor.py:840} INFO - DAG(s) 'mlops_orchestration' retrieved from /opt/airflow/dags/mlops_orchestration.py
[2026-04-20T17:40:05.996+0000] {logging_mixin.py:188} INFO - [2026-04-20T17:40:05.996+0000] {dag.py:3096} INFO - Sync 1 DAGs
[2026-04-20T17:40:06.016+0000] {logging_mixin.py:188} INFO - [2026-04-20T17:40:06.015+0000] {dag.py:3954} INFO - Setting next_dagrun for mlops_orchestration to 2026-04-19 02:00:00+00:00, run_after=2026-04-20 02:00:00+00:00
[2026-04-20T17:40:06.033+0000] {processor.py:183} INFO - Processing /opt/airflow/dags/mlops_orchestration.py took 0.093 seconds
[2026-04-20T17:40:36.242+0000] {processor.py:161} INFO - Started process (PID=644) to work on /opt/airflow/dags/mlops_orchestration.py
[2026-04-20T17:40:36.243+0000] {processor.py:830} INFO - Processing file /opt/airflow/dags/mlops_orchestration.py for tasks to queue
[2026-04-20T17:40:36.245+0000] {logging_mixin.py:188} INFO - [2026-04-20T17:40:36.245+0000] {dagbag.py:545} INFO - Filling up the DagBag from /opt/airflow/dags/mlops_orchestration.py
[2026-04-20T17:40:36.263+0000] {processor.py:840} INFO - DAG(s) 'mlops_orchestration' retrieved from /opt/airflow/dags/mlops_orchestration.py
[2026-04-20T17:40:36.292+0000] {logging_mixin.py:188} INFO - [2026-04-20T17:40:36.292+0000] {dag.py:3096} INFO - Sync 1 DAGs
[2026-04-20T17:40:36.309+0000] {logging_mixin.py:188} INFO - [2026-04-20T17:40:36.309+0000] {dag.py:3954} INFO - Setting next_dagrun for mlops_orchestration to 2026-04-19 02:00:00+00:00, run_after=2026-04-20 02:00:00+00:00
[2026-04-20T17:40:36.329+0000] {processor.py:183} INFO - Processing /opt/airflow/dags/mlops_orchestration.py took 0.092 seconds
[2026-04-20T17:41:06.440+0000] {processor.py:161} INFO - Started process (PID=645) to work on /opt/airflow/dags/mlops_orchestration.py
[2026-04-20T17:41:06.442+0000] {processor.py:830} INFO - Processing file /opt/airflow/dags/mlops_orchestration.py for tasks to queue
[2026-04-20T17:41:06.443+0000] {logging_mixin.py:188} INFO - [2026-04-20T17:41:06.443+0000] {dagbag.py:545} INFO - Filling up the DagBag from /opt/airflow/dags/mlops_orchestration.py
[2026-04-20T17:41:06.464+0000] {processor.py:840} INFO - DAG(s) 'mlops_orchestration' retrieved from /opt/airflow/dags/mlops_orchestration.py
[2026-04-20T17:41:06.493+0000] {logging_mixin.py:188} INFO - [2026-04-20T17:41:06.493+0000] {dag.py:3096} INFO - Sync 1 DAGs
[2026-04-20T17:41:06.511+0000] {logging_mixin.py:188} INFO - [2026-04-20T17:41:06.511+0000] {dag.py:3954} INFO - Setting next_dagrun for mlops_orchestration to 2026-04-19 02:00:00+00:00, run_after=2026-04-20 02:00:00+00:00
[2026-04-20T17:41:06.531+0000] {processor.py:183} INFO - Processing /opt/airflow/dags/mlops_orchestration.py took 0.098 seconds
[2026-04-20T17:41:36.724+0000] {processor.py:161} INFO - Started process (PID=646) to work on /opt/airflow/dags/mlops_orchestration.py
[2026-04-20T17:41:36.725+0000] {processor.py:830} INFO - Processing file /opt/airflow/dags/mlops_orchestration.py for tasks to queue
[2026-04-20T17:41:36.727+0000] {logging_mixin.py:188} INFO - [2026-04-20T17:41:36.726+0000] {dagbag.py:545} INFO - Filling up the DagBag from /opt/airflow/dags/mlops_orchestration.py
[2026-04-20T17:41:36.745+0000] {processor.py:840} INFO - DAG(s) 'mlops_orchestration' retrieved from /opt/airflow/dags/mlops_orchestration.py
[2026-04-20T17:41:36.774+0000] {logging_mixin.py:188} INFO - [2026-04-20T17:41:36.773+0000] {dag.py:3096} INFO - Sync 1 DAGs
[2026-04-20T17:41:36.791+0000] {logging_mixin.py:188} INFO - [2026-04-20T17:41:36.791+0000] {dag.py:3954} INFO - Setting next_dagrun for mlops_orchestration to 2026-04-19 02:00:00+00:00, run_after=2026-04-20 02:00:00+00:00
[2026-04-20T17:41:36.811+0000] {processor.py:183} INFO - Processing /opt/airflow/dags/mlops_orchestration.py took 0.092 seconds
[2026-04-20T17:42:06.914+0000] {processor.py:161} INFO - Started process (PID=647) to work on /opt/airflow/dags/mlops_orchestration.py
[2026-04-20T17:42:06.915+0000] {processor.py:830} INFO - Processing file /opt/airflow/dags/mlops_orchestration.py for tasks to queue
[2026-04-20T17:42:06.917+0000] {logging_mixin.py:188} INFO - [2026-04-20T17:42:06.917+0000] {dagbag.py:545} INFO - Filling up the DagBag from /opt/airflow/dags/mlops_orchestration.py
[2026-04-20T17:42:06.937+0000] {processor.py:840} INFO - DAG(s) 'mlops_orchestration' retrieved from /opt/airflow/dags/mlops_orchestration.py
[2026-04-20T17:42:06.966+0000] {logging_mixin.py:188} INFO - [2026-04-20T17:42:06.966+0000] {dag.py:3096} INFO - Sync 1 DAGs
[2026-04-20T17:42:06.983+0000] {logging_mixin.py:188} INFO - [2026-04-20T17:42:06.983+0000] {dag.py:3954} INFO - Setting next_dagrun for mlops_orchestration to 2026-04-19 02:00:00+00:00, run_after=2026-04-20 02:00:00+00:00
[2026-04-20T17:42:07.005+0000] {processor.py:183} INFO - Processing /opt/airflow/dags/mlops_orchestration.py took 0.097 seconds
[2026-04-20T17:42:37.211+0000] {processor.py:161} INFO - Started process (PID=648) to work on /opt/airflow/dags/mlops_orchestration.py
[2026-04-20T17:42:37.212+0000] {processor.py:830} INFO - Processing file /opt/airflow/dags/mlops_orchestration.py for tasks to queue
[2026-04-20T17:42:37.214+0000] {logging_mixin.py:188} INFO - [2026-04-20T17:42:37.214+0000] {dagbag.py:545} INFO - Filling up the DagBag from /opt/airflow/dags/mlops_orchestration.py
[2026-04-20T17:42:37.234+0000] {processor.py:840} INFO - DAG(s) 'mlops_orchestration' retrieved from /opt/airflow/dags/mlops_orchestration.py
[2026-04-20T17:42:37.264+0000] {logging_mixin.py:188} INFO - [2026-04-20T17:42:37.263+0000] {dag.py:3096} INFO - Sync 1 DAGs
[2026-04-20T17:42:37.282+0000] {logging_mixin.py:188} INFO - [2026-04-20T17:42:37.282+0000] {dag.py:3954} INFO - Setting next_dagrun for mlops_orchestration to 2026-04-19 02:00:00+00:00, run_after=2026-04-20 02:00:00+00:00
[2026-04-20T17:42:37.302+0000] {processor.py:183} INFO - Processing /opt/airflow/dags/mlops_orchestration.py took 0.096 seconds
[2026-04-20T17:43:07.500+0000] {processor.py:161} INFO - Started process (PID=649) to work on /opt/airflow/dags/mlops_orchestration.py
[2026-04-20T17:43:07.501+0000] {processor.py:830} INFO - Processing file /opt/airflow/dags/mlops_orchestration.py for tasks to queue
[2026-04-20T17:43:07.504+0000] {logging_mixin.py:188} INFO - [2026-04-20T17:43:07.503+0000] {dagbag.py:545} INFO - Filling up the DagBag from /opt/airflow/dags/mlops_orchestration.py
[2026-04-20T17:43:07.524+0000] {processor.py:840} INFO - DAG(s) 'mlops_orchestration' retrieved from /opt/airflow/dags/mlops_orchestration.py
[2026-04-20T17:43:07.551+0000] {logging_mixin.py:188} INFO - [2026-04-20T17:43:07.551+0000] {dag.py:3096} INFO - Sync 1 DAGs
[2026-04-20T17:43:07.569+0000] {logging_mixin.py:188} INFO - [2026-04-20T17:43:07.569+0000] {dag.py:3954} INFO - Setting next_dagrun for mlops_orchestration to 2026-04-19 02:00:00+00:00, run_after=2026-04-20 02:00:00+00:00
[2026-04-20T17:43:07.589+0000] {processor.py:183} INFO - Processing /opt/airflow/dags/mlops_orchestration.py took 0.096 seconds
[2026-04-20T17:43:37.779+0000] {processor.py:161} INFO - Started process (PID=650) to work on /opt/airflow/dags/mlops_orchestration.py
[2026-04-20T17:43:37.780+0000] {processor.py:830} INFO - Processing file /opt/airflow/dags/mlops_orchestration.py for tasks to queue
[2026-04-20T17:43:37.782+0000] {logging_mixin.py:188} INFO - [2026-04-20T17:43:37.782+0000] {dagbag.py:545} INFO - Filling up the DagBag from /opt/airflow/dags/mlops_orchestration.py
[2026-04-20T17:43:37.801+0000] {processor.py:840} INFO - DAG(s) 'mlops_orchestration' retrieved from /opt/airflow/dags/mlops_orchestration.py
[2026-04-20T17:43:37.830+0000] {logging_mixin.py:188} INFO - [2026-04-20T17:43:37.830+0000] {dag.py:3096} INFO - Sync 1 DAGs
[2026-04-20T17:43:37.848+0000] {logging_mixin.py:188} INFO - [2026-04-20T17:43:37.847+0000] {dag.py:3954} INFO - Setting next_dagrun for mlops_orchestration to 2026-04-19 02:00:00+00:00, run_after=2026-04-20 02:00:00+00:00
[2026-04-20T17:43:37.865+0000] {processor.py:183} INFO - Processing /opt/airflow/dags/mlops_orchestration.py took 0.091 seconds
[2026-04-20T17:44:08.072+0000] {processor.py:161} INFO - Started process (PID=651) to work on /opt/airflow/dags/mlops_orchestration.py
[2026-04-20T17:44:08.073+0000] {processor.py:830} INFO - Processing file /opt/airflow/dags/mlops_orchestration.py for tasks to queue
[2026-04-20T17:44:08.075+0000] {logging_mixin.py:188} INFO - [2026-04-20T17:44:08.074+0000] {dagbag.py:545} INFO - Filling up the DagBag from /opt/airflow/dags/mlops_orchestration.py
[2026-04-20T17:44:08.099+0000] {processor.py:840} INFO - DAG(s) 'mlops_orchestration' retrieved from /opt/airflow/dags/mlops_orchestration.py
[2026-04-20T17:44:08.133+0000] {logging_mixin.py:188} INFO - [2026-04-20T17:44:08.133+0000] {dag.py:3096} INFO - Sync 1 DAGs
[2026-04-20T17:44:08.152+0000] {logging_mixin.py:188} INFO - [2026-04-20T17:44:08.152+0000] {dag.py:3954} INFO - Setting next_dagrun for mlops_orchestration to 2026-04-19 02:00:00+00:00, run_after=2026-04-20 02:00:00+00:00
[2026-04-20T17:44:08.177+0000] {processor.py:183} INFO - Processing /opt/airflow/dags/mlops_orchestration.py took 0.111 seconds
[2026-04-20T17:44:38.355+0000] {processor.py:161} INFO - Started process (PID=652) to work on /opt/airflow/dags/mlops_orchestration.py
[2026-04-20T17:44:38.356+0000] {processor.py:830} INFO - Processing file /opt/airflow/dags/mlops_orchestration.py for tasks to queue
[2026-04-20T17:44:38.358+0000] {logging_mixin.py:188} INFO - [2026-04-20T17:44:38.357+0000] {dagbag.py:545} INFO - Filling up the DagBag from /opt/airflow/dags/mlops_orchestration.py
[2026-04-20T17:44:38.377+0000] {processor.py:840} INFO - DAG(s) 'mlops_orchestration' retrieved from /opt/airflow/dags/mlops_orchestration.py
[2026-04-20T17:44:38.404+0000] {logging_mixin.py:188} INFO - [2026-04-20T17:44:38.404+0000] {dag.py:3096} INFO - Sync 1 DAGs
[2026-04-20T17:44:38.420+0000] {logging_mixin.py:188} INFO - [2026-04-20T17:44:38.420+0000] {dag.py:3954} INFO - Setting next_dagrun for mlops_orchestration to 2026-04-19 02:00:00+00:00, run_after=2026-04-20 02:00:00+00:00
[2026-04-20T17:44:38.445+0000] {processor.py:183} INFO - Processing /opt/airflow/dags/mlops_orchestration.py took 0.096 seconds
[2026-04-20T17:45:08.652+0000] {processor.py:161} INFO - Started process (PID=653) to work on /opt/airflow/dags/mlops_orchestration.py
[2026-04-20T17:45:08.654+0000] {processor.py:830} INFO - Processing file /opt/airflow/dags/mlops_orchestration.py for tasks to queue
[2026-04-20T17:45:08.655+0000] {logging_mixin.py:188} INFO - [2026-04-20T17:45:08.655+0000] {dagbag.py:545} INFO - Filling up the DagBag from /opt/airflow/dags/mlops_orchestration.py
[2026-04-20T17:45:08.674+0000] {processor.py:840} INFO - DAG(s) 'mlops_orchestration' retrieved from /opt/airflow/dags/mlops_orchestration.py
[2026-04-20T17:45:08.701+0000] {logging_mixin.py:188} INFO - [2026-04-20T17:45:08.701+0000] {dag.py:3096} INFO - Sync 1 DAGs
[2026-04-20T17:45:08.718+0000] {logging_mixin.py:188} INFO - [2026-04-20T17:45:08.717+0000] {dag.py:3954} INFO - Setting next_dagrun for mlops_orchestration to 2026-04-19 02:00:00+00:00, run_after=2026-04-20 02:00:00+00:00
[2026-04-20T17:45:08.739+0000] {processor.py:183} INFO - Processing /opt/airflow/dags/mlops_orchestration.py took 0.092 seconds
[2026-04-20T17:45:38.851+0000] {processor.py:161} INFO - Started process (PID=654) to work on /opt/airflow/dags/mlops_orchestration.py
[2026-04-20T17:45:38.852+0000] {processor.py:830} INFO - Processing file /opt/airflow/dags/mlops_orchestration.py for tasks to queue
[2026-04-20T17:45:38.854+0000] {logging_mixin.py:188} INFO - [2026-04-20T17:45:38.853+0000] {dagbag.py:545} INFO - Filling up the DagBag from /opt/airflow/dags/mlops_orchestration.py
[2026-04-20T17:45:38.874+0000] {processor.py:840} INFO - DAG(s) 'mlops_orchestration' retrieved from /opt/airflow/dags/mlops_orchestration.py
[2026-04-20T17:45:38.904+0000] {logging_mixin.py:188} INFO - [2026-04-20T17:45:38.903+0000] {dag.py:3096} INFO - Sync 1 DAGs
[2026-04-20T17:45:38.921+0000] {logging_mixin.py:188} INFO - [2026-04-20T17:45:38.921+0000] {dag.py:3954} INFO - Setting next_dagrun for mlops_orchestration to 2026-04-19 02:00:00+00:00, run_after=2026-04-20 02:00:00+00:00
[2026-04-20T17:45:38.943+0000] {processor.py:183} INFO - Processing /opt/airflow/dags/mlops_orchestration.py took 0.100 seconds
[2026-04-20T17:46:09.139+0000] {processor.py:161} INFO - Started process (PID=655) to work on /opt/airflow/dags/mlops_orchestration.py
[2026-04-20T17:46:09.140+0000] {processor.py:830} INFO - Processing file /opt/airflow/dags/mlops_orchestration.py for tasks to queue
[2026-04-20T17:46:09.142+0000] {logging_mixin.py:188} INFO - [2026-04-20T17:46:09.141+0000] {dagbag.py:545} INFO - Filling up the DagBag from /opt/airflow/dags/mlops_orchestration.py
[2026-04-20T17:46:09.161+0000] {processor.py:840} INFO - DAG(s) 'mlops_orchestration' retrieved from /opt/airflow/dags/mlops_orchestration.py
[2026-04-20T17:46:09.188+0000] {logging_mixin.py:188} INFO - [2026-04-20T17:46:09.188+0000] {dag.py:3096} INFO - Sync 1 DAGs
[2026-04-20T17:46:09.205+0000] {logging_mixin.py:188} INFO - [2026-04-20T17:46:09.205+0000] {dag.py:3954} INFO - Setting next_dagrun for mlops_orchestration to 2026-04-19 02:00:00+00:00, run_after=2026-04-20 02:00:00+00:00
[2026-04-20T17:46:09.226+0000] {processor.py:183} INFO - Processing /opt/airflow/dags/mlops_orchestration.py took 0.093 seconds
[2026-04-20T17:46:39.427+0000] {processor.py:161} INFO - Started process (PID=656) to work on /opt/airflow/dags/mlops_orchestration.py
[2026-04-20T17:46:39.429+0000] {processor.py:830} INFO - Processing file /opt/airflow/dags/mlops_orchestration.py for tasks to queue
[2026-04-20T17:46:39.430+0000] {logging_mixin.py:188} INFO - [2026-04-20T17:46:39.430+0000] {dagbag.py:545} INFO - Filling up the DagBag from /opt/airflow/dags/mlops_orchestration.py
[2026-04-20T17:46:39.449+0000] {processor.py:840} INFO - DAG(s) 'mlops_orchestration' retrieved from /opt/airflow/dags/mlops_orchestration.py
[2026-04-20T17:46:39.476+0000] {logging_mixin.py:188} INFO - [2026-04-20T17:46:39.476+0000] {dag.py:3096} INFO - Sync 1 DAGs
[2026-04-20T17:46:39.493+0000] {logging_mixin.py:188} INFO - [2026-04-20T17:46:39.492+0000] {dag.py:3954} INFO - Setting next_dagrun for mlops_orchestration to 2026-04-19 02:00:00+00:00, run_after=2026-04-20 02:00:00+00:00
[2026-04-20T17:46:39.512+0000] {processor.py:183} INFO - Processing /opt/airflow/dags/mlops_orchestration.py took 0.089 seconds
[2026-04-20T17:47:09.616+0000] {processor.py:161} INFO - Started process (PID=657) to work on /opt/airflow/dags/mlops_orchestration.py
[2026-04-20T17:47:09.617+0000] {processor.py:830} INFO - Processing file /opt/airflow/dags/mlops_orchestration.py for tasks to queue
[2026-04-20T17:47:09.620+0000] {logging_mixin.py:188} INFO - [2026-04-20T17:47:09.619+0000] {dagbag.py:545} INFO - Filling up the DagBag from /opt/airflow/dags/mlops_orchestration.py
[2026-04-20T17:47:09.644+0000] {processor.py:840} INFO - DAG(s) 'mlops_orchestration' retrieved from /opt/airflow/dags/mlops_orchestration.py
[2026-04-20T17:47:09.674+0000] {logging_mixin.py:188} INFO - [2026-04-20T17:47:09.674+0000] {dag.py:3096} INFO - Sync 1 DAGs
[2026-04-20T17:47:09.692+0000] {logging_mixin.py:188} INFO - [2026-04-20T17:47:09.691+0000] {dag.py:3954} INFO - Setting next_dagrun for mlops_orchestration to 2026-04-19 02:00:00+00:00, run_after=2026-04-20 02:00:00+00:00
[2026-04-20T17:47:09.713+0000] {processor.py:183} INFO - Processing /opt/airflow/dags/mlops_orchestration.py took 0.102 seconds
[2026-04-20T17:47:39.895+0000] {processor.py:161} INFO - Started process (PID=658) to work on /opt/airflow/dags/mlops_orchestration.py
[2026-04-20T17:47:39.896+0000] {processor.py:830} INFO - Processing file /opt/airflow/dags/mlops_orchestration.py for tasks to queue
[2026-04-20T17:47:39.898+0000] {logging_mixin.py:188} INFO - [2026-04-20T17:47:39.897+0000] {dagbag.py:545} INFO - Filling up the DagBag from /opt/airflow/dags/mlops_orchestration.py
[2026-04-20T17:47:39.918+0000] {processor.py:840} INFO - DAG(s) 'mlops_orchestration' retrieved from /opt/airflow/dags/mlops_orchestration.py
[2026-04-20T17:47:39.947+0000] {logging_mixin.py:188} INFO - [2026-04-20T17:47:39.946+0000] {dag.py:3096} INFO - Sync 1 DAGs
[2026-04-20T17:47:39.963+0000] {logging_mixin.py:188} INFO - [2026-04-20T17:47:39.963+0000] {dag.py:3954} INFO - Setting next_dagrun for mlops_orchestration to 2026-04-19 02:00:00+00:00, run_after=2026-04-20 02:00:00+00:00
[2026-04-20T17:47:39.983+0000] {processor.py:183} INFO - Processing /opt/airflow/dags/mlops_orchestration.py took 0.093 seconds
[2026-04-20T17:48:10.193+0000] {processor.py:161} INFO - Started process (PID=659) to work on /opt/airflow/dags/mlops_orchestration.py
[2026-04-20T17:48:10.194+0000] {processor.py:830} INFO - Processing file /opt/airflow/dags/mlops_orchestration.py for tasks to queue
[2026-04-20T17:48:10.196+0000] {logging_mixin.py:188} INFO - [2026-04-20T17:48:10.195+0000] {dagbag.py:545} INFO - Filling up the DagBag from /opt/airflow/dags/mlops_orchestration.py
[2026-04-20T17:48:10.215+0000] {processor.py:840} INFO - DAG(s) 'mlops_orchestration' retrieved from /opt/airflow/dags/mlops_orchestration.py
[2026-04-20T17:48:10.243+0000] {logging_mixin.py:188} INFO - [2026-04-20T17:48:10.243+0000] {dag.py:3096} INFO - Sync 1 DAGs
[2026-04-20T17:48:10.260+0000] {logging_mixin.py:188} INFO - [2026-04-20T17:48:10.259+0000] {dag.py:3954} INFO - Setting next_dagrun for mlops_orchestration to 2026-04-19 02:00:00+00:00, run_after=2026-04-20 02:00:00+00:00
[2026-04-20T17:48:10.279+0000] {processor.py:183} INFO - Processing /opt/airflow/dags/mlops_orchestration.py took 0.092 seconds
[2026-04-20T17:48:40.481+0000] {processor.py:161} INFO - Started process (PID=660) to work on /opt/airflow/dags/mlops_orchestration.py
[2026-04-20T17:48:40.482+0000] {processor.py:830} INFO - Processing file /opt/airflow/dags/mlops_orchestration.py for tasks to queue
[2026-04-20T17:48:40.484+0000] {logging_mixin.py:188} INFO - [2026-04-20T17:48:40.483+0000] {dagbag.py:545} INFO - Filling up the DagBag from /opt/airflow/dags/mlops_orchestration.py
[2026-04-20T17:48:40.505+0000] {processor.py:840} INFO - DAG(s) 'mlops_orchestration' retrieved from /opt/airflow/dags/mlops_orchestration.py
[2026-04-20T17:48:40.534+0000] {logging_mixin.py:188} INFO - [2026-04-20T17:48:40.534+0000] {dag.py:3096} INFO - Sync 1 DAGs
[2026-04-20T17:48:40.553+0000] {logging_mixin.py:188} INFO - [2026-04-20T17:48:40.552+0000] {dag.py:3954} INFO - Setting next_dagrun for mlops_orchestration to 2026-04-19 02:00:00+00:00, run_after=2026-04-20 02:00:00+00:00
[2026-04-20T17:48:40.575+0000] {processor.py:183} INFO - Processing /opt/airflow/dags/mlops_orchestration.py took 0.099 seconds
[2026-04-20T17:49:10.762+0000] {processor.py:161} INFO - Started process (PID=661) to work on /opt/airflow/dags/mlops_orchestration.py
[2026-04-20T17:49:10.763+0000] {processor.py:830} INFO - Processing file /opt/airflow/dags/mlops_orchestration.py for tasks to queue
[2026-04-20T17:49:10.764+0000] {logging_mixin.py:188} INFO - [2026-04-20T17:49:10.764+0000] {dagbag.py:545} INFO - Filling up the DagBag from /opt/airflow/dags/mlops_orchestration.py
[2026-04-20T17:49:10.785+0000] {processor.py:840} INFO - DAG(s) 'mlops_orchestration' retrieved from /opt/airflow/dags/mlops_orchestration.py
[2026-04-20T17:49:10.813+0000] {logging_mixin.py:188} INFO - [2026-04-20T17:49:10.813+0000] {dag.py:3096} INFO - Sync 1 DAGs
[2026-04-20T17:49:10.830+0000] {logging_mixin.py:188} INFO - [2026-04-20T17:49:10.830+0000] {dag.py:3954} INFO - Setting next_dagrun for mlops_orchestration to 2026-04-19 02:00:00+00:00, run_after=2026-04-20 02:00:00+00:00
[2026-04-20T17:49:10.850+0000] {processor.py:183} INFO - Processing /opt/airflow/dags/mlops_orchestration.py took 0.094 seconds
[2026-04-20T17:49:41.046+0000] {processor.py:161} INFO - Started process (PID=662) to work on /opt/airflow/dags/mlops_orchestration.py
[2026-04-20T17:49:41.047+0000] {processor.py:830} INFO - Processing file /opt/airflow/dags/mlops_orchestration.py for tasks to queue
[2026-04-20T17:49:41.049+0000] {logging_mixin.py:188} INFO - [2026-04-20T17:49:41.048+0000] {dagbag.py:545} INFO - Filling up the DagBag from /opt/airflow/dags/mlops_orchestration.py
[2026-04-20T17:49:41.067+0000] {processor.py:840} INFO - DAG(s) 'mlops_orchestration' retrieved from /opt/airflow/dags/mlops_orchestration.py
[2026-04-20T17:49:41.095+0000] {logging_mixin.py:188} INFO - [2026-04-20T17:49:41.095+0000] {dag.py:3096} INFO - Sync 1 DAGs
[2026-04-20T17:49:41.111+0000] {logging_mixin.py:188} INFO - [2026-04-20T17:49:41.111+0000] {dag.py:3954} INFO - Setting next_dagrun for mlops_orchestration to 2026-04-19 02:00:00+00:00, run_after=2026-04-20 02:00:00+00:00
[2026-04-20T17:49:41.132+0000] {processor.py:183} INFO - Processing /opt/airflow/dags/mlops_orchestration.py took 0.091 seconds
[2026-04-20T17:50:11.235+0000] {processor.py:161} INFO - Started process (PID=663) to work on /opt/airflow/dags/mlops_orchestration.py
[2026-04-20T17:50:11.236+0000] {processor.py:830} INFO - Processing file /opt/airflow/dags/mlops_orchestration.py for tasks to queue
[2026-04-20T17:50:11.238+0000] {logging_mixin.py:188} INFO - [2026-04-20T17:50:11.238+0000] {dagbag.py:545} INFO - Filling up the DagBag from /opt/airflow/dags/mlops_orchestration.py
[2026-04-20T17:50:11.261+0000] {processor.py:840} INFO - DAG(s) 'mlops_orchestration' retrieved from /opt/airflow/dags/mlops_orchestration.py
[2026-04-20T17:50:11.289+0000] {logging_mixin.py:188} INFO - [2026-04-20T17:50:11.289+0000] {dag.py:3096} INFO - Sync 1 DAGs
[2026-04-20T17:50:11.306+0000] {logging_mixin.py:188} INFO - [2026-04-20T17:50:11.306+0000] {dag.py:3954} INFO - Setting next_dagrun for mlops_orchestration to 2026-04-19 02:00:00+00:00, run_after=2026-04-20 02:00:00+00:00
[2026-04-20T17:50:11.329+0000] {processor.py:183} INFO - Processing /opt/airflow/dags/mlops_orchestration.py took 0.099 seconds
[2026-04-20T17:50:41.520+0000] {processor.py:161} INFO - Started process (PID=664) to work on /opt/airflow/dags/mlops_orchestration.py
[2026-04-20T17:50:41.521+0000] {processor.py:830} INFO - Processing file /opt/airflow/dags/mlops_orchestration.py for tasks to queue
[2026-04-20T17:50:41.523+0000] {logging_mixin.py:188} INFO - [2026-04-20T17:50:41.523+0000] {dagbag.py:545} INFO - Filling up the DagBag from /opt/airflow/dags/mlops_orchestration.py
[2026-04-20T17:50:41.543+0000] {processor.py:840} INFO - DAG(s) 'mlops_orchestration' retrieved from /opt/airflow/dags/mlops_orchestration.py
[2026-04-20T17:50:41.571+0000] {logging_mixin.py:188} INFO - [2026-04-20T17:50:41.571+0000] {dag.py:3096} INFO - Sync 1 DAGs
[2026-04-20T17:50:41.588+0000] {logging_mixin.py:188} INFO - [2026-04-20T17:50:41.588+0000] {dag.py:3954} INFO - Setting next_dagrun for mlops_orchestration to 2026-04-19 02:00:00+00:00, run_after=2026-04-20 02:00:00+00:00
[2026-04-20T17:50:41.608+0000] {processor.py:183} INFO - Processing /opt/airflow/dags/mlops_orchestration.py took 0.093 seconds
[2026-04-20T17:51:11.817+0000] {processor.py:161} INFO - Started process (PID=665) to work on /opt/airflow/dags/mlops_orchestration.py
[2026-04-20T17:51:11.819+0000] {processor.py:830} INFO - Processing file /opt/airflow/dags/mlops_orchestration.py for tasks to queue
[2026-04-20T17:51:11.821+0000] {logging_mixin.py:188} INFO - [2026-04-20T17:51:11.820+0000] {dagbag.py:545} INFO - Filling up the DagBag from /opt/airflow/dags/mlops_orchestration.py
[2026-04-20T17:51:11.841+0000] {processor.py:840} INFO - DAG(s) 'mlops_orchestration' retrieved from /opt/airflow/dags/mlops_orchestration.py
[2026-04-20T17:51:11.872+0000] {logging_mixin.py:188} INFO - [2026-04-20T17:51:11.872+0000] {dag.py:3096} INFO - Sync 1 DAGs
[2026-04-20T17:51:11.890+0000] {logging_mixin.py:188} INFO - [2026-04-20T17:51:11.890+0000] {dag.py:3954} INFO - Setting next_dagrun for mlops_orchestration to 2026-04-19 02:00:00+00:00, run_after=2026-04-20 02:00:00+00:00
[2026-04-20T17:51:11.912+0000] {processor.py:183} INFO - Processing /opt/airflow/dags/mlops_orchestration.py took 0.100 seconds
[2026-04-20T17:51:42.119+0000] {processor.py:161} INFO - Started process (PID=666) to work on /opt/airflow/dags/mlops_orchestration.py
[2026-04-20T17:51:42.120+0000] {processor.py:830} INFO - Processing file /opt/airflow/dags/mlops_orchestration.py for tasks to queue
[2026-04-20T17:51:42.122+0000] {logging_mixin.py:188} INFO - [2026-04-20T17:51:42.122+0000] {dagbag.py:545} INFO - Filling up the DagBag from /opt/airflow/dags/mlops_orchestration.py
[2026-04-20T17:51:42.143+0000] {processor.py:840} INFO - DAG(s) 'mlops_orchestration' retrieved from /opt/airflow/dags/mlops_orchestration.py
[2026-04-20T17:51:42.174+0000] {logging_mixin.py:188} INFO - [2026-04-20T17:51:42.174+0000] {dag.py:3096} INFO - Sync 1 DAGs
[2026-04-20T17:51:42.193+0000] {logging_mixin.py:188} INFO - [2026-04-20T17:51:42.192+0000] {dag.py:3954} INFO - Setting next_dagrun for mlops_orchestration to 2026-04-19 02:00:00+00:00, run_after=2026-04-20 02:00:00+00:00
[2026-04-20T17:51:42.214+0000] {processor.py:183} INFO - Processing /opt/airflow/dags/mlops_orchestration.py took 0.101 seconds
[2026-04-20T17:52:12.409+0000] {processor.py:161} INFO - Started process (PID=667) to work on /opt/airflow/dags/mlops_orchestration.py
[2026-04-20T17:52:12.410+0000] {processor.py:830} INFO - Processing file /opt/airflow/dags/mlops_orchestration.py for tasks to queue
[2026-04-20T17:52:12.412+0000] {logging_mixin.py:188} INFO - [2026-04-20T17:52:12.412+0000] {dagbag.py:545} INFO - Filling up the DagBag from /opt/airflow/dags/mlops_orchestration.py
[2026-04-20T17:52:12.431+0000] {processor.py:840} INFO - DAG(s) 'mlops_orchestration' retrieved from /opt/airflow/dags/mlops_orchestration.py
[2026-04-20T17:52:12.459+0000] {logging_mixin.py:188} INFO - [2026-04-20T17:52:12.458+0000] {dag.py:3096} INFO - Sync 1 DAGs
[2026-04-20T17:52:12.477+0000] {logging_mixin.py:188} INFO - [2026-04-20T17:52:12.477+0000] {dag.py:3954} INFO - Setting next_dagrun for mlops_orchestration to 2026-04-19 02:00:00+00:00, run_after=2026-04-20 02:00:00+00:00
[2026-04-20T17:52:12.498+0000] {processor.py:183} INFO - Processing /opt/airflow/dags/mlops_orchestration.py took 0.093 seconds
[2026-04-20T17:52:42.707+0000] {processor.py:161} INFO - Started process (PID=668) to work on /opt/airflow/dags/mlops_orchestration.py
[2026-04-20T17:52:42.708+0000] {processor.py:830} INFO - Processing file /opt/airflow/dags/mlops_orchestration.py for tasks to queue
[2026-04-20T17:52:42.710+0000] {logging_mixin.py:188} INFO - [2026-04-20T17:52:42.709+0000] {dagbag.py:545} INFO - Filling up the DagBag from /opt/airflow/dags/mlops_orchestration.py
[2026-04-20T17:52:42.732+0000] {processor.py:840} INFO - DAG(s) 'mlops_orchestration' retrieved from /opt/airflow/dags/mlops_orchestration.py
[2026-04-20T17:52:42.760+0000] {logging_mixin.py:188} INFO - [2026-04-20T17:52:42.760+0000] {dag.py:3096} INFO - Sync 1 DAGs
[2026-04-20T17:52:42.778+0000] {logging_mixin.py:188} INFO - [2026-04-20T17:52:42.777+0000] {dag.py:3954} INFO - Setting next_dagrun for mlops_orchestration to 2026-04-19 02:00:00+00:00, run_after=2026-04-20 02:00:00+00:00
[2026-04-20T17:52:42.801+0000] {processor.py:183} INFO - Processing /opt/airflow/dags/mlops_orchestration.py took 0.100 seconds
[2026-04-20T17:53:12.989+0000] {processor.py:161} INFO - Started process (PID=669) to work on /opt/airflow/dags/mlops_orchestration.py
[2026-04-20T17:53:12.990+0000] {processor.py:830} INFO - Processing file /opt/airflow/dags/mlops_orchestration.py for tasks to queue
[2026-04-20T17:53:12.992+0000] {logging_mixin.py:188} INFO - [2026-04-20T17:53:12.991+0000] {dagbag.py:545} INFO - Filling up the DagBag from /opt/airflow/dags/mlops_orchestration.py
[2026-04-20T17:53:13.011+0000] {processor.py:840} INFO - DAG(s) 'mlops_orchestration' retrieved from /opt/airflow/dags/mlops_orchestration.py
[2026-04-20T17:53:13.039+0000] {logging_mixin.py:188} INFO - [2026-04-20T17:53:13.038+0000] {dag.py:3096} INFO - Sync 1 DAGs
[2026-04-20T17:53:13.055+0000] {logging_mixin.py:188} INFO - [2026-04-20T17:53:13.055+0000] {dag.py:3954} INFO - Setting next_dagrun for mlops_orchestration to 2026-04-19 02:00:00+00:00, run_after=2026-04-20 02:00:00+00:00
[2026-04-20T17:53:13.074+0000] {processor.py:183} INFO - Processing /opt/airflow/dags/mlops_orchestration.py took 0.091 seconds
[2026-04-20T17:53:43.174+0000] {processor.py:161} INFO - Started process (PID=670) to work on /opt/airflow/dags/mlops_orchestration.py
[2026-04-20T17:53:43.175+0000] {processor.py:830} INFO - Processing file /opt/airflow/dags/mlops_orchestration.py for tasks to queue
[2026-04-20T17:53:43.177+0000] {logging_mixin.py:188} INFO - [2026-04-20T17:53:43.177+0000] {dagbag.py:545} INFO - Filling up the DagBag from /opt/airflow/dags/mlops_orchestration.py
[2026-04-20T17:53:43.194+0000] {processor.py:840} INFO - DAG(s) 'mlops_orchestration' retrieved from /opt/airflow/dags/mlops_orchestration.py
[2026-04-20T17:53:43.224+0000] {logging_mixin.py:188} INFO - [2026-04-20T17:53:43.224+0000] {dag.py:3096} INFO - Sync 1 DAGs
[2026-04-20T17:53:43.241+0000] {logging_mixin.py:188} INFO - [2026-04-20T17:53:43.241+0000] {dag.py:3954} INFO - Setting next_dagrun for mlops_orchestration to 2026-04-19 02:00:00+00:00, run_after=2026-04-20 02:00:00+00:00
[2026-04-20T17:53:43.263+0000] {processor.py:183} INFO - Processing /opt/airflow/dags/mlops_orchestration.py took 0.094 seconds
[2026-04-20T17:54:13.463+0000] {processor.py:161} INFO - Started process (PID=671) to work on /opt/airflow/dags/mlops_orchestration.py
[2026-04-20T17:54:13.464+0000] {processor.py:830} INFO - Processing file /opt/airflow/dags/mlops_orchestration.py for tasks to queue
[2026-04-20T17:54:13.467+0000] {logging_mixin.py:188} INFO - [2026-04-20T17:54:13.466+0000] {dagbag.py:545} INFO - Filling up the DagBag from /opt/airflow/dags/mlops_orchestration.py
[2026-04-20T17:54:13.486+0000] {processor.py:840} INFO - DAG(s) 'mlops_orchestration' retrieved from /opt/airflow/dags/mlops_orchestration.py
[2026-04-20T17:54:13.517+0000] {logging_mixin.py:188} INFO - [2026-04-20T17:54:13.517+0000] {dag.py:3096} INFO - Sync 1 DAGs
[2026-04-20T17:54:13.535+0000] {logging_mixin.py:188} INFO - [2026-04-20T17:54:13.535+0000] {dag.py:3954} INFO - Setting next_dagrun for mlops_orchestration to 2026-04-19 02:00:00+00:00, run_after=2026-04-20 02:00:00+00:00
[2026-04-20T17:54:13.557+0000] {processor.py:183} INFO - Processing /opt/airflow/dags/mlops_orchestration.py took 0.101 seconds
[2026-04-20T17:54:43.745+0000] {processor.py:161} INFO - Started process (PID=672) to work on /opt/airflow/dags/mlops_orchestration.py
[2026-04-20T17:54:43.747+0000] {processor.py:830} INFO - Processing file /opt/airflow/dags/mlops_orchestration.py for tasks to queue
[2026-04-20T17:54:43.748+0000] {logging_mixin.py:188} INFO - [2026-04-20T17:54:43.748+0000] {dagbag.py:545} INFO - Filling up the DagBag from /opt/airflow/dags/mlops_orchestration.py
[2026-04-20T17:54:43.766+0000] {processor.py:840} INFO - DAG(s) 'mlops_orchestration' retrieved from /opt/airflow/dags/mlops_orchestration.py
[2026-04-20T17:54:43.794+0000] {logging_mixin.py:188} INFO - [2026-04-20T17:54:43.794+0000] {dag.py:3096} INFO - Sync 1 DAGs
[2026-04-20T17:54:43.811+0000] {logging_mixin.py:188} INFO - [2026-04-20T17:54:43.811+0000] {dag.py:3954} INFO - Setting next_dagrun for mlops_orchestration to 2026-04-19 02:00:00+00:00, run_after=2026-04-20 02:00:00+00:00
[2026-04-20T17:54:43.832+0000] {processor.py:183} INFO - Processing /opt/airflow/dags/mlops_orchestration.py took 0.092 seconds
[2026-04-20T17:55:13.933+0000] {processor.py:161} INFO - Started process (PID=673) to work on /opt/airflow/dags/mlops_orchestration.py
[2026-04-20T17:55:13.934+0000] {processor.py:830} INFO - Processing file /opt/airflow/dags/mlops_orchestration.py for tasks to queue
[2026-04-20T17:55:13.936+0000] {logging_mixin.py:188} INFO - [2026-04-20T17:55:13.936+0000] {dagbag.py:545} INFO - Filling up the DagBag from /opt/airflow/dags/mlops_orchestration.py
[2026-04-20T17:55:13.955+0000] {processor.py:840} INFO - DAG(s) 'mlops_orchestration' retrieved from /opt/airflow/dags/mlops_orchestration.py
[2026-04-20T17:55:13.982+0000] {logging_mixin.py:188} INFO - [2026-04-20T17:55:13.982+0000] {dag.py:3096} INFO - Sync 1 DAGs
[2026-04-20T17:55:13.999+0000] {logging_mixin.py:188} INFO - [2026-04-20T17:55:13.999+0000] {dag.py:3954} INFO - Setting next_dagrun for mlops_orchestration to 2026-04-19 02:00:00+00:00, run_after=2026-04-20 02:00:00+00:00
[2026-04-20T17:55:14.020+0000] {processor.py:183} INFO - Processing /opt/airflow/dags/mlops_orchestration.py took 0.092 seconds
[2026-04-20T17:55:44.131+0000] {processor.py:161} INFO - Started process (PID=674) to work on /opt/airflow/dags/mlops_orchestration.py
[2026-04-20T17:55:44.132+0000] {processor.py:830} INFO - Processing file /opt/airflow/dags/mlops_orchestration.py for tasks to queue
[2026-04-20T17:55:44.134+0000] {logging_mixin.py:188} INFO - [2026-04-20T17:55:44.133+0000] {dagbag.py:545} INFO - Filling up the DagBag from /opt/airflow/dags/mlops_orchestration.py
[2026-04-20T17:55:44.157+0000] {processor.py:840} INFO - DAG(s) 'mlops_orchestration' retrieved from /opt/airflow/dags/mlops_orchestration.py
[2026-04-20T17:55:44.187+0000] {logging_mixin.py:188} INFO - [2026-04-20T17:55:44.187+0000] {dag.py:3096} INFO - Sync 1 DAGs
[2026-04-20T17:55:44.204+0000] {logging_mixin.py:188} INFO - [2026-04-20T17:55:44.204+0000] {dag.py:3954} INFO - Setting next_dagrun for mlops_orchestration to 2026-04-19 02:00:00+00:00, run_after=2026-04-20 02:00:00+00:00
[2026-04-20T17:55:44.225+0000] {processor.py:183} INFO - Processing /opt/airflow/dags/mlops_orchestration.py took 0.100 seconds
[2026-04-20T17:56:14.411+0000] {processor.py:161} INFO - Started process (PID=675) to work on /opt/airflow/dags/mlops_orchestration.py
[2026-04-20T17:56:14.412+0000] {processor.py:830} INFO - Processing file /opt/airflow/dags/mlops_orchestration.py for tasks to queue
[2026-04-20T17:56:14.414+0000] {logging_mixin.py:188} INFO - [2026-04-20T17:56:14.414+0000] {dagbag.py:545} INFO - Filling up the DagBag from /opt/airflow/dags/mlops_orchestration.py
[2026-04-20T17:56:14.433+0000] {processor.py:840} INFO - DAG(s) 'mlops_orchestration' retrieved from /opt/airflow/dags/mlops_orchestration.py
[2026-04-20T17:56:14.462+0000] {logging_mixin.py:188} INFO - [2026-04-20T17:56:14.462+0000] {dag.py:3096} INFO - Sync 1 DAGs
[2026-04-20T17:56:14.479+0000] {logging_mixin.py:188} INFO - [2026-04-20T17:56:14.479+0000] {dag.py:3954} INFO - Setting next_dagrun for mlops_orchestration to 2026-04-19 02:00:00+00:00, run_after=2026-04-20 02:00:00+00:00
[2026-04-20T17:56:14.500+0000] {processor.py:183} INFO - Processing /opt/airflow/dags/mlops_orchestration.py took 0.095 seconds
[2026-04-20T17:56:44.712+0000] {processor.py:161} INFO - Started process (PID=676) to work on /opt/airflow/dags/mlops_orchestration.py
[2026-04-20T17:56:44.713+0000] {processor.py:830} INFO - Processing file /opt/airflow/dags/mlops_orchestration.py for tasks to queue
[2026-04-20T17:56:44.715+0000] {logging_mixin.py:188} INFO - [2026-04-20T17:56:44.715+0000] {dagbag.py:545} INFO - Filling up the DagBag from /opt/airflow/dags/mlops_orchestration.py
[2026-04-20T17:56:44.734+0000] {processor.py:840} INFO - DAG(s) 'mlops_orchestration' retrieved from /opt/airflow/dags/mlops_orchestration.py
[2026-04-20T17:56:44.761+0000] {logging_mixin.py:188} INFO - [2026-04-20T17:56:44.761+0000] {dag.py:3096} INFO - Sync 1 DAGs
[2026-04-20T17:56:44.779+0000] {logging_mixin.py:188} INFO - [2026-04-20T17:56:44.778+0000] {dag.py:3954} INFO - Setting next_dagrun for mlops_orchestration to 2026-04-19 02:00:00+00:00, run_after=2026-04-20 02:00:00+00:00
[2026-04-20T17:56:44.797+0000] {processor.py:183} INFO - Processing /opt/airflow/dags/mlops_orchestration.py took 0.090 seconds
[2026-04-20T17:57:15.013+0000] {processor.py:161} INFO - Started process (PID=677) to work on /opt/airflow/dags/mlops_orchestration.py
[2026-04-20T17:57:15.015+0000] {processor.py:830} INFO - Processing file /opt/airflow/dags/mlops_orchestration.py for tasks to queue
[2026-04-20T17:57:15.016+0000] {logging_mixin.py:188} INFO - [2026-04-20T17:57:15.016+0000] {dagbag.py:545} INFO - Filling up the DagBag from /opt/airflow/dags/mlops_orchestration.py
[2026-04-20T17:57:15.038+0000] {processor.py:840} INFO - DAG(s) 'mlops_orchestration' retrieved from /opt/airflow/dags/mlops_orchestration.py
[2026-04-20T17:57:15.067+0000] {logging_mixin.py:188} INFO - [2026-04-20T17:57:15.066+0000] {dag.py:3096} INFO - Sync 1 DAGs
[2026-04-20T17:57:15.084+0000] {logging_mixin.py:188} INFO - [2026-04-20T17:57:15.084+0000] {dag.py:3954} INFO - Setting next_dagrun for mlops_orchestration to 2026-04-19 02:00:00+00:00, run_after=2026-04-20 02:00:00+00:00
[2026-04-20T17:57:15.107+0000] {processor.py:183} INFO - Processing /opt/airflow/dags/mlops_orchestration.py took 0.099 seconds
[2026-04-20T17:57:45.296+0000] {processor.py:161} INFO - Started process (PID=678) to work on /opt/airflow/dags/mlops_orchestration.py
[2026-04-20T17:57:45.297+0000] {processor.py:830} INFO - Processing file /opt/airflow/dags/mlops_orchestration.py for tasks to queue
[2026-04-20T17:57:45.299+0000] {logging_mixin.py:188} INFO - [2026-04-20T17:57:45.299+0000] {dagbag.py:545} INFO - Filling up the DagBag from /opt/airflow/dags/mlops_orchestration.py
[2026-04-20T17:57:45.322+0000] {processor.py:840} INFO - DAG(s) 'mlops_orchestration' retrieved from /opt/airflow/dags/mlops_orchestration.py
[2026-04-20T17:57:45.352+0000] {logging_mixin.py:188} INFO - [2026-04-20T17:57:45.351+0000] {dag.py:3096} INFO - Sync 1 DAGs
[2026-04-20T17:57:45.370+0000] {logging_mixin.py:188} INFO - [2026-04-20T17:57:45.370+0000] {dag.py:3954} INFO - Setting next_dagrun for mlops_orchestration to 2026-04-19 02:00:00+00:00, run_after=2026-04-20 02:00:00+00:00
[2026-04-20T17:57:45.396+0000] {processor.py:183} INFO - Processing /opt/airflow/dags/mlops_orchestration.py took 0.105 seconds
[2026-04-20T17:58:15.590+0000] {processor.py:161} INFO - Started process (PID=679) to work on /opt/airflow/dags/mlops_orchestration.py
[2026-04-20T17:58:15.591+0000] {processor.py:830} INFO - Processing file /opt/airflow/dags/mlops_orchestration.py for tasks to queue
[2026-04-20T17:58:15.593+0000] {logging_mixin.py:188} INFO - [2026-04-20T17:58:15.593+0000] {dagbag.py:545} INFO - Filling up the DagBag from /opt/airflow/dags/mlops_orchestration.py
[2026-04-20T17:58:15.613+0000] {processor.py:840} INFO - DAG(s) 'mlops_orchestration' retrieved from /opt/airflow/dags/mlops_orchestration.py
[2026-04-20T17:58:15.641+0000] {logging_mixin.py:188} INFO - [2026-04-20T17:58:15.640+0000] {dag.py:3096} INFO - Sync 1 DAGs
[2026-04-20T17:58:15.659+0000] {logging_mixin.py:188} INFO - [2026-04-20T17:58:15.659+0000] {dag.py:3954} INFO - Setting next_dagrun for mlops_orchestration to 2026-04-19 02:00:00+00:00, run_after=2026-04-20 02:00:00+00:00
[2026-04-20T17:58:15.680+0000] {processor.py:183} INFO - Processing /opt/airflow/dags/mlops_orchestration.py took 0.095 seconds
[2026-04-20T17:58:45.894+0000] {processor.py:161} INFO - Started process (PID=680) to work on /opt/airflow/dags/mlops_orchestration.py
[2026-04-20T17:58:45.895+0000] {processor.py:830} INFO - Processing file /opt/airflow/dags/mlops_orchestration.py for tasks to queue
[2026-04-20T17:58:45.898+0000] {logging_mixin.py:188} INFO - [2026-04-20T17:58:45.897+0000] {dagbag.py:545} INFO - Filling up the DagBag from /opt/airflow/dags/mlops_orchestration.py
[2026-04-20T17:58:45.921+0000] {processor.py:840} INFO - DAG(s) 'mlops_orchestration' retrieved from /opt/airflow/dags/mlops_orchestration.py
[2026-04-20T17:58:45.960+0000] {logging_mixin.py:188} INFO - [2026-04-20T17:58:45.960+0000] {dag.py:3096} INFO - Sync 1 DAGs
[2026-04-20T17:58:45.978+0000] {logging_mixin.py:188} INFO - [2026-04-20T17:58:45.978+0000] {dag.py:3954} INFO - Setting next_dagrun for mlops_orchestration to 2026-04-19 02:00:00+00:00, run_after=2026-04-20 02:00:00+00:00
[2026-04-20T17:58:45.998+0000] {processor.py:183} INFO - Processing /opt/airflow/dags/mlops_orchestration.py took 0.110 seconds
[2026-04-20T17:59:16.178+0000] {processor.py:161} INFO - Started process (PID=681) to work on /opt/airflow/dags/mlops_orchestration.py
[2026-04-20T17:59:16.179+0000] {processor.py:830} INFO - Processing file /opt/airflow/dags/mlops_orchestration.py for tasks to queue
[2026-04-20T17:59:16.181+0000] {logging_mixin.py:188} INFO - [2026-04-20T17:59:16.181+0000] {dagbag.py:545} INFO - Filling up the DagBag from /opt/airflow/dags/mlops_orchestration.py
[2026-04-20T17:59:16.199+0000] {processor.py:840} INFO - DAG(s) 'mlops_orchestration' retrieved from /opt/airflow/dags/mlops_orchestration.py
[2026-04-20T17:59:16.227+0000] {logging_mixin.py:188} INFO - [2026-04-20T17:59:16.226+0000] {dag.py:3096} INFO - Sync 1 DAGs
[2026-04-20T17:59:16.243+0000] {logging_mixin.py:188} INFO - [2026-04-20T17:59:16.243+0000] {dag.py:3954} INFO - Setting next_dagrun for mlops_orchestration to 2026-04-19 02:00:00+00:00, run_after=2026-04-20 02:00:00+00:00
[2026-04-20T17:59:16.263+0000] {processor.py:183} INFO - Processing /opt/airflow/dags/mlops_orchestration.py took 0.090 seconds
[2026-04-20T17:59:46.371+0000] {processor.py:161} INFO - Started process (PID=682) to work on /opt/airflow/dags/mlops_orchestration.py
[2026-04-20T17:59:46.372+0000] {processor.py:830} INFO - Processing file /opt/airflow/dags/mlops_orchestration.py for tasks to queue
[2026-04-20T17:59:46.374+0000] {logging_mixin.py:188} INFO - [2026-04-20T17:59:46.374+0000] {dagbag.py:545} INFO - Filling up the DagBag from /opt/airflow/dags/mlops_orchestration.py
[2026-04-20T17:59:46.393+0000] {processor.py:840} INFO - DAG(s) 'mlops_orchestration' retrieved from /opt/airflow/dags/mlops_orchestration.py
[2026-04-20T17:59:46.421+0000] {logging_mixin.py:188} INFO - [2026-04-20T17:59:46.421+0000] {dag.py:3096} INFO - Sync 1 DAGs
[2026-04-20T17:59:46.438+0000] {logging_mixin.py:188} INFO - [2026-04-20T17:59:46.438+0000] {dag.py:3954} INFO - Setting next_dagrun for mlops_orchestration to 2026-04-19 02:00:00+00:00, run_after=2026-04-20 02:00:00+00:00
[2026-04-20T17:59:46.457+0000] {processor.py:183} INFO - Processing /opt/airflow/dags/mlops_orchestration.py took 0.091 seconds
[2026-04-20T18:00:16.563+0000] {processor.py:161} INFO - Started process (PID=683) to work on /opt/airflow/dags/mlops_orchestration.py
[2026-04-20T18:00:16.564+0000] {processor.py:830} INFO - Processing file /opt/airflow/dags/mlops_orchestration.py for tasks to queue
[2026-04-20T18:00:16.566+0000] {logging_mixin.py:188} INFO - [2026-04-20T18:00:16.566+0000] {dagbag.py:545} INFO - Filling up the DagBag from /opt/airflow/dags/mlops_orchestration.py
[2026-04-20T18:00:16.591+0000] {processor.py:840} INFO - DAG(s) 'mlops_orchestration' retrieved from /opt/airflow/dags/mlops_orchestration.py
[2026-04-20T18:00:16.620+0000] {logging_mixin.py:188} INFO - [2026-04-20T18:00:16.619+0000] {dag.py:3096} INFO - Sync 1 DAGs
[2026-04-20T18:00:16.638+0000] {logging_mixin.py:188} INFO - [2026-04-20T18:00:16.638+0000] {dag.py:3954} INFO - Setting next_dagrun for mlops_orchestration to 2026-04-19 02:00:00+00:00, run_after=2026-04-20 02:00:00+00:00
[2026-04-20T18:00:16.659+0000] {processor.py:183} INFO - Processing /opt/airflow/dags/mlops_orchestration.py took 0.102 seconds
[2026-04-20T18:00:46.837+0000] {processor.py:161} INFO - Started process (PID=684) to work on /opt/airflow/dags/mlops_orchestration.py
[2026-04-20T18:00:46.838+0000] {processor.py:830} INFO - Processing file /opt/airflow/dags/mlops_orchestration.py for tasks to queue
[2026-04-20T18:00:46.840+0000] {logging_mixin.py:188} INFO - [2026-04-20T18:00:46.840+0000] {dagbag.py:545} INFO - Filling up the DagBag from /opt/airflow/dags/mlops_orchestration.py
[2026-04-20T18:00:46.857+0000] {processor.py:840} INFO - DAG(s) 'mlops_orchestration' retrieved from /opt/airflow/dags/mlops_orchestration.py
[2026-04-20T18:00:46.885+0000] {logging_mixin.py:188} INFO - [2026-04-20T18:00:46.885+0000] {dag.py:3096} INFO - Sync 1 DAGs
[2026-04-20T18:00:46.904+0000] {logging_mixin.py:188} INFO - [2026-04-20T18:00:46.903+0000] {dag.py:3954} INFO - Setting next_dagrun for mlops_orchestration to 2026-04-19 02:00:00+00:00, run_after=2026-04-20 02:00:00+00:00
[2026-04-20T18:00:46.923+0000] {processor.py:183} INFO - Processing /opt/airflow/dags/mlops_orchestration.py took 0.091 seconds
[2026-04-20T18:01:17.022+0000] {processor.py:161} INFO - Started process (PID=685) to work on /opt/airflow/dags/mlops_orchestration.py
[2026-04-20T18:01:17.023+0000] {processor.py:830} INFO - Processing file /opt/airflow/dags/mlops_orchestration.py for tasks to queue
[2026-04-20T18:01:17.025+0000] {logging_mixin.py:188} INFO - [2026-04-20T18:01:17.025+0000] {dagbag.py:545} INFO - Filling up the DagBag from /opt/airflow/dags/mlops_orchestration.py
[2026-04-20T18:01:17.043+0000] {processor.py:840} INFO - DAG(s) 'mlops_orchestration' retrieved from /opt/airflow/dags/mlops_orchestration.py
[2026-04-20T18:01:17.072+0000] {logging_mixin.py:188} INFO - [2026-04-20T18:01:17.071+0000] {dag.py:3096} INFO - Sync 1 DAGs
[2026-04-20T18:01:17.091+0000] {logging_mixin.py:188} INFO - [2026-04-20T18:01:17.091+0000] {dag.py:3954} INFO - Setting next_dagrun for mlops_orchestration to 2026-04-19 02:00:00+00:00, run_after=2026-04-20 02:00:00+00:00
[2026-04-20T18:01:17.110+0000] {processor.py:183} INFO - Processing /opt/airflow/dags/mlops_orchestration.py took 0.096 seconds
[2026-04-20T18:01:47.313+0000] {processor.py:161} INFO - Started process (PID=686) to work on /opt/airflow/dags/mlops_orchestration.py
[2026-04-20T18:01:47.314+0000] {processor.py:830} INFO - Processing file /opt/airflow/dags/mlops_orchestration.py for tasks to queue
[2026-04-20T18:01:47.316+0000] {logging_mixin.py:188} INFO - [2026-04-20T18:01:47.316+0000] {dagbag.py:545} INFO - Filling up the DagBag from /opt/airflow/dags/mlops_orchestration.py
[2026-04-20T18:01:47.338+0000] {processor.py:840} INFO - DAG(s) 'mlops_orchestration' retrieved from /opt/airflow/dags/mlops_orchestration.py
[2026-04-20T18:01:47.369+0000] {logging_mixin.py:188} INFO - [2026-04-20T18:01:47.368+0000] {dag.py:3096} INFO - Sync 1 DAGs
[2026-04-20T18:01:47.387+0000] {logging_mixin.py:188} INFO - [2026-04-20T18:01:47.387+0000] {dag.py:3954} INFO - Setting next_dagrun for mlops_orchestration to 2026-04-19 02:00:00+00:00, run_after=2026-04-20 02:00:00+00:00
[2026-04-20T18:01:47.408+0000] {processor.py:183} INFO - Processing /opt/airflow/dags/mlops_orchestration.py took 0.101 seconds
[2026-04-20T18:02:17.611+0000] {processor.py:161} INFO - Started process (PID=687) to work on /opt/airflow/dags/mlops_orchestration.py
[2026-04-20T18:02:17.612+0000] {processor.py:830} INFO - Processing file /opt/airflow/dags/mlops_orchestration.py for tasks to queue
[2026-04-20T18:02:17.614+0000] {logging_mixin.py:188} INFO - [2026-04-20T18:02:17.614+0000] {dagbag.py:545} INFO - Filling up the DagBag from /opt/airflow/dags/mlops_orchestration.py
[2026-04-20T18:02:17.634+0000] {processor.py:840} INFO - DAG(s) 'mlops_orchestration' retrieved from /opt/airflow/dags/mlops_orchestration.py
[2026-04-20T18:02:17.662+0000] {logging_mixin.py:188} INFO - [2026-04-20T18:02:17.662+0000] {dag.py:3096} INFO - Sync 1 DAGs
[2026-04-20T18:02:17.680+0000] {logging_mixin.py:188} INFO - [2026-04-20T18:02:17.680+0000] {dag.py:3954} INFO - Setting next_dagrun for mlops_orchestration to 2026-04-19 02:00:00+00:00, run_after=2026-04-20 02:00:00+00:00
[2026-04-20T18:02:17.701+0000] {processor.py:183} INFO - Processing /opt/airflow/dags/mlops_orchestration.py took 0.096 seconds
[2026-04-20T18:02:47.896+0000] {processor.py:161} INFO - Started process (PID=688) to work on /opt/airflow/dags/mlops_orchestration.py
[2026-04-20T18:02:47.897+0000] {processor.py:830} INFO - Processing file /opt/airflow/dags/mlops_orchestration.py for tasks to queue
[2026-04-20T18:02:47.898+0000] {logging_mixin.py:188} INFO - [2026-04-20T18:02:47.898+0000] {dagbag.py:545} INFO - Filling up the DagBag from /opt/airflow/dags/mlops_orchestration.py
[2026-04-20T18:02:47.917+0000] {processor.py:840} INFO - DAG(s) 'mlops_orchestration' retrieved from /opt/airflow/dags/mlops_orchestration.py
[2026-04-20T18:02:47.945+0000] {logging_mixin.py:188} INFO - [2026-04-20T18:02:47.945+0000] {dag.py:3096} INFO - Sync 1 DAGs
[2026-04-20T18:02:47.961+0000] {logging_mixin.py:188} INFO - [2026-04-20T18:02:47.961+0000] {dag.py:3954} INFO - Setting next_dagrun for mlops_orchestration to 2026-04-19 02:00:00+00:00, run_after=2026-04-20 02:00:00+00:00
[2026-04-20T18:02:47.983+0000] {processor.py:183} INFO - Processing /opt/airflow/dags/mlops_orchestration.py took 0.092 seconds
[2026-04-20T18:03:18.181+0000] {processor.py:161} INFO - Started process (PID=689) to work on /opt/airflow/dags/mlops_orchestration.py
[2026-04-20T18:03:18.182+0000] {processor.py:830} INFO - Processing file /opt/airflow/dags/mlops_orchestration.py for tasks to queue
[2026-04-20T18:03:18.184+0000] {logging_mixin.py:188} INFO - [2026-04-20T18:03:18.183+0000] {dagbag.py:545} INFO - Filling up the DagBag from /opt/airflow/dags/mlops_orchestration.py
[2026-04-20T18:03:18.208+0000] {processor.py:840} INFO - DAG(s) 'mlops_orchestration' retrieved from /opt/airflow/dags/mlops_orchestration.py
[2026-04-20T18:03:18.236+0000] {logging_mixin.py:188} INFO - [2026-04-20T18:03:18.236+0000] {dag.py:3096} INFO - Sync 1 DAGs
[2026-04-20T18:03:18.255+0000] {logging_mixin.py:188} INFO - [2026-04-20T18:03:18.255+0000] {dag.py:3954} INFO - Setting next_dagrun for mlops_orchestration to 2026-04-19 02:00:00+00:00, run_after=2026-04-20 02:00:00+00:00
[2026-04-20T18:03:18.277+0000] {processor.py:183} INFO - Processing /opt/airflow/dags/mlops_orchestration.py took 0.101 seconds
[2026-04-20T18:03:48.464+0000] {processor.py:161} INFO - Started process (PID=690) to work on /opt/airflow/dags/mlops_orchestration.py
[2026-04-20T18:03:48.466+0000] {processor.py:830} INFO - Processing file /opt/airflow/dags/mlops_orchestration.py for tasks to queue
[2026-04-20T18:03:48.467+0000] {logging_mixin.py:188} INFO - [2026-04-20T18:03:48.467+0000] {dagbag.py:545} INFO - Filling up the DagBag from /opt/airflow/dags/mlops_orchestration.py
[2026-04-20T18:03:48.486+0000] {processor.py:840} INFO - DAG(s) 'mlops_orchestration' retrieved from /opt/airflow/dags/mlops_orchestration.py
[2026-04-20T18:03:48.514+0000] {logging_mixin.py:188} INFO - [2026-04-20T18:03:48.514+0000] {dag.py:3096} INFO - Sync 1 DAGs
[2026-04-20T18:03:48.531+0000] {logging_mixin.py:188} INFO - [2026-04-20T18:03:48.531+0000] {dag.py:3954} INFO - Setting next_dagrun for mlops_orchestration to 2026-04-19 02:00:00+00:00, run_after=2026-04-20 02:00:00+00:00
[2026-04-20T18:03:48.551+0000] {processor.py:183} INFO - Processing /opt/airflow/dags/mlops_orchestration.py took 0.092 seconds
[2026-04-20T18:04:18.642+0000] {processor.py:161} INFO - Started process (PID=691) to work on /opt/airflow/dags/mlops_orchestration.py
[2026-04-20T18:04:18.643+0000] {processor.py:830} INFO - Processing file /opt/airflow/dags/mlops_orchestration.py for tasks to queue
[2026-04-20T18:04:18.645+0000] {logging_mixin.py:188} INFO - [2026-04-20T18:04:18.645+0000] {dagbag.py:545} INFO - Filling up the DagBag from /opt/airflow/dags/mlops_orchestration.py
[2026-04-20T18:04:18.665+0000] {processor.py:840} INFO - DAG(s) 'mlops_orchestration' retrieved from /opt/airflow/dags/mlops_orchestration.py
[2026-04-20T18:04:18.693+0000] {logging_mixin.py:188} INFO - [2026-04-20T18:04:18.693+0000] {dag.py:3096} INFO - Sync 1 DAGs
[2026-04-20T18:04:18.712+0000] {logging_mixin.py:188} INFO - [2026-04-20T18:04:18.712+0000] {dag.py:3954} INFO - Setting next_dagrun for mlops_orchestration to 2026-04-19 02:00:00+00:00, run_after=2026-04-20 02:00:00+00:00
[2026-04-20T18:04:18.734+0000] {processor.py:183} INFO - Processing /opt/airflow/dags/mlops_orchestration.py took 0.097 seconds
[2026-04-20T18:04:48.939+0000] {processor.py:161} INFO - Started process (PID=692) to work on /opt/airflow/dags/mlops_orchestration.py
[2026-04-20T18:04:48.940+0000] {processor.py:830} INFO - Processing file /opt/airflow/dags/mlops_orchestration.py for tasks to queue
[2026-04-20T18:04:48.942+0000] {logging_mixin.py:188} INFO - [2026-04-20T18:04:48.941+0000] {dagbag.py:545} INFO - Filling up the DagBag from /opt/airflow/dags/mlops_orchestration.py
[2026-04-20T18:04:48.964+0000] {processor.py:840} INFO - DAG(s) 'mlops_orchestration' retrieved from /opt/airflow/dags/mlops_orchestration.py
[2026-04-20T18:04:48.994+0000] {logging_mixin.py:188} INFO - [2026-04-20T18:04:48.994+0000] {dag.py:3096} INFO - Sync 1 DAGs
[2026-04-20T18:04:49.012+0000] {logging_mixin.py:188} INFO - [2026-04-20T18:04:49.012+0000] {dag.py:3954} INFO - Setting next_dagrun for mlops_orchestration to 2026-04-19 02:00:00+00:00, run_after=2026-04-20 02:00:00+00:00
[2026-04-20T18:04:49.032+0000] {processor.py:183} INFO - Processing /opt/airflow/dags/mlops_orchestration.py took 0.103 seconds
[2026-04-20T18:05:19.224+0000] {processor.py:161} INFO - Started process (PID=693) to work on /opt/airflow/dags/mlops_orchestration.py
[2026-04-20T18:05:19.225+0000] {processor.py:830} INFO - Processing file /opt/airflow/dags/mlops_orchestration.py for tasks to queue
[2026-04-20T18:05:19.227+0000] {logging_mixin.py:188} INFO - [2026-04-20T18:05:19.226+0000] {dagbag.py:545} INFO - Filling up the DagBag from /opt/airflow/dags/mlops_orchestration.py
[2026-04-20T18:05:19.245+0000] {processor.py:840} INFO - DAG(s) 'mlops_orchestration' retrieved from /opt/airflow/dags/mlops_orchestration.py
[2026-04-20T18:05:19.273+0000] {logging_mixin.py:188} INFO - [2026-04-20T18:05:19.273+0000] {dag.py:3096} INFO - Sync 1 DAGs
[2026-04-20T18:05:19.290+0000] {logging_mixin.py:188} INFO - [2026-04-20T18:05:19.289+0000] {dag.py:3954} INFO - Setting next_dagrun for mlops_orchestration to 2026-04-19 02:00:00+00:00, run_after=2026-04-20 02:00:00+00:00
[2026-04-20T18:05:19.310+0000] {processor.py:183} INFO - Processing /opt/airflow/dags/mlops_orchestration.py took 0.091 seconds
[2026-04-20T18:05:49.411+0000] {processor.py:161} INFO - Started process (PID=694) to work on /opt/airflow/dags/mlops_orchestration.py
[2026-04-20T18:05:49.412+0000] {processor.py:830} INFO - Processing file /opt/airflow/dags/mlops_orchestration.py for tasks to queue
[2026-04-20T18:05:49.413+0000] {logging_mixin.py:188} INFO - [2026-04-20T18:05:49.413+0000] {dagbag.py:545} INFO - Filling up the DagBag from /opt/airflow/dags/mlops_orchestration.py
[2026-04-20T18:05:49.432+0000] {processor.py:840} INFO - DAG(s) 'mlops_orchestration' retrieved from /opt/airflow/dags/mlops_orchestration.py
[2026-04-20T18:05:49.460+0000] {logging_mixin.py:188} INFO - [2026-04-20T18:05:49.460+0000] {dag.py:3096} INFO - Sync 1 DAGs
[2026-04-20T18:05:49.477+0000] {logging_mixin.py:188} INFO - [2026-04-20T18:05:49.477+0000] {dag.py:3954} INFO - Setting next_dagrun for mlops_orchestration to 2026-04-19 02:00:00+00:00, run_after=2026-04-20 02:00:00+00:00
[2026-04-20T18:05:49.498+0000] {processor.py:183} INFO - Processing /opt/airflow/dags/mlops_orchestration.py took 0.093 seconds
[2026-04-20T18:06:19.709+0000] {processor.py:161} INFO - Started process (PID=695) to work on /opt/airflow/dags/mlops_orchestration.py
[2026-04-20T18:06:19.710+0000] {processor.py:830} INFO - Processing file /opt/airflow/dags/mlops_orchestration.py for tasks to queue
[2026-04-20T18:06:19.712+0000] {logging_mixin.py:188} INFO - [2026-04-20T18:06:19.712+0000] {dagbag.py:545} INFO - Filling up the DagBag from /opt/airflow/dags/mlops_orchestration.py
[2026-04-20T18:06:19.738+0000] {processor.py:840} INFO - DAG(s) 'mlops_orchestration' retrieved from /opt/airflow/dags/mlops_orchestration.py
[2026-04-20T18:06:19.766+0000] {logging_mixin.py:188} INFO - [2026-04-20T18:06:19.766+0000] {dag.py:3096} INFO - Sync 1 DAGs
[2026-04-20T18:06:19.784+0000] {logging_mixin.py:188} INFO - [2026-04-20T18:06:19.784+0000] {dag.py:3954} INFO - Setting next_dagrun for mlops_orchestration to 2026-04-19 02:00:00+00:00, run_after=2026-04-20 02:00:00+00:00
[2026-04-20T18:06:19.807+0000] {processor.py:183} INFO - Processing /opt/airflow/dags/mlops_orchestration.py took 0.103 seconds
[2026-04-20T18:06:49.997+0000] {processor.py:161} INFO - Started process (PID=696) to work on /opt/airflow/dags/mlops_orchestration.py
[2026-04-20T18:06:49.998+0000] {processor.py:830} INFO - Processing file /opt/airflow/dags/mlops_orchestration.py for tasks to queue
[2026-04-20T18:06:50.000+0000] {logging_mixin.py:188} INFO - [2026-04-20T18:06:49.999+0000] {dagbag.py:545} INFO - Filling up the DagBag from /opt/airflow/dags/mlops_orchestration.py
[2026-04-20T18:06:50.018+0000] {processor.py:840} INFO - DAG(s) 'mlops_orchestration' retrieved from /opt/airflow/dags/mlops_orchestration.py
[2026-04-20T18:06:50.046+0000] {logging_mixin.py:188} INFO - [2026-04-20T18:06:50.046+0000] {dag.py:3096} INFO - Sync 1 DAGs
[2026-04-20T18:06:50.064+0000] {logging_mixin.py:188} INFO - [2026-04-20T18:06:50.063+0000] {dag.py:3954} INFO - Setting next_dagrun for mlops_orchestration to 2026-04-19 02:00:00+00:00, run_after=2026-04-20 02:00:00+00:00
[2026-04-20T18:06:50.082+0000] {processor.py:183} INFO - Processing /opt/airflow/dags/mlops_orchestration.py took 0.090 seconds
[2026-04-20T18:07:20.189+0000] {processor.py:161} INFO - Started process (PID=697) to work on /opt/airflow/dags/mlops_orchestration.py
[2026-04-20T18:07:20.190+0000] {processor.py:830} INFO - Processing file /opt/airflow/dags/mlops_orchestration.py for tasks to queue
[2026-04-20T18:07:20.192+0000] {logging_mixin.py:188} INFO - [2026-04-20T18:07:20.192+0000] {dagbag.py:545} INFO - Filling up the DagBag from /opt/airflow/dags/mlops_orchestration.py
[2026-04-20T18:07:20.211+0000] {processor.py:840} INFO - DAG(s) 'mlops_orchestration' retrieved from /opt/airflow/dags/mlops_orchestration.py
[2026-04-20T18:07:20.239+0000] {logging_mixin.py:188} INFO - [2026-04-20T18:07:20.238+0000] {dag.py:3096} INFO - Sync 1 DAGs
[2026-04-20T18:07:20.256+0000] {logging_mixin.py:188} INFO - [2026-04-20T18:07:20.256+0000] {dag.py:3954} INFO - Setting next_dagrun for mlops_orchestration to 2026-04-19 02:00:00+00:00, run_after=2026-04-20 02:00:00+00:00
[2026-04-20T18:07:20.274+0000] {processor.py:183} INFO - Processing /opt/airflow/dags/mlops_orchestration.py took 0.092 seconds
[2026-04-20T18:07:50.479+0000] {processor.py:161} INFO - Started process (PID=698) to work on /opt/airflow/dags/mlops_orchestration.py
[2026-04-20T18:07:50.480+0000] {processor.py:830} INFO - Processing file /opt/airflow/dags/mlops_orchestration.py for tasks to queue
[2026-04-20T18:07:50.483+0000] {logging_mixin.py:188} INFO - [2026-04-20T18:07:50.482+0000] {dagbag.py:545} INFO - Filling up the DagBag from /opt/airflow/dags/mlops_orchestration.py
[2026-04-20T18:07:50.504+0000] {processor.py:840} INFO - DAG(s) 'mlops_orchestration' retrieved from /opt/airflow/dags/mlops_orchestration.py
[2026-04-20T18:07:50.534+0000] {logging_mixin.py:188} INFO - [2026-04-20T18:07:50.534+0000] {dag.py:3096} INFO - Sync 1 DAGs
[2026-04-20T18:07:50.550+0000] {logging_mixin.py:188} INFO - [2026-04-20T18:07:50.550+0000] {dag.py:3954} INFO - Setting next_dagrun for mlops_orchestration to 2026-04-19 02:00:00+00:00, run_after=2026-04-20 02:00:00+00:00
[2026-04-20T18:07:50.573+0000] {processor.py:183} INFO - Processing /opt/airflow/dags/mlops_orchestration.py took 0.100 seconds
[2026-04-20T18:08:20.762+0000] {processor.py:161} INFO - Started process (PID=699) to work on /opt/airflow/dags/mlops_orchestration.py
[2026-04-20T18:08:20.763+0000] {processor.py:830} INFO - Processing file /opt/airflow/dags/mlops_orchestration.py for tasks to queue
[2026-04-20T18:08:20.765+0000] {logging_mixin.py:188} INFO - [2026-04-20T18:08:20.764+0000] {dagbag.py:545} INFO - Filling up the DagBag from /opt/airflow/dags/mlops_orchestration.py
[2026-04-20T18:08:20.784+0000] {processor.py:840} INFO - DAG(s) 'mlops_orchestration' retrieved from /opt/airflow/dags/mlops_orchestration.py
[2026-04-20T18:08:20.812+0000] {logging_mixin.py:188} INFO - [2026-04-20T18:08:20.812+0000] {dag.py:3096} INFO - Sync 1 DAGs
[2026-04-20T18:08:20.828+0000] {logging_mixin.py:188} INFO - [2026-04-20T18:08:20.828+0000] {dag.py:3954} INFO - Setting next_dagrun for mlops_orchestration to 2026-04-19 02:00:00+00:00, run_after=2026-04-20 02:00:00+00:00
[2026-04-20T18:08:20.847+0000] {processor.py:183} INFO - Processing /opt/airflow/dags/mlops_orchestration.py took 0.091 seconds
[2026-04-20T18:08:51.047+0000] {processor.py:161} INFO - Started process (PID=700) to work on /opt/airflow/dags/mlops_orchestration.py
[2026-04-20T18:08:51.049+0000] {processor.py:830} INFO - Processing file /opt/airflow/dags/mlops_orchestration.py for tasks to queue
[2026-04-20T18:08:51.050+0000] {logging_mixin.py:188} INFO - [2026-04-20T18:08:51.050+0000] {dagbag.py:545} INFO - Filling up the DagBag from /opt/airflow/dags/mlops_orchestration.py
[2026-04-20T18:08:51.069+0000] {processor.py:840} INFO - DAG(s) 'mlops_orchestration' retrieved from /opt/airflow/dags/mlops_orchestration.py
[2026-04-20T18:08:51.096+0000] {logging_mixin.py:188} INFO - [2026-04-20T18:08:51.096+0000] {dag.py:3096} INFO - Sync 1 DAGs
[2026-04-20T18:08:51.113+0000] {logging_mixin.py:188} INFO - [2026-04-20T18:08:51.112+0000] {dag.py:3954} INFO - Setting next_dagrun for mlops_orchestration to 2026-04-19 02:00:00+00:00, run_after=2026-04-20 02:00:00+00:00
[2026-04-20T18:08:51.130+0000] {processor.py:183} INFO - Processing /opt/airflow/dags/mlops_orchestration.py took 0.087 seconds
[2026-04-20T18:09:21.241+0000] {processor.py:161} INFO - Started process (PID=702) to work on /opt/airflow/dags/mlops_orchestration.py
[2026-04-20T18:09:21.244+0000] {processor.py:830} INFO - Processing file /opt/airflow/dags/mlops_orchestration.py for tasks to queue
[2026-04-20T18:09:21.253+0000] {logging_mixin.py:188} INFO - [2026-04-20T18:09:21.252+0000] {dagbag.py:545} INFO - Filling up the DagBag from /opt/airflow/dags/mlops_orchestration.py
[2026-04-20T18:09:21.290+0000] {processor.py:840} INFO - DAG(s) 'mlops_orchestration' retrieved from /opt/airflow/dags/mlops_orchestration.py
[2026-04-20T18:09:21.449+0000] {logging_mixin.py:188} INFO - [2026-04-20T18:09:21.449+0000] {dag.py:3096} INFO - Sync 1 DAGs
[2026-04-20T18:09:21.576+0000] {logging_mixin.py:188} INFO - [2026-04-20T18:09:21.576+0000] {dag.py:3954} INFO - Setting next_dagrun for mlops_orchestration to 2026-04-19 02:00:00+00:00, run_after=2026-04-20 02:00:00+00:00
[2026-04-20T18:09:21.652+0000] {processor.py:183} INFO - Processing /opt/airflow/dags/mlops_orchestration.py took 0.421 seconds
[2026-04-20T18:09:51.827+0000] {processor.py:161} INFO - Started process (PID=703) to work on /opt/airflow/dags/mlops_orchestration.py
[2026-04-20T18:09:51.828+0000] {processor.py:830} INFO - Processing file /opt/airflow/dags/mlops_orchestration.py for tasks to queue
[2026-04-20T18:09:51.830+0000] {logging_mixin.py:188} INFO - [2026-04-20T18:09:51.829+0000] {dagbag.py:545} INFO - Filling up the DagBag from /opt/airflow/dags/mlops_orchestration.py
[2026-04-20T18:09:51.852+0000] {processor.py:840} INFO - DAG(s) 'mlops_orchestration' retrieved from /opt/airflow/dags/mlops_orchestration.py
[2026-04-20T18:09:51.880+0000] {logging_mixin.py:188} INFO - [2026-04-20T18:09:51.880+0000] {dag.py:3096} INFO - Sync 1 DAGs
[2026-04-20T18:09:51.898+0000] {logging_mixin.py:188} INFO - [2026-04-20T18:09:51.897+0000] {dag.py:3954} INFO - Setting next_dagrun for mlops_orchestration to 2026-04-19 02:00:00+00:00, run_after=2026-04-20 02:00:00+00:00
[2026-04-20T18:09:51.917+0000] {processor.py:183} INFO - Processing /opt/airflow/dags/mlops_orchestration.py took 0.097 seconds
[2026-04-20T18:10:22.117+0000] {processor.py:161} INFO - Started process (PID=704) to work on /opt/airflow/dags/mlops_orchestration.py
[2026-04-20T18:10:22.118+0000] {processor.py:830} INFO - Processing file /opt/airflow/dags/mlops_orchestration.py for tasks to queue
[2026-04-20T18:10:22.121+0000] {logging_mixin.py:188} INFO - [2026-04-20T18:10:22.120+0000] {dagbag.py:545} INFO - Filling up the DagBag from /opt/airflow/dags/mlops_orchestration.py
[2026-04-20T18:10:22.168+0000] {processor.py:840} INFO - DAG(s) 'mlops_orchestration' retrieved from /opt/airflow/dags/mlops_orchestration.py
[2026-04-20T18:10:22.217+0000] {logging_mixin.py:188} INFO - [2026-04-20T18:10:22.217+0000] {dag.py:3096} INFO - Sync 1 DAGs
[2026-04-20T18:10:22.235+0000] {logging_mixin.py:188} INFO - [2026-04-20T18:10:22.234+0000] {dag.py:3954} INFO - Setting next_dagrun for mlops_orchestration to 2026-04-19 02:00:00+00:00, run_after=2026-04-20 02:00:00+00:00
[2026-04-20T18:10:22.255+0000] {processor.py:183} INFO - Processing /opt/airflow/dags/mlops_orchestration.py took 0.152 seconds
[2026-04-20T18:10:52.397+0000] {processor.py:161} INFO - Started process (PID=705) to work on /opt/airflow/dags/mlops_orchestration.py
[2026-04-20T18:10:52.399+0000] {processor.py:830} INFO - Processing file /opt/airflow/dags/mlops_orchestration.py for tasks to queue
[2026-04-20T18:10:52.401+0000] {logging_mixin.py:188} INFO - [2026-04-20T18:10:52.401+0000] {dagbag.py:545} INFO - Filling up the DagBag from /opt/airflow/dags/mlops_orchestration.py
[2026-04-20T18:10:52.427+0000] {processor.py:840} INFO - DAG(s) 'mlops_orchestration' retrieved from /opt/airflow/dags/mlops_orchestration.py
[2026-04-20T18:10:52.461+0000] {logging_mixin.py:188} INFO - [2026-04-20T18:10:52.461+0000] {dag.py:3096} INFO - Sync 1 DAGs
[2026-04-20T18:10:52.481+0000] {logging_mixin.py:188} INFO - [2026-04-20T18:10:52.481+0000] {dag.py:3954} INFO - Setting next_dagrun for mlops_orchestration to 2026-04-19 02:00:00+00:00, run_after=2026-04-20 02:00:00+00:00
[2026-04-20T18:10:52.507+0000] {processor.py:183} INFO - Processing /opt/airflow/dags/mlops_orchestration.py took 0.118 seconds
[2026-04-20T18:11:22.683+0000] {processor.py:161} INFO - Started process (PID=706) to work on /opt/airflow/dags/mlops_orchestration.py
[2026-04-20T18:11:22.684+0000] {processor.py:830} INFO - Processing file /opt/airflow/dags/mlops_orchestration.py for tasks to queue
[2026-04-20T18:11:22.685+0000] {logging_mixin.py:188} INFO - [2026-04-20T18:11:22.685+0000] {dagbag.py:545} INFO - Filling up the DagBag from /opt/airflow/dags/mlops_orchestration.py
[2026-04-20T18:11:22.707+0000] {processor.py:840} INFO - DAG(s) 'mlops_orchestration' retrieved from /opt/airflow/dags/mlops_orchestration.py
[2026-04-20T18:11:22.735+0000] {logging_mixin.py:188} INFO - [2026-04-20T18:11:22.735+0000] {dag.py:3096} INFO - Sync 1 DAGs
[2026-04-20T18:11:22.752+0000] {logging_mixin.py:188} INFO - [2026-04-20T18:11:22.752+0000] {dag.py:3954} INFO - Setting next_dagrun for mlops_orchestration to 2026-04-19 02:00:00+00:00, run_after=2026-04-20 02:00:00+00:00
[2026-04-20T18:11:22.774+0000] {processor.py:183} INFO - Processing /opt/airflow/dags/mlops_orchestration.py took 0.096 seconds
[2026-04-20T18:11:52.994+0000] {processor.py:161} INFO - Started process (PID=707) to work on /opt/airflow/dags/mlops_orchestration.py
[2026-04-20T18:11:52.995+0000] {processor.py:830} INFO - Processing file /opt/airflow/dags/mlops_orchestration.py for tasks to queue
[2026-04-20T18:11:52.997+0000] {logging_mixin.py:188} INFO - [2026-04-20T18:11:52.996+0000] {dagbag.py:545} INFO - Filling up the DagBag from /opt/airflow/dags/mlops_orchestration.py
[2026-04-20T18:11:53.015+0000] {processor.py:840} INFO - DAG(s) 'mlops_orchestration' retrieved from /opt/airflow/dags/mlops_orchestration.py
[2026-04-20T18:11:53.043+0000] {logging_mixin.py:188} INFO - [2026-04-20T18:11:53.042+0000] {dag.py:3096} INFO - Sync 1 DAGs
[2026-04-20T18:11:53.059+0000] {logging_mixin.py:188} INFO - [2026-04-20T18:11:53.059+0000] {dag.py:3954} INFO - Setting next_dagrun for mlops_orchestration to 2026-04-19 02:00:00+00:00, run_after=2026-04-20 02:00:00+00:00
[2026-04-20T18:11:53.080+0000] {processor.py:183} INFO - Processing /opt/airflow/dags/mlops_orchestration.py took 0.091 seconds
[2026-04-20T18:12:23.181+0000] {processor.py:161} INFO - Started process (PID=708) to work on /opt/airflow/dags/mlops_orchestration.py
[2026-04-20T18:12:23.182+0000] {processor.py:830} INFO - Processing file /opt/airflow/dags/mlops_orchestration.py for tasks to queue
[2026-04-20T18:12:23.184+0000] {logging_mixin.py:188} INFO - [2026-04-20T18:12:23.184+0000] {dagbag.py:545} INFO - Filling up the DagBag from /opt/airflow/dags/mlops_orchestration.py
[2026-04-20T18:12:23.202+0000] {processor.py:840} INFO - DAG(s) 'mlops_orchestration' retrieved from /opt/airflow/dags/mlops_orchestration.py
[2026-04-20T18:12:23.230+0000] {logging_mixin.py:188} INFO - [2026-04-20T18:12:23.230+0000] {dag.py:3096} INFO - Sync 1 DAGs
[2026-04-20T18:12:23.247+0000] {logging_mixin.py:188} INFO - [2026-04-20T18:12:23.246+0000] {dag.py:3954} INFO - Setting next_dagrun for mlops_orchestration to 2026-04-19 02:00:00+00:00, run_after=2026-04-20 02:00:00+00:00
[2026-04-20T18:12:23.267+0000] {processor.py:183} INFO - Processing /opt/airflow/dags/mlops_orchestration.py took 0.091 seconds
[2026-04-20T18:12:53.376+0000] {processor.py:161} INFO - Started process (PID=709) to work on /opt/airflow/dags/mlops_orchestration.py
[2026-04-20T18:12:53.377+0000] {processor.py:830} INFO - Processing file /opt/airflow/dags/mlops_orchestration.py for tasks to queue
[2026-04-20T18:12:53.379+0000] {logging_mixin.py:188} INFO - [2026-04-20T18:12:53.379+0000] {dagbag.py:545} INFO - Filling up the DagBag from /opt/airflow/dags/mlops_orchestration.py
[2026-04-20T18:12:53.399+0000] {processor.py:840} INFO - DAG(s) 'mlops_orchestration' retrieved from /opt/airflow/dags/mlops_orchestration.py
[2026-04-20T18:12:53.427+0000] {logging_mixin.py:188} INFO - [2026-04-20T18:12:53.427+0000] {dag.py:3096} INFO - Sync 1 DAGs
[2026-04-20T18:12:53.444+0000] {logging_mixin.py:188} INFO - [2026-04-20T18:12:53.444+0000] {dag.py:3954} INFO - Setting next_dagrun for mlops_orchestration to 2026-04-19 02:00:00+00:00, run_after=2026-04-20 02:00:00+00:00
[2026-04-20T18:12:53.463+0000] {processor.py:183} INFO - Processing /opt/airflow/dags/mlops_orchestration.py took 0.092 seconds
[2026-04-20T18:13:23.567+0000] {processor.py:161} INFO - Started process (PID=710) to work on /opt/airflow/dags/mlops_orchestration.py
[2026-04-20T18:13:23.568+0000] {processor.py:830} INFO - Processing file /opt/airflow/dags/mlops_orchestration.py for tasks to queue
[2026-04-20T18:13:23.570+0000] {logging_mixin.py:188} INFO - [2026-04-20T18:13:23.570+0000] {dagbag.py:545} INFO - Filling up the DagBag from /opt/airflow/dags/mlops_orchestration.py
[2026-04-20T18:13:23.591+0000] {processor.py:840} INFO - DAG(s) 'mlops_orchestration' retrieved from /opt/airflow/dags/mlops_orchestration.py
[2026-04-20T18:13:23.620+0000] {logging_mixin.py:188} INFO - [2026-04-20T18:13:23.620+0000] {dag.py:3096} INFO - Sync 1 DAGs
[2026-04-20T18:13:23.638+0000] {logging_mixin.py:188} INFO - [2026-04-20T18:13:23.638+0000] {dag.py:3954} INFO - Setting next_dagrun for mlops_orchestration to 2026-04-19 02:00:00+00:00, run_after=2026-04-20 02:00:00+00:00
[2026-04-20T18:13:23.659+0000] {processor.py:183} INFO - Processing /opt/airflow/dags/mlops_orchestration.py took 0.097 seconds
[2026-04-20T18:13:53.840+0000] {processor.py:161} INFO - Started process (PID=711) to work on /opt/airflow/dags/mlops_orchestration.py
[2026-04-20T18:13:53.841+0000] {processor.py:830} INFO - Processing file /opt/airflow/dags/mlops_orchestration.py for tasks to queue
[2026-04-20T18:13:53.843+0000] {logging_mixin.py:188} INFO - [2026-04-20T18:13:53.843+0000] {dagbag.py:545} INFO - Filling up the DagBag from /opt/airflow/dags/mlops_orchestration.py
[2026-04-20T18:13:53.861+0000] {processor.py:840} INFO - DAG(s) 'mlops_orchestration' retrieved from /opt/airflow/dags/mlops_orchestration.py
[2026-04-20T18:13:53.889+0000] {logging_mixin.py:188} INFO - [2026-04-20T18:13:53.889+0000] {dag.py:3096} INFO - Sync 1 DAGs
[2026-04-20T18:13:53.905+0000] {logging_mixin.py:188} INFO - [2026-04-20T18:13:53.905+0000] {dag.py:3954} INFO - Setting next_dagrun for mlops_orchestration to 2026-04-19 02:00:00+00:00, run_after=2026-04-20 02:00:00+00:00
[2026-04-20T18:13:53.927+0000] {processor.py:183} INFO - Processing /opt/airflow/dags/mlops_orchestration.py took 0.091 seconds
[2026-04-20T18:14:24.027+0000] {processor.py:161} INFO - Started process (PID=712) to work on /opt/airflow/dags/mlops_orchestration.py
[2026-04-20T18:14:24.028+0000] {processor.py:830} INFO - Processing file /opt/airflow/dags/mlops_orchestration.py for tasks to queue
[2026-04-20T18:14:24.030+0000] {logging_mixin.py:188} INFO - [2026-04-20T18:14:24.029+0000] {dagbag.py:545} INFO - Filling up the DagBag from /opt/airflow/dags/mlops_orchestration.py
[2026-04-20T18:14:24.048+0000] {processor.py:840} INFO - DAG(s) 'mlops_orchestration' retrieved from /opt/airflow/dags/mlops_orchestration.py
[2026-04-20T18:14:24.077+0000] {logging_mixin.py:188} INFO - [2026-04-20T18:14:24.076+0000] {dag.py:3096} INFO - Sync 1 DAGs
[2026-04-20T18:14:24.093+0000] {logging_mixin.py:188} INFO - [2026-04-20T18:14:24.093+0000] {dag.py:3954} INFO - Setting next_dagrun for mlops_orchestration to 2026-04-19 02:00:00+00:00, run_after=2026-04-20 02:00:00+00:00
[2026-04-20T18:14:24.111+0000] {processor.py:183} INFO - Processing /opt/airflow/dags/mlops_orchestration.py took 0.089 seconds
[2026-04-20T18:14:54.225+0000] {processor.py:161} INFO - Started process (PID=713) to work on /opt/airflow/dags/mlops_orchestration.py
[2026-04-20T18:14:54.227+0000] {processor.py:830} INFO - Processing file /opt/airflow/dags/mlops_orchestration.py for tasks to queue
[2026-04-20T18:14:54.229+0000] {logging_mixin.py:188} INFO - [2026-04-20T18:14:54.228+0000] {dagbag.py:545} INFO - Filling up the DagBag from /opt/airflow/dags/mlops_orchestration.py
[2026-04-20T18:14:54.249+0000] {processor.py:840} INFO - DAG(s) 'mlops_orchestration' retrieved from /opt/airflow/dags/mlops_orchestration.py
[2026-04-20T18:14:54.278+0000] {logging_mixin.py:188} INFO - [2026-04-20T18:14:54.278+0000] {dag.py:3096} INFO - Sync 1 DAGs
[2026-04-20T18:14:54.295+0000] {logging_mixin.py:188} INFO - [2026-04-20T18:14:54.295+0000] {dag.py:3954} INFO - Setting next_dagrun for mlops_orchestration to 2026-04-19 02:00:00+00:00, run_after=2026-04-20 02:00:00+00:00
[2026-04-20T18:14:54.316+0000] {processor.py:183} INFO - Processing /opt/airflow/dags/mlops_orchestration.py took 0.095 seconds
[2026-04-20T18:15:24.506+0000] {processor.py:161} INFO - Started process (PID=714) to work on /opt/airflow/dags/mlops_orchestration.py
[2026-04-20T18:15:24.507+0000] {processor.py:830} INFO - Processing file /opt/airflow/dags/mlops_orchestration.py for tasks to queue
[2026-04-20T18:15:24.509+0000] {logging_mixin.py:188} INFO - [2026-04-20T18:15:24.509+0000] {dagbag.py:545} INFO - Filling up the DagBag from /opt/airflow/dags/mlops_orchestration.py
[2026-04-20T18:15:24.529+0000] {processor.py:840} INFO - DAG(s) 'mlops_orchestration' retrieved from /opt/airflow/dags/mlops_orchestration.py
[2026-04-20T18:15:24.559+0000] {logging_mixin.py:188} INFO - [2026-04-20T18:15:24.559+0000] {dag.py:3096} INFO - Sync 1 DAGs
[2026-04-20T18:15:24.577+0000] {logging_mixin.py:188} INFO - [2026-04-20T18:15:24.577+0000] {dag.py:3954} INFO - Setting next_dagrun for mlops_orchestration to 2026-04-19 02:00:00+00:00, run_after=2026-04-20 02:00:00+00:00
[2026-04-20T18:15:24.601+0000] {processor.py:183} INFO - Processing /opt/airflow/dags/mlops_orchestration.py took 0.101 seconds
[2026-04-20T18:15:54.789+0000] {processor.py:161} INFO - Started process (PID=715) to work on /opt/airflow/dags/mlops_orchestration.py
[2026-04-20T18:15:54.790+0000] {processor.py:830} INFO - Processing file /opt/airflow/dags/mlops_orchestration.py for tasks to queue
[2026-04-20T18:15:54.792+0000] {logging_mixin.py:188} INFO - [2026-04-20T18:15:54.791+0000] {dagbag.py:545} INFO - Filling up the DagBag from /opt/airflow/dags/mlops_orchestration.py
[2026-04-20T18:15:54.810+0000] {processor.py:840} INFO - DAG(s) 'mlops_orchestration' retrieved from /opt/airflow/dags/mlops_orchestration.py
[2026-04-20T18:15:54.837+0000] {logging_mixin.py:188} INFO - [2026-04-20T18:15:54.836+0000] {dag.py:3096} INFO - Sync 1 DAGs
[2026-04-20T18:15:54.854+0000] {logging_mixin.py:188} INFO - [2026-04-20T18:15:54.854+0000] {dag.py:3954} INFO - Setting next_dagrun for mlops_orchestration to 2026-04-19 02:00:00+00:00, run_after=2026-04-20 02:00:00+00:00
[2026-04-20T18:15:54.877+0000] {processor.py:183} INFO - Processing /opt/airflow/dags/mlops_orchestration.py took 0.094 seconds
[2026-04-20T18:16:25.081+0000] {processor.py:161} INFO - Started process (PID=716) to work on /opt/airflow/dags/mlops_orchestration.py
[2026-04-20T18:16:25.082+0000] {processor.py:830} INFO - Processing file /opt/airflow/dags/mlops_orchestration.py for tasks to queue
[2026-04-20T18:16:25.084+0000] {logging_mixin.py:188} INFO - [2026-04-20T18:16:25.084+0000] {dagbag.py:545} INFO - Filling up the DagBag from /opt/airflow/dags/mlops_orchestration.py
[2026-04-20T18:16:25.106+0000] {processor.py:840} INFO - DAG(s) 'mlops_orchestration' retrieved from /opt/airflow/dags/mlops_orchestration.py
[2026-04-20T18:16:25.136+0000] {logging_mixin.py:188} INFO - [2026-04-20T18:16:25.136+0000] {dag.py:3096} INFO - Sync 1 DAGs
[2026-04-20T18:16:25.154+0000] {logging_mixin.py:188} INFO - [2026-04-20T18:16:25.154+0000] {dag.py:3954} INFO - Setting next_dagrun for mlops_orchestration to 2026-04-19 02:00:00+00:00, run_after=2026-04-20 02:00:00+00:00
[2026-04-20T18:16:25.176+0000] {processor.py:183} INFO - Processing /opt/airflow/dags/mlops_orchestration.py took 0.100 seconds
[2026-04-20T18:16:55.362+0000] {processor.py:161} INFO - Started process (PID=717) to work on /opt/airflow/dags/mlops_orchestration.py
[2026-04-20T18:16:55.363+0000] {processor.py:830} INFO - Processing file /opt/airflow/dags/mlops_orchestration.py for tasks to queue
[2026-04-20T18:16:55.365+0000] {logging_mixin.py:188} INFO - [2026-04-20T18:16:55.364+0000] {dagbag.py:545} INFO - Filling up the DagBag from /opt/airflow/dags/mlops_orchestration.py
[2026-04-20T18:16:55.384+0000] {processor.py:840} INFO - DAG(s) 'mlops_orchestration' retrieved from /opt/airflow/dags/mlops_orchestration.py
[2026-04-20T18:16:55.413+0000] {logging_mixin.py:188} INFO - [2026-04-20T18:16:55.412+0000] {dag.py:3096} INFO - Sync 1 DAGs
[2026-04-20T18:16:55.429+0000] {logging_mixin.py:188} INFO - [2026-04-20T18:16:55.429+0000] {dag.py:3954} INFO - Setting next_dagrun for mlops_orchestration to 2026-04-19 02:00:00+00:00, run_after=2026-04-20 02:00:00+00:00
[2026-04-20T18:16:55.451+0000] {processor.py:183} INFO - Processing /opt/airflow/dags/mlops_orchestration.py took 0.094 seconds
[2026-04-20T18:17:25.650+0000] {processor.py:161} INFO - Started process (PID=718) to work on /opt/airflow/dags/mlops_orchestration.py
[2026-04-20T18:17:25.651+0000] {processor.py:830} INFO - Processing file /opt/airflow/dags/mlops_orchestration.py for tasks to queue
[2026-04-20T18:17:25.653+0000] {logging_mixin.py:188} INFO - [2026-04-20T18:17:25.653+0000] {dagbag.py:545} INFO - Filling up the DagBag from /opt/airflow/dags/mlops_orchestration.py
[2026-04-20T18:17:25.671+0000] {processor.py:840} INFO - DAG(s) 'mlops_orchestration' retrieved from /opt/airflow/dags/mlops_orchestration.py
[2026-04-20T18:17:25.699+0000] {logging_mixin.py:188} INFO - [2026-04-20T18:17:25.698+0000] {dag.py:3096} INFO - Sync 1 DAGs
[2026-04-20T18:17:25.715+0000] {logging_mixin.py:188} INFO - [2026-04-20T18:17:25.715+0000] {dag.py:3954} INFO - Setting next_dagrun for mlops_orchestration to 2026-04-19 02:00:00+00:00, run_after=2026-04-20 02:00:00+00:00
[2026-04-20T18:17:25.736+0000] {processor.py:183} INFO - Processing /opt/airflow/dags/mlops_orchestration.py took 0.091 seconds
[2026-04-20T18:17:55.841+0000] {processor.py:161} INFO - Started process (PID=719) to work on /opt/airflow/dags/mlops_orchestration.py
[2026-04-20T18:17:55.842+0000] {processor.py:830} INFO - Processing file /opt/airflow/dags/mlops_orchestration.py for tasks to queue
[2026-04-20T18:17:55.844+0000] {logging_mixin.py:188} INFO - [2026-04-20T18:17:55.844+0000] {dagbag.py:545} INFO - Filling up the DagBag from /opt/airflow/dags/mlops_orchestration.py
[2026-04-20T18:17:55.867+0000] {processor.py:840} INFO - DAG(s) 'mlops_orchestration' retrieved from /opt/airflow/dags/mlops_orchestration.py
[2026-04-20T18:17:55.896+0000] {logging_mixin.py:188} INFO - [2026-04-20T18:17:55.896+0000] {dag.py:3096} INFO - Sync 1 DAGs
[2026-04-20T18:17:55.913+0000] {logging_mixin.py:188} INFO - [2026-04-20T18:17:55.912+0000] {dag.py:3954} INFO - Setting next_dagrun for mlops_orchestration to 2026-04-19 02:00:00+00:00, run_after=2026-04-20 02:00:00+00:00
[2026-04-20T18:17:55.935+0000] {processor.py:183} INFO - Processing /opt/airflow/dags/mlops_orchestration.py took 0.102 seconds
[2026-04-20T18:18:26.122+0000] {processor.py:161} INFO - Started process (PID=720) to work on /opt/airflow/dags/mlops_orchestration.py
[2026-04-20T18:18:26.123+0000] {processor.py:830} INFO - Processing file /opt/airflow/dags/mlops_orchestration.py for tasks to queue
[2026-04-20T18:18:26.125+0000] {logging_mixin.py:188} INFO - [2026-04-20T18:18:26.125+0000] {dagbag.py:545} INFO - Filling up the DagBag from /opt/airflow/dags/mlops_orchestration.py
[2026-04-20T18:18:26.143+0000] {processor.py:840} INFO - DAG(s) 'mlops_orchestration' retrieved from /opt/airflow/dags/mlops_orchestration.py
[2026-04-20T18:18:26.171+0000] {logging_mixin.py:188} INFO - [2026-04-20T18:18:26.171+0000] {dag.py:3096} INFO - Sync 1 DAGs
[2026-04-20T18:18:26.187+0000] {logging_mixin.py:188} INFO - [2026-04-20T18:18:26.187+0000] {dag.py:3954} INFO - Setting next_dagrun for mlops_orchestration to 2026-04-19 02:00:00+00:00, run_after=2026-04-20 02:00:00+00:00
[2026-04-20T18:18:26.210+0000] {processor.py:183} INFO - Processing /opt/airflow/dags/mlops_orchestration.py took 0.093 seconds
[2026-04-20T18:18:56.398+0000] {processor.py:161} INFO - Started process (PID=721) to work on /opt/airflow/dags/mlops_orchestration.py
[2026-04-20T18:18:56.399+0000] {processor.py:830} INFO - Processing file /opt/airflow/dags/mlops_orchestration.py for tasks to queue
[2026-04-20T18:18:56.401+0000] {logging_mixin.py:188} INFO - [2026-04-20T18:18:56.400+0000] {dagbag.py:545} INFO - Filling up the DagBag from /opt/airflow/dags/mlops_orchestration.py
[2026-04-20T18:18:56.420+0000] {processor.py:840} INFO - DAG(s) 'mlops_orchestration' retrieved from /opt/airflow/dags/mlops_orchestration.py
[2026-04-20T18:18:56.449+0000] {logging_mixin.py:188} INFO - [2026-04-20T18:18:56.449+0000] {dag.py:3096} INFO - Sync 1 DAGs
[2026-04-20T18:18:56.468+0000] {logging_mixin.py:188} INFO - [2026-04-20T18:18:56.468+0000] {dag.py:3954} INFO - Setting next_dagrun for mlops_orchestration to 2026-04-19 02:00:00+00:00, run_after=2026-04-20 02:00:00+00:00
[2026-04-20T18:18:56.492+0000] {processor.py:183} INFO - Processing /opt/airflow/dags/mlops_orchestration.py took 0.100 seconds
[2026-04-20T18:19:26.700+0000] {processor.py:161} INFO - Started process (PID=722) to work on /opt/airflow/dags/mlops_orchestration.py
[2026-04-20T18:19:26.701+0000] {processor.py:830} INFO - Processing file /opt/airflow/dags/mlops_orchestration.py for tasks to queue
[2026-04-20T18:19:26.703+0000] {logging_mixin.py:188} INFO - [2026-04-20T18:19:26.703+0000] {dagbag.py:545} INFO - Filling up the DagBag from /opt/airflow/dags/mlops_orchestration.py
[2026-04-20T18:19:26.728+0000] {processor.py:840} INFO - DAG(s) 'mlops_orchestration' retrieved from /opt/airflow/dags/mlops_orchestration.py
[2026-04-20T18:19:26.757+0000] {logging_mixin.py:188} INFO - [2026-04-20T18:19:26.757+0000] {dag.py:3096} INFO - Sync 1 DAGs
[2026-04-20T18:19:26.777+0000] {logging_mixin.py:188} INFO - [2026-04-20T18:19:26.776+0000] {dag.py:3954} INFO - Setting next_dagrun for mlops_orchestration to 2026-04-19 02:00:00+00:00, run_after=2026-04-20 02:00:00+00:00
[2026-04-20T18:19:26.798+0000] {processor.py:183} INFO - Processing /opt/airflow/dags/mlops_orchestration.py took 0.105 seconds
[2026-04-20T18:19:56.986+0000] {processor.py:161} INFO - Started process (PID=723) to work on /opt/airflow/dags/mlops_orchestration.py
[2026-04-20T18:19:56.987+0000] {processor.py:830} INFO - Processing file /opt/airflow/dags/mlops_orchestration.py for tasks to queue
[2026-04-20T18:19:56.989+0000] {logging_mixin.py:188} INFO - [2026-04-20T18:19:56.988+0000] {dagbag.py:545} INFO - Filling up the DagBag from /opt/airflow/dags/mlops_orchestration.py
[2026-04-20T18:19:57.007+0000] {processor.py:840} INFO - DAG(s) 'mlops_orchestration' retrieved from /opt/airflow/dags/mlops_orchestration.py
[2026-04-20T18:19:57.036+0000] {logging_mixin.py:188} INFO - [2026-04-20T18:19:57.036+0000] {dag.py:3096} INFO - Sync 1 DAGs
[2026-04-20T18:19:57.055+0000] {logging_mixin.py:188} INFO - [2026-04-20T18:19:57.054+0000] {dag.py:3954} INFO - Setting next_dagrun for mlops_orchestration to 2026-04-19 02:00:00+00:00, run_after=2026-04-20 02:00:00+00:00
[2026-04-20T18:19:57.076+0000] {processor.py:183} INFO - Processing /opt/airflow/dags/mlops_orchestration.py took 0.096 seconds
[2026-04-20T18:20:27.272+0000] {processor.py:161} INFO - Started process (PID=724) to work on /opt/airflow/dags/mlops_orchestration.py
[2026-04-20T18:20:27.273+0000] {processor.py:830} INFO - Processing file /opt/airflow/dags/mlops_orchestration.py for tasks to queue
[2026-04-20T18:20:27.275+0000] {logging_mixin.py:188} INFO - [2026-04-20T18:20:27.275+0000] {dagbag.py:545} INFO - Filling up the DagBag from /opt/airflow/dags/mlops_orchestration.py
[2026-04-20T18:20:27.295+0000] {processor.py:840} INFO - DAG(s) 'mlops_orchestration' retrieved from /opt/airflow/dags/mlops_orchestration.py
[2026-04-20T18:20:27.323+0000] {logging_mixin.py:188} INFO - [2026-04-20T18:20:27.323+0000] {dag.py:3096} INFO - Sync 1 DAGs
[2026-04-20T18:20:27.340+0000] {logging_mixin.py:188} INFO - [2026-04-20T18:20:27.340+0000] {dag.py:3954} INFO - Setting next_dagrun for mlops_orchestration to 2026-04-19 02:00:00+00:00, run_after=2026-04-20 02:00:00+00:00
[2026-04-20T18:20:27.358+0000] {processor.py:183} INFO - Processing /opt/airflow/dags/mlops_orchestration.py took 0.092 seconds
[2026-04-20T18:20:57.448+0000] {processor.py:161} INFO - Started process (PID=725) to work on /opt/airflow/dags/mlops_orchestration.py
[2026-04-20T18:20:57.449+0000] {processor.py:830} INFO - Processing file /opt/airflow/dags/mlops_orchestration.py for tasks to queue
[2026-04-20T18:20:57.451+0000] {logging_mixin.py:188} INFO - [2026-04-20T18:20:57.451+0000] {dagbag.py:545} INFO - Filling up the DagBag from /opt/airflow/dags/mlops_orchestration.py
[2026-04-20T18:20:57.473+0000] {processor.py:840} INFO - DAG(s) 'mlops_orchestration' retrieved from /opt/airflow/dags/mlops_orchestration.py
[2026-04-20T18:20:57.502+0000] {logging_mixin.py:188} INFO - [2026-04-20T18:20:57.502+0000] {dag.py:3096} INFO - Sync 1 DAGs
[2026-04-20T18:20:57.519+0000] {logging_mixin.py:188} INFO - [2026-04-20T18:20:57.519+0000] {dag.py:3954} INFO - Setting next_dagrun for mlops_orchestration to 2026-04-19 02:00:00+00:00, run_after=2026-04-20 02:00:00+00:00
[2026-04-20T18:20:57.540+0000] {processor.py:183} INFO - Processing /opt/airflow/dags/mlops_orchestration.py took 0.097 seconds
[2026-04-20T18:21:27.726+0000] {processor.py:161} INFO - Started process (PID=726) to work on /opt/airflow/dags/mlops_orchestration.py
[2026-04-20T18:21:27.727+0000] {processor.py:830} INFO - Processing file /opt/airflow/dags/mlops_orchestration.py for tasks to queue
[2026-04-20T18:21:27.729+0000] {logging_mixin.py:188} INFO - [2026-04-20T18:21:27.728+0000] {dagbag.py:545} INFO - Filling up the DagBag from /opt/airflow/dags/mlops_orchestration.py
[2026-04-20T18:21:27.747+0000] {processor.py:840} INFO - DAG(s) 'mlops_orchestration' retrieved from /opt/airflow/dags/mlops_orchestration.py
[2026-04-20T18:21:27.775+0000] {logging_mixin.py:188} INFO - [2026-04-20T18:21:27.775+0000] {dag.py:3096} INFO - Sync 1 DAGs
[2026-04-20T18:21:27.792+0000] {logging_mixin.py:188} INFO - [2026-04-20T18:21:27.791+0000] {dag.py:3954} INFO - Setting next_dagrun for mlops_orchestration to 2026-04-19 02:00:00+00:00, run_after=2026-04-20 02:00:00+00:00
[2026-04-20T18:21:27.812+0000] {processor.py:183} INFO - Processing /opt/airflow/dags/mlops_orchestration.py took 0.092 seconds
[2026-04-20T18:21:57.914+0000] {processor.py:161} INFO - Started process (PID=727) to work on /opt/airflow/dags/mlops_orchestration.py
[2026-04-20T18:21:57.915+0000] {processor.py:830} INFO - Processing file /opt/airflow/dags/mlops_orchestration.py for tasks to queue
[2026-04-20T18:21:57.916+0000] {logging_mixin.py:188} INFO - [2026-04-20T18:21:57.916+0000] {dagbag.py:545} INFO - Filling up the DagBag from /opt/airflow/dags/mlops_orchestration.py
[2026-04-20T18:21:57.935+0000] {processor.py:840} INFO - DAG(s) 'mlops_orchestration' retrieved from /opt/airflow/dags/mlops_orchestration.py
[2026-04-20T18:21:57.962+0000] {logging_mixin.py:188} INFO - [2026-04-20T18:21:57.962+0000] {dag.py:3096} INFO - Sync 1 DAGs
[2026-04-20T18:21:57.979+0000] {logging_mixin.py:188} INFO - [2026-04-20T18:21:57.978+0000] {dag.py:3954} INFO - Setting next_dagrun for mlops_orchestration to 2026-04-19 02:00:00+00:00, run_after=2026-04-20 02:00:00+00:00
[2026-04-20T18:21:57.998+0000] {processor.py:183} INFO - Processing /opt/airflow/dags/mlops_orchestration.py took 0.089 seconds
[2026-04-20T18:22:28.098+0000] {processor.py:161} INFO - Started process (PID=728) to work on /opt/airflow/dags/mlops_orchestration.py
[2026-04-20T18:22:28.099+0000] {processor.py:830} INFO - Processing file /opt/airflow/dags/mlops_orchestration.py for tasks to queue
[2026-04-20T18:22:28.101+0000] {logging_mixin.py:188} INFO - [2026-04-20T18:22:28.100+0000] {dagbag.py:545} INFO - Filling up the DagBag from /opt/airflow/dags/mlops_orchestration.py
[2026-04-20T18:22:28.121+0000] {processor.py:840} INFO - DAG(s) 'mlops_orchestration' retrieved from /opt/airflow/dags/mlops_orchestration.py
[2026-04-20T18:22:28.151+0000] {logging_mixin.py:188} INFO - [2026-04-20T18:22:28.151+0000] {dag.py:3096} INFO - Sync 1 DAGs
[2026-04-20T18:22:28.169+0000] {logging_mixin.py:188} INFO - [2026-04-20T18:22:28.169+0000] {dag.py:3954} INFO - Setting next_dagrun for mlops_orchestration to 2026-04-19 02:00:00+00:00, run_after=2026-04-20 02:00:00+00:00
[2026-04-20T18:22:28.192+0000] {processor.py:183} INFO - Processing /opt/airflow/dags/mlops_orchestration.py took 0.100 seconds
[2026-04-20T18:22:58.381+0000] {processor.py:161} INFO - Started process (PID=729) to work on /opt/airflow/dags/mlops_orchestration.py
[2026-04-20T18:22:58.383+0000] {processor.py:830} INFO - Processing file /opt/airflow/dags/mlops_orchestration.py for tasks to queue
[2026-04-20T18:22:58.384+0000] {logging_mixin.py:188} INFO - [2026-04-20T18:22:58.384+0000] {dagbag.py:545} INFO - Filling up the DagBag from /opt/airflow/dags/mlops_orchestration.py
[2026-04-20T18:22:58.403+0000] {processor.py:840} INFO - DAG(s) 'mlops_orchestration' retrieved from /opt/airflow/dags/mlops_orchestration.py
[2026-04-20T18:22:58.432+0000] {logging_mixin.py:188} INFO - [2026-04-20T18:22:58.432+0000] {dag.py:3096} INFO - Sync 1 DAGs
[2026-04-20T18:22:58.450+0000] {logging_mixin.py:188} INFO - [2026-04-20T18:22:58.450+0000] {dag.py:3954} INFO - Setting next_dagrun for mlops_orchestration to 2026-04-19 02:00:00+00:00, run_after=2026-04-20 02:00:00+00:00
[2026-04-20T18:22:58.470+0000] {processor.py:183} INFO - Processing /opt/airflow/dags/mlops_orchestration.py took 0.093 seconds
[2026-04-20T18:23:28.672+0000] {processor.py:161} INFO - Started process (PID=730) to work on /opt/airflow/dags/mlops_orchestration.py
[2026-04-20T18:23:28.673+0000] {processor.py:830} INFO - Processing file /opt/airflow/dags/mlops_orchestration.py for tasks to queue
[2026-04-20T18:23:28.674+0000] {logging_mixin.py:188} INFO - [2026-04-20T18:23:28.674+0000] {dagbag.py:545} INFO - Filling up the DagBag from /opt/airflow/dags/mlops_orchestration.py
[2026-04-20T18:23:28.692+0000] {processor.py:840} INFO - DAG(s) 'mlops_orchestration' retrieved from /opt/airflow/dags/mlops_orchestration.py
[2026-04-20T18:23:28.720+0000] {logging_mixin.py:188} INFO - [2026-04-20T18:23:28.720+0000] {dag.py:3096} INFO - Sync 1 DAGs
[2026-04-20T18:23:28.736+0000] {logging_mixin.py:188} INFO - [2026-04-20T18:23:28.736+0000] {dag.py:3954} INFO - Setting next_dagrun for mlops_orchestration to 2026-04-19 02:00:00+00:00, run_after=2026-04-20 02:00:00+00:00
[2026-04-20T18:23:28.755+0000] {processor.py:183} INFO - Processing /opt/airflow/dags/mlops_orchestration.py took 0.089 seconds
[2026-04-20T18:23:58.854+0000] {processor.py:161} INFO - Started process (PID=731) to work on /opt/airflow/dags/mlops_orchestration.py
[2026-04-20T18:23:58.856+0000] {processor.py:830} INFO - Processing file /opt/airflow/dags/mlops_orchestration.py for tasks to queue
[2026-04-20T18:23:58.857+0000] {logging_mixin.py:188} INFO - [2026-04-20T18:23:58.857+0000] {dagbag.py:545} INFO - Filling up the DagBag from /opt/airflow/dags/mlops_orchestration.py
[2026-04-20T18:23:58.878+0000] {processor.py:840} INFO - DAG(s) 'mlops_orchestration' retrieved from /opt/airflow/dags/mlops_orchestration.py
[2026-04-20T18:23:58.907+0000] {logging_mixin.py:188} INFO - [2026-04-20T18:23:58.907+0000] {dag.py:3096} INFO - Sync 1 DAGs
[2026-04-20T18:23:58.924+0000] {logging_mixin.py:188} INFO - [2026-04-20T18:23:58.924+0000] {dag.py:3954} INFO - Setting next_dagrun for mlops_orchestration to 2026-04-19 02:00:00+00:00, run_after=2026-04-20 02:00:00+00:00
[2026-04-20T18:23:58.944+0000] {processor.py:183} INFO - Processing /opt/airflow/dags/mlops_orchestration.py took 0.096 seconds
[2026-04-20T18:24:29.142+0000] {processor.py:161} INFO - Started process (PID=732) to work on /opt/airflow/dags/mlops_orchestration.py
[2026-04-20T18:24:29.143+0000] {processor.py:830} INFO - Processing file /opt/airflow/dags/mlops_orchestration.py for tasks to queue
[2026-04-20T18:24:29.145+0000] {logging_mixin.py:188} INFO - [2026-04-20T18:24:29.145+0000] {dagbag.py:545} INFO - Filling up the DagBag from /opt/airflow/dags/mlops_orchestration.py
[2026-04-20T18:24:29.163+0000] {processor.py:840} INFO - DAG(s) 'mlops_orchestration' retrieved from /opt/airflow/dags/mlops_orchestration.py
[2026-04-20T18:24:29.191+0000] {logging_mixin.py:188} INFO - [2026-04-20T18:24:29.191+0000] {dag.py:3096} INFO - Sync 1 DAGs
[2026-04-20T18:24:29.208+0000] {logging_mixin.py:188} INFO - [2026-04-20T18:24:29.208+0000] {dag.py:3954} INFO - Setting next_dagrun for mlops_orchestration to 2026-04-19 02:00:00+00:00, run_after=2026-04-20 02:00:00+00:00
[2026-04-20T18:24:29.229+0000] {processor.py:183} INFO - Processing /opt/airflow/dags/mlops_orchestration.py took 0.091 seconds
[2026-04-20T18:24:59.337+0000] {processor.py:161} INFO - Started process (PID=733) to work on /opt/airflow/dags/mlops_orchestration.py
[2026-04-20T18:24:59.338+0000] {processor.py:830} INFO - Processing file /opt/airflow/dags/mlops_orchestration.py for tasks to queue
[2026-04-20T18:24:59.339+0000] {logging_mixin.py:188} INFO - [2026-04-20T18:24:59.339+0000] {dagbag.py:545} INFO - Filling up the DagBag from /opt/airflow/dags/mlops_orchestration.py
[2026-04-20T18:24:59.358+0000] {processor.py:840} INFO - DAG(s) 'mlops_orchestration' retrieved from /opt/airflow/dags/mlops_orchestration.py
[2026-04-20T18:24:59.385+0000] {logging_mixin.py:188} INFO - [2026-04-20T18:24:59.385+0000] {dag.py:3096} INFO - Sync 1 DAGs
[2026-04-20T18:24:59.403+0000] {logging_mixin.py:188} INFO - [2026-04-20T18:24:59.402+0000] {dag.py:3954} INFO - Setting next_dagrun for mlops_orchestration to 2026-04-19 02:00:00+00:00, run_after=2026-04-20 02:00:00+00:00
[2026-04-20T18:24:59.424+0000] {processor.py:183} INFO - Processing /opt/airflow/dags/mlops_orchestration.py took 0.092 seconds
[2026-04-20T18:25:29.522+0000] {processor.py:161} INFO - Started process (PID=734) to work on /opt/airflow/dags/mlops_orchestration.py
[2026-04-20T18:25:29.523+0000] {processor.py:830} INFO - Processing file /opt/airflow/dags/mlops_orchestration.py for tasks to queue
[2026-04-20T18:25:29.525+0000] {logging_mixin.py:188} INFO - [2026-04-20T18:25:29.525+0000] {dagbag.py:545} INFO - Filling up the DagBag from /opt/airflow/dags/mlops_orchestration.py
[2026-04-20T18:25:29.547+0000] {processor.py:840} INFO - DAG(s) 'mlops_orchestration' retrieved from /opt/airflow/dags/mlops_orchestration.py
[2026-04-20T18:25:29.576+0000] {logging_mixin.py:188} INFO - [2026-04-20T18:25:29.576+0000] {dag.py:3096} INFO - Sync 1 DAGs
[2026-04-20T18:25:29.593+0000] {logging_mixin.py:188} INFO - [2026-04-20T18:25:29.593+0000] {dag.py:3954} INFO - Setting next_dagrun for mlops_orchestration to 2026-04-19 02:00:00+00:00, run_after=2026-04-20 02:00:00+00:00
[2026-04-20T18:25:29.615+0000] {processor.py:183} INFO - Processing /opt/airflow/dags/mlops_orchestration.py took 0.098 seconds
[2026-04-20T18:25:59.796+0000] {processor.py:161} INFO - Started process (PID=735) to work on /opt/airflow/dags/mlops_orchestration.py
[2026-04-20T18:25:59.797+0000] {processor.py:830} INFO - Processing file /opt/airflow/dags/mlops_orchestration.py for tasks to queue
[2026-04-20T18:25:59.799+0000] {logging_mixin.py:188} INFO - [2026-04-20T18:25:59.799+0000] {dagbag.py:545} INFO - Filling up the DagBag from /opt/airflow/dags/mlops_orchestration.py
[2026-04-20T18:25:59.816+0000] {processor.py:840} INFO - DAG(s) 'mlops_orchestration' retrieved from /opt/airflow/dags/mlops_orchestration.py
[2026-04-20T18:25:59.845+0000] {logging_mixin.py:188} INFO - [2026-04-20T18:25:59.844+0000] {dag.py:3096} INFO - Sync 1 DAGs
[2026-04-20T18:25:59.861+0000] {logging_mixin.py:188} INFO - [2026-04-20T18:25:59.861+0000] {dag.py:3954} INFO - Setting next_dagrun for mlops_orchestration to 2026-04-19 02:00:00+00:00, run_after=2026-04-20 02:00:00+00:00
[2026-04-20T18:25:59.882+0000] {processor.py:183} INFO - Processing /opt/airflow/dags/mlops_orchestration.py took 0.091 seconds
[2026-04-20T18:26:29.984+0000] {processor.py:161} INFO - Started process (PID=736) to work on /opt/airflow/dags/mlops_orchestration.py
[2026-04-20T18:26:29.985+0000] {processor.py:830} INFO - Processing file /opt/airflow/dags/mlops_orchestration.py for tasks to queue
[2026-04-20T18:26:29.987+0000] {logging_mixin.py:188} INFO - [2026-04-20T18:26:29.986+0000] {dagbag.py:545} INFO - Filling up the DagBag from /opt/airflow/dags/mlops_orchestration.py
[2026-04-20T18:26:30.005+0000] {processor.py:840} INFO - DAG(s) 'mlops_orchestration' retrieved from /opt/airflow/dags/mlops_orchestration.py
[2026-04-20T18:26:30.033+0000] {logging_mixin.py:188} INFO - [2026-04-20T18:26:30.033+0000] {dag.py:3096} INFO - Sync 1 DAGs
[2026-04-20T18:26:30.049+0000] {logging_mixin.py:188} INFO - [2026-04-20T18:26:30.049+0000] {dag.py:3954} INFO - Setting next_dagrun for mlops_orchestration to 2026-04-19 02:00:00+00:00, run_after=2026-04-20 02:00:00+00:00
[2026-04-20T18:26:30.068+0000] {processor.py:183} INFO - Processing /opt/airflow/dags/mlops_orchestration.py took 0.090 seconds
[2026-04-20T18:27:00.166+0000] {processor.py:161} INFO - Started process (PID=737) to work on /opt/airflow/dags/mlops_orchestration.py
[2026-04-20T18:27:00.167+0000] {processor.py:830} INFO - Processing file /opt/airflow/dags/mlops_orchestration.py for tasks to queue
[2026-04-20T18:27:00.169+0000] {logging_mixin.py:188} INFO - [2026-04-20T18:27:00.169+0000] {dagbag.py:545} INFO - Filling up the DagBag from /opt/airflow/dags/mlops_orchestration.py
[2026-04-20T18:27:00.190+0000] {processor.py:840} INFO - DAG(s) 'mlops_orchestration' retrieved from /opt/airflow/dags/mlops_orchestration.py
[2026-04-20T18:27:00.219+0000] {logging_mixin.py:188} INFO - [2026-04-20T18:27:00.219+0000] {dag.py:3096} INFO - Sync 1 DAGs
[2026-04-20T18:27:00.237+0000] {logging_mixin.py:188} INFO - [2026-04-20T18:27:00.236+0000] {dag.py:3954} INFO - Setting next_dagrun for mlops_orchestration to 2026-04-19 02:00:00+00:00, run_after=2026-04-20 02:00:00+00:00
[2026-04-20T18:27:00.258+0000] {processor.py:183} INFO - Processing /opt/airflow/dags/mlops_orchestration.py took 0.097 seconds
[2026-04-20T18:27:30.451+0000] {processor.py:161} INFO - Started process (PID=738) to work on /opt/airflow/dags/mlops_orchestration.py
[2026-04-20T18:27:30.452+0000] {processor.py:830} INFO - Processing file /opt/airflow/dags/mlops_orchestration.py for tasks to queue
[2026-04-20T18:27:30.454+0000] {logging_mixin.py:188} INFO - [2026-04-20T18:27:30.453+0000] {dagbag.py:545} INFO - Filling up the DagBag from /opt/airflow/dags/mlops_orchestration.py
[2026-04-20T18:27:30.477+0000] {processor.py:840} INFO - DAG(s) 'mlops_orchestration' retrieved from /opt/airflow/dags/mlops_orchestration.py
[2026-04-20T18:27:30.504+0000] {logging_mixin.py:188} INFO - [2026-04-20T18:27:30.504+0000] {dag.py:3096} INFO - Sync 1 DAGs
[2026-04-20T18:27:30.521+0000] {logging_mixin.py:188} INFO - [2026-04-20T18:27:30.521+0000] {dag.py:3954} INFO - Setting next_dagrun for mlops_orchestration to 2026-04-19 02:00:00+00:00, run_after=2026-04-20 02:00:00+00:00
[2026-04-20T18:27:30.541+0000] {processor.py:183} INFO - Processing /opt/airflow/dags/mlops_orchestration.py took 0.095 seconds
[2026-04-20T18:28:00.739+0000] {processor.py:161} INFO - Started process (PID=739) to work on /opt/airflow/dags/mlops_orchestration.py
[2026-04-20T18:28:00.740+0000] {processor.py:830} INFO - Processing file /opt/airflow/dags/mlops_orchestration.py for tasks to queue
[2026-04-20T18:28:00.742+0000] {logging_mixin.py:188} INFO - [2026-04-20T18:28:00.741+0000] {dagbag.py:545} INFO - Filling up the DagBag from /opt/airflow/dags/mlops_orchestration.py
[2026-04-20T18:28:00.762+0000] {processor.py:840} INFO - DAG(s) 'mlops_orchestration' retrieved from /opt/airflow/dags/mlops_orchestration.py
[2026-04-20T18:28:00.790+0000] {logging_mixin.py:188} INFO - [2026-04-20T18:28:00.790+0000] {dag.py:3096} INFO - Sync 1 DAGs
[2026-04-20T18:28:00.810+0000] {logging_mixin.py:188} INFO - [2026-04-20T18:28:00.810+0000] {dag.py:3954} INFO - Setting next_dagrun for mlops_orchestration to 2026-04-19 02:00:00+00:00, run_after=2026-04-20 02:00:00+00:00
[2026-04-20T18:28:00.829+0000] {processor.py:183} INFO - Processing /opt/airflow/dags/mlops_orchestration.py took 0.096 seconds
[2026-04-20T18:28:31.033+0000] {processor.py:161} INFO - Started process (PID=740) to work on /opt/airflow/dags/mlops_orchestration.py
[2026-04-20T18:28:31.034+0000] {processor.py:830} INFO - Processing file /opt/airflow/dags/mlops_orchestration.py for tasks to queue
[2026-04-20T18:28:31.036+0000] {logging_mixin.py:188} INFO - [2026-04-20T18:28:31.036+0000] {dagbag.py:545} INFO - Filling up the DagBag from /opt/airflow/dags/mlops_orchestration.py
[2026-04-20T18:28:31.060+0000] {processor.py:840} INFO - DAG(s) 'mlops_orchestration' retrieved from /opt/airflow/dags/mlops_orchestration.py
[2026-04-20T18:28:31.090+0000] {logging_mixin.py:188} INFO - [2026-04-20T18:28:31.090+0000] {dag.py:3096} INFO - Sync 1 DAGs
[2026-04-20T18:28:31.109+0000] {logging_mixin.py:188} INFO - [2026-04-20T18:28:31.109+0000] {dag.py:3954} INFO - Setting next_dagrun for mlops_orchestration to 2026-04-19 02:00:00+00:00, run_after=2026-04-20 02:00:00+00:00
[2026-04-20T18:28:31.129+0000] {processor.py:183} INFO - Processing /opt/airflow/dags/mlops_orchestration.py took 0.101 seconds
[2026-04-20T18:29:01.320+0000] {processor.py:161} INFO - Started process (PID=741) to work on /opt/airflow/dags/mlops_orchestration.py
[2026-04-20T18:29:01.321+0000] {processor.py:830} INFO - Processing file /opt/airflow/dags/mlops_orchestration.py for tasks to queue
[2026-04-20T18:29:01.324+0000] {logging_mixin.py:188} INFO - [2026-04-20T18:29:01.323+0000] {dagbag.py:545} INFO - Filling up the DagBag from /opt/airflow/dags/mlops_orchestration.py
[2026-04-20T18:29:01.344+0000] {processor.py:840} INFO - DAG(s) 'mlops_orchestration' retrieved from /opt/airflow/dags/mlops_orchestration.py
[2026-04-20T18:29:01.374+0000] {logging_mixin.py:188} INFO - [2026-04-20T18:29:01.374+0000] {dag.py:3096} INFO - Sync 1 DAGs
[2026-04-20T18:29:01.391+0000] {logging_mixin.py:188} INFO - [2026-04-20T18:29:01.391+0000] {dag.py:3954} INFO - Setting next_dagrun for mlops_orchestration to 2026-04-19 02:00:00+00:00, run_after=2026-04-20 02:00:00+00:00
[2026-04-20T18:29:01.410+0000] {processor.py:183} INFO - Processing /opt/airflow/dags/mlops_orchestration.py took 0.105 seconds
[2026-04-20T18:29:31.602+0000] {processor.py:161} INFO - Started process (PID=742) to work on /opt/airflow/dags/mlops_orchestration.py
[2026-04-20T18:29:31.603+0000] {processor.py:830} INFO - Processing file /opt/airflow/dags/mlops_orchestration.py for tasks to queue
[2026-04-20T18:29:31.604+0000] {logging_mixin.py:188} INFO - [2026-04-20T18:29:31.604+0000] {dagbag.py:545} INFO - Filling up the DagBag from /opt/airflow/dags/mlops_orchestration.py
[2026-04-20T18:29:31.623+0000] {processor.py:840} INFO - DAG(s) 'mlops_orchestration' retrieved from /opt/airflow/dags/mlops_orchestration.py
[2026-04-20T18:29:31.651+0000] {logging_mixin.py:188} INFO - [2026-04-20T18:29:31.651+0000] {dag.py:3096} INFO - Sync 1 DAGs
[2026-04-20T18:29:31.667+0000] {logging_mixin.py:188} INFO - [2026-04-20T18:29:31.667+0000] {dag.py:3954} INFO - Setting next_dagrun for mlops_orchestration to 2026-04-19 02:00:00+00:00, run_after=2026-04-20 02:00:00+00:00
[2026-04-20T18:29:31.685+0000] {processor.py:183} INFO - Processing /opt/airflow/dags/mlops_orchestration.py took 0.089 seconds
[2026-04-20T18:30:01.800+0000] {processor.py:161} INFO - Started process (PID=743) to work on /opt/airflow/dags/mlops_orchestration.py
[2026-04-20T18:30:01.802+0000] {processor.py:830} INFO - Processing file /opt/airflow/dags/mlops_orchestration.py for tasks to queue
[2026-04-20T18:30:01.804+0000] {logging_mixin.py:188} INFO - [2026-04-20T18:30:01.804+0000] {dagbag.py:545} INFO - Filling up the DagBag from /opt/airflow/dags/mlops_orchestration.py
[2026-04-20T18:30:01.828+0000] {processor.py:840} INFO - DAG(s) 'mlops_orchestration' retrieved from /opt/airflow/dags/mlops_orchestration.py
[2026-04-20T18:30:01.863+0000] {logging_mixin.py:188} INFO - [2026-04-20T18:30:01.863+0000] {dag.py:3096} INFO - Sync 1 DAGs
[2026-04-20T18:30:01.883+0000] {logging_mixin.py:188} INFO - [2026-04-20T18:30:01.883+0000] {dag.py:3954} INFO - Setting next_dagrun for mlops_orchestration to 2026-04-19 02:00:00+00:00, run_after=2026-04-20 02:00:00+00:00
[2026-04-20T18:30:01.907+0000] {processor.py:183} INFO - Processing /opt/airflow/dags/mlops_orchestration.py took 0.123 seconds
[2026-04-20T18:30:32.061+0000] {processor.py:161} INFO - Started process (PID=744) to work on /opt/airflow/dags/mlops_orchestration.py
[2026-04-20T18:30:32.062+0000] {processor.py:830} INFO - Processing file /opt/airflow/dags/mlops_orchestration.py for tasks to queue
[2026-04-20T18:30:32.064+0000] {logging_mixin.py:188} INFO - [2026-04-20T18:30:32.063+0000] {dagbag.py:545} INFO - Filling up the DagBag from /opt/airflow/dags/mlops_orchestration.py
[2026-04-20T18:30:32.082+0000] {processor.py:840} INFO - DAG(s) 'mlops_orchestration' retrieved from /opt/airflow/dags/mlops_orchestration.py
[2026-04-20T18:30:32.110+0000] {logging_mixin.py:188} INFO - [2026-04-20T18:30:32.110+0000] {dag.py:3096} INFO - Sync 1 DAGs
[2026-04-20T18:30:32.127+0000] {logging_mixin.py:188} INFO - [2026-04-20T18:30:32.126+0000] {dag.py:3954} INFO - Setting next_dagrun for mlops_orchestration to 2026-04-19 02:00:00+00:00, run_after=2026-04-20 02:00:00+00:00
[2026-04-20T18:30:32.150+0000] {processor.py:183} INFO - Processing /opt/airflow/dags/mlops_orchestration.py took 0.094 seconds
[2026-04-20T18:31:02.358+0000] {processor.py:161} INFO - Started process (PID=745) to work on /opt/airflow/dags/mlops_orchestration.py
[2026-04-20T18:31:02.359+0000] {processor.py:830} INFO - Processing file /opt/airflow/dags/mlops_orchestration.py for tasks to queue
[2026-04-20T18:31:02.360+0000] {logging_mixin.py:188} INFO - [2026-04-20T18:31:02.360+0000] {dagbag.py:545} INFO - Filling up the DagBag from /opt/airflow/dags/mlops_orchestration.py
[2026-04-20T18:31:02.379+0000] {processor.py:840} INFO - DAG(s) 'mlops_orchestration' retrieved from /opt/airflow/dags/mlops_orchestration.py
[2026-04-20T18:31:02.412+0000] {logging_mixin.py:188} INFO - [2026-04-20T18:31:02.412+0000] {dag.py:3096} INFO - Sync 1 DAGs
[2026-04-20T18:31:02.430+0000] {logging_mixin.py:188} INFO - [2026-04-20T18:31:02.429+0000] {dag.py:3954} INFO - Setting next_dagrun for mlops_orchestration to 2026-04-19 02:00:00+00:00, run_after=2026-04-20 02:00:00+00:00
[2026-04-20T18:31:02.449+0000] {processor.py:183} INFO - Processing /opt/airflow/dags/mlops_orchestration.py took 0.096 seconds
[2026-04-20T18:31:32.644+0000] {processor.py:161} INFO - Started process (PID=746) to work on /opt/airflow/dags/mlops_orchestration.py
[2026-04-20T18:31:32.646+0000] {processor.py:830} INFO - Processing file /opt/airflow/dags/mlops_orchestration.py for tasks to queue
[2026-04-20T18:31:32.647+0000] {logging_mixin.py:188} INFO - [2026-04-20T18:31:32.647+0000] {dagbag.py:545} INFO - Filling up the DagBag from /opt/airflow/dags/mlops_orchestration.py
[2026-04-20T18:31:32.673+0000] {processor.py:840} INFO - DAG(s) 'mlops_orchestration' retrieved from /opt/airflow/dags/mlops_orchestration.py
[2026-04-20T18:31:32.702+0000] {logging_mixin.py:188} INFO - [2026-04-20T18:31:32.702+0000] {dag.py:3096} INFO - Sync 1 DAGs
[2026-04-20T18:31:32.720+0000] {logging_mixin.py:188} INFO - [2026-04-20T18:31:32.720+0000] {dag.py:3954} INFO - Setting next_dagrun for mlops_orchestration to 2026-04-19 02:00:00+00:00, run_after=2026-04-20 02:00:00+00:00
[2026-04-20T18:31:32.741+0000] {processor.py:183} INFO - Processing /opt/airflow/dags/mlops_orchestration.py took 0.102 seconds
[2026-04-20T18:32:02.949+0000] {processor.py:161} INFO - Started process (PID=747) to work on /opt/airflow/dags/mlops_orchestration.py
[2026-04-20T18:32:02.950+0000] {processor.py:830} INFO - Processing file /opt/airflow/dags/mlops_orchestration.py for tasks to queue
[2026-04-20T18:32:02.952+0000] {logging_mixin.py:188} INFO - [2026-04-20T18:32:02.951+0000] {dagbag.py:545} INFO - Filling up the DagBag from /opt/airflow/dags/mlops_orchestration.py
[2026-04-20T18:32:02.970+0000] {processor.py:840} INFO - DAG(s) 'mlops_orchestration' retrieved from /opt/airflow/dags/mlops_orchestration.py
[2026-04-20T18:32:02.998+0000] {logging_mixin.py:188} INFO - [2026-04-20T18:32:02.998+0000] {dag.py:3096} INFO - Sync 1 DAGs
[2026-04-20T18:32:03.014+0000] {logging_mixin.py:188} INFO - [2026-04-20T18:32:03.013+0000] {dag.py:3954} INFO - Setting next_dagrun for mlops_orchestration to 2026-04-19 02:00:00+00:00, run_after=2026-04-20 02:00:00+00:00
[2026-04-20T18:32:03.032+0000] {processor.py:183} INFO - Processing /opt/airflow/dags/mlops_orchestration.py took 0.089 seconds
[2026-04-20T18:32:33.151+0000] {processor.py:161} INFO - Started process (PID=748) to work on /opt/airflow/dags/mlops_orchestration.py
[2026-04-20T18:32:33.152+0000] {processor.py:830} INFO - Processing file /opt/airflow/dags/mlops_orchestration.py for tasks to queue
[2026-04-20T18:32:33.154+0000] {logging_mixin.py:188} INFO - [2026-04-20T18:32:33.154+0000] {dagbag.py:545} INFO - Filling up the DagBag from /opt/airflow/dags/mlops_orchestration.py
[2026-04-20T18:32:33.183+0000] {processor.py:840} INFO - DAG(s) 'mlops_orchestration' retrieved from /opt/airflow/dags/mlops_orchestration.py
[2026-04-20T18:32:33.213+0000] {logging_mixin.py:188} INFO - [2026-04-20T18:32:33.212+0000] {dag.py:3096} INFO - Sync 1 DAGs
[2026-04-20T18:32:33.231+0000] {logging_mixin.py:188} INFO - [2026-04-20T18:32:33.231+0000] {dag.py:3954} INFO - Setting next_dagrun for mlops_orchestration to 2026-04-19 02:00:00+00:00, run_after=2026-04-20 02:00:00+00:00
[2026-04-20T18:32:33.251+0000] {processor.py:183} INFO - Processing /opt/airflow/dags/mlops_orchestration.py took 0.116 seconds
[2026-04-20T18:33:03.472+0000] {processor.py:161} INFO - Started process (PID=749) to work on /opt/airflow/dags/mlops_orchestration.py
[2026-04-20T18:33:03.474+0000] {processor.py:830} INFO - Processing file /opt/airflow/dags/mlops_orchestration.py for tasks to queue
[2026-04-20T18:33:03.475+0000] {logging_mixin.py:188} INFO - [2026-04-20T18:33:03.475+0000] {dagbag.py:545} INFO - Filling up the DagBag from /opt/airflow/dags/mlops_orchestration.py
[2026-04-20T18:33:03.495+0000] {processor.py:840} INFO - DAG(s) 'mlops_orchestration' retrieved from /opt/airflow/dags/mlops_orchestration.py
[2026-04-20T18:33:03.524+0000] {logging_mixin.py:188} INFO - [2026-04-20T18:33:03.523+0000] {dag.py:3096} INFO - Sync 1 DAGs
[2026-04-20T18:33:03.541+0000] {logging_mixin.py:188} INFO - [2026-04-20T18:33:03.541+0000] {dag.py:3954} INFO - Setting next_dagrun for mlops_orchestration to 2026-04-19 02:00:00+00:00, run_after=2026-04-20 02:00:00+00:00
[2026-04-20T18:33:03.560+0000] {processor.py:183} INFO - Processing /opt/airflow/dags/mlops_orchestration.py took 0.092 seconds
[2026-04-20T18:33:33.719+0000] {processor.py:161} INFO - Started process (PID=750) to work on /opt/airflow/dags/mlops_orchestration.py
[2026-04-20T18:33:33.720+0000] {processor.py:830} INFO - Processing file /opt/airflow/dags/mlops_orchestration.py for tasks to queue
[2026-04-20T18:33:33.729+0000] {logging_mixin.py:188} INFO - [2026-04-20T18:33:33.729+0000] {dagbag.py:545} INFO - Filling up the DagBag from /opt/airflow/dags/mlops_orchestration.py
[2026-04-20T18:33:33.749+0000] {processor.py:840} INFO - DAG(s) 'mlops_orchestration' retrieved from /opt/airflow/dags/mlops_orchestration.py
[2026-04-20T18:33:33.777+0000] {logging_mixin.py:188} INFO - [2026-04-20T18:33:33.777+0000] {dag.py:3096} INFO - Sync 1 DAGs
[2026-04-20T18:33:33.794+0000] {logging_mixin.py:188} INFO - [2026-04-20T18:33:33.794+0000] {dag.py:3954} INFO - Setting next_dagrun for mlops_orchestration to 2026-04-19 02:00:00+00:00, run_after=2026-04-20 02:00:00+00:00
[2026-04-20T18:33:33.814+0000] {processor.py:183} INFO - Processing /opt/airflow/dags/mlops_orchestration.py took 0.101 seconds
[2026-04-20T18:34:04.013+0000] {processor.py:161} INFO - Started process (PID=751) to work on /opt/airflow/dags/mlops_orchestration.py
[2026-04-20T18:34:04.014+0000] {processor.py:830} INFO - Processing file /opt/airflow/dags/mlops_orchestration.py for tasks to queue
[2026-04-20T18:34:04.016+0000] {logging_mixin.py:188} INFO - [2026-04-20T18:34:04.016+0000] {dagbag.py:545} INFO - Filling up the DagBag from /opt/airflow/dags/mlops_orchestration.py
[2026-04-20T18:34:04.038+0000] {processor.py:840} INFO - DAG(s) 'mlops_orchestration' retrieved from /opt/airflow/dags/mlops_orchestration.py
[2026-04-20T18:34:04.067+0000] {logging_mixin.py:188} INFO - [2026-04-20T18:34:04.067+0000] {dag.py:3096} INFO - Sync 1 DAGs
[2026-04-20T18:34:04.086+0000] {logging_mixin.py:188} INFO - [2026-04-20T18:34:04.086+0000] {dag.py:3954} INFO - Setting next_dagrun for mlops_orchestration to 2026-04-19 02:00:00+00:00, run_after=2026-04-20 02:00:00+00:00
[2026-04-20T18:34:04.106+0000] {processor.py:183} INFO - Processing /opt/airflow/dags/mlops_orchestration.py took 0.099 seconds
[2026-04-20T18:34:34.298+0000] {processor.py:161} INFO - Started process (PID=752) to work on /opt/airflow/dags/mlops_orchestration.py
[2026-04-20T18:34:34.299+0000] {processor.py:830} INFO - Processing file /opt/airflow/dags/mlops_orchestration.py for tasks to queue
[2026-04-20T18:34:34.301+0000] {logging_mixin.py:188} INFO - [2026-04-20T18:34:34.301+0000] {dagbag.py:545} INFO - Filling up the DagBag from /opt/airflow/dags/mlops_orchestration.py
[2026-04-20T18:34:34.320+0000] {processor.py:840} INFO - DAG(s) 'mlops_orchestration' retrieved from /opt/airflow/dags/mlops_orchestration.py
[2026-04-20T18:34:34.348+0000] {logging_mixin.py:188} INFO - [2026-04-20T18:34:34.348+0000] {dag.py:3096} INFO - Sync 1 DAGs
[2026-04-20T18:34:34.365+0000] {logging_mixin.py:188} INFO - [2026-04-20T18:34:34.365+0000] {dag.py:3954} INFO - Setting next_dagrun for mlops_orchestration to 2026-04-19 02:00:00+00:00, run_after=2026-04-20 02:00:00+00:00
[2026-04-20T18:34:34.384+0000] {processor.py:183} INFO - Processing /opt/airflow/dags/mlops_orchestration.py took 0.094 seconds
[2026-04-20T18:35:04.588+0000] {processor.py:161} INFO - Started process (PID=753) to work on /opt/airflow/dags/mlops_orchestration.py
[2026-04-20T18:35:04.589+0000] {processor.py:830} INFO - Processing file /opt/airflow/dags/mlops_orchestration.py for tasks to queue
[2026-04-20T18:35:04.590+0000] {logging_mixin.py:188} INFO - [2026-04-20T18:35:04.590+0000] {dagbag.py:545} INFO - Filling up the DagBag from /opt/airflow/dags/mlops_orchestration.py
[2026-04-20T18:35:04.610+0000] {processor.py:840} INFO - DAG(s) 'mlops_orchestration' retrieved from /opt/airflow/dags/mlops_orchestration.py
[2026-04-20T18:35:04.639+0000] {logging_mixin.py:188} INFO - [2026-04-20T18:35:04.639+0000] {dag.py:3096} INFO - Sync 1 DAGs
[2026-04-20T18:35:04.656+0000] {logging_mixin.py:188} INFO - [2026-04-20T18:35:04.656+0000] {dag.py:3954} INFO - Setting next_dagrun for mlops_orchestration to 2026-04-19 02:00:00+00:00, run_after=2026-04-20 02:00:00+00:00
[2026-04-20T18:35:04.676+0000] {processor.py:183} INFO - Processing /opt/airflow/dags/mlops_orchestration.py took 0.093 seconds
[2026-04-20T18:35:34.885+0000] {processor.py:161} INFO - Started process (PID=754) to work on /opt/airflow/dags/mlops_orchestration.py
[2026-04-20T18:35:34.886+0000] {processor.py:830} INFO - Processing file /opt/airflow/dags/mlops_orchestration.py for tasks to queue
[2026-04-20T18:35:34.889+0000] {logging_mixin.py:188} INFO - [2026-04-20T18:35:34.888+0000] {dagbag.py:545} INFO - Filling up the DagBag from /opt/airflow/dags/mlops_orchestration.py
[2026-04-20T18:35:34.913+0000] {processor.py:840} INFO - DAG(s) 'mlops_orchestration' retrieved from /opt/airflow/dags/mlops_orchestration.py
[2026-04-20T18:35:34.947+0000] {logging_mixin.py:188} INFO - [2026-04-20T18:35:34.947+0000] {dag.py:3096} INFO - Sync 1 DAGs
[2026-04-20T18:35:34.964+0000] {logging_mixin.py:188} INFO - [2026-04-20T18:35:34.964+0000] {dag.py:3954} INFO - Setting next_dagrun for mlops_orchestration to 2026-04-19 02:00:00+00:00, run_after=2026-04-20 02:00:00+00:00
[2026-04-20T18:35:34.984+0000] {processor.py:183} INFO - Processing /opt/airflow/dags/mlops_orchestration.py took 0.106 seconds
[2026-04-20T18:36:05.170+0000] {processor.py:161} INFO - Started process (PID=755) to work on /opt/airflow/dags/mlops_orchestration.py
[2026-04-20T18:36:05.171+0000] {processor.py:830} INFO - Processing file /opt/airflow/dags/mlops_orchestration.py for tasks to queue
[2026-04-20T18:36:05.173+0000] {logging_mixin.py:188} INFO - [2026-04-20T18:36:05.172+0000] {dagbag.py:545} INFO - Filling up the DagBag from /opt/airflow/dags/mlops_orchestration.py
[2026-04-20T18:36:05.191+0000] {processor.py:840} INFO - DAG(s) 'mlops_orchestration' retrieved from /opt/airflow/dags/mlops_orchestration.py
[2026-04-20T18:36:05.220+0000] {logging_mixin.py:188} INFO - [2026-04-20T18:36:05.219+0000] {dag.py:3096} INFO - Sync 1 DAGs
[2026-04-20T18:36:05.237+0000] {logging_mixin.py:188} INFO - [2026-04-20T18:36:05.236+0000] {dag.py:3954} INFO - Setting next_dagrun for mlops_orchestration to 2026-04-19 02:00:00+00:00, run_after=2026-04-20 02:00:00+00:00
[2026-04-20T18:36:05.258+0000] {processor.py:183} INFO - Processing /opt/airflow/dags/mlops_orchestration.py took 0.093 seconds
[2026-04-20T18:36:35.455+0000] {processor.py:161} INFO - Started process (PID=756) to work on /opt/airflow/dags/mlops_orchestration.py
[2026-04-20T18:36:35.456+0000] {processor.py:830} INFO - Processing file /opt/airflow/dags/mlops_orchestration.py for tasks to queue
[2026-04-20T18:36:35.458+0000] {logging_mixin.py:188} INFO - [2026-04-20T18:36:35.458+0000] {dagbag.py:545} INFO - Filling up the DagBag from /opt/airflow/dags/mlops_orchestration.py
[2026-04-20T18:36:35.476+0000] {processor.py:840} INFO - DAG(s) 'mlops_orchestration' retrieved from /opt/airflow/dags/mlops_orchestration.py
[2026-04-20T18:36:35.505+0000] {logging_mixin.py:188} INFO - [2026-04-20T18:36:35.504+0000] {dag.py:3096} INFO - Sync 1 DAGs
[2026-04-20T18:36:35.521+0000] {logging_mixin.py:188} INFO - [2026-04-20T18:36:35.521+0000] {dag.py:3954} INFO - Setting next_dagrun for mlops_orchestration to 2026-04-19 02:00:00+00:00, run_after=2026-04-20 02:00:00+00:00
[2026-04-20T18:36:35.541+0000] {processor.py:183} INFO - Processing /opt/airflow/dags/mlops_orchestration.py took 0.092 seconds
[2026-04-20T18:37:05.649+0000] {processor.py:161} INFO - Started process (PID=757) to work on /opt/airflow/dags/mlops_orchestration.py
[2026-04-20T18:37:05.651+0000] {processor.py:830} INFO - Processing file /opt/airflow/dags/mlops_orchestration.py for tasks to queue
[2026-04-20T18:37:05.653+0000] {logging_mixin.py:188} INFO - [2026-04-20T18:37:05.652+0000] {dagbag.py:545} INFO - Filling up the DagBag from /opt/airflow/dags/mlops_orchestration.py
[2026-04-20T18:37:05.674+0000] {processor.py:840} INFO - DAG(s) 'mlops_orchestration' retrieved from /opt/airflow/dags/mlops_orchestration.py
[2026-04-20T18:37:05.706+0000] {logging_mixin.py:188} INFO - [2026-04-20T18:37:05.705+0000] {dag.py:3096} INFO - Sync 1 DAGs
[2026-04-20T18:37:05.725+0000] {logging_mixin.py:188} INFO - [2026-04-20T18:37:05.725+0000] {dag.py:3954} INFO - Setting next_dagrun for mlops_orchestration to 2026-04-19 02:00:00+00:00, run_after=2026-04-20 02:00:00+00:00
[2026-04-20T18:37:05.745+0000] {processor.py:183} INFO - Processing /opt/airflow/dags/mlops_orchestration.py took 0.102 seconds
[2026-04-20T18:37:35.949+0000] {processor.py:161} INFO - Started process (PID=758) to work on /opt/airflow/dags/mlops_orchestration.py
[2026-04-20T18:37:35.950+0000] {processor.py:830} INFO - Processing file /opt/airflow/dags/mlops_orchestration.py for tasks to queue
[2026-04-20T18:37:35.952+0000] {logging_mixin.py:188} INFO - [2026-04-20T18:37:35.952+0000] {dagbag.py:545} INFO - Filling up the DagBag from /opt/airflow/dags/mlops_orchestration.py
[2026-04-20T18:37:35.970+0000] {processor.py:840} INFO - DAG(s) 'mlops_orchestration' retrieved from /opt/airflow/dags/mlops_orchestration.py
[2026-04-20T18:37:35.998+0000] {logging_mixin.py:188} INFO - [2026-04-20T18:37:35.998+0000] {dag.py:3096} INFO - Sync 1 DAGs
[2026-04-20T18:37:36.015+0000] {logging_mixin.py:188} INFO - [2026-04-20T18:37:36.015+0000] {dag.py:3954} INFO - Setting next_dagrun for mlops_orchestration to 2026-04-19 02:00:00+00:00, run_after=2026-04-20 02:00:00+00:00
[2026-04-20T18:37:36.034+0000] {processor.py:183} INFO - Processing /opt/airflow/dags/mlops_orchestration.py took 0.090 seconds
[2026-04-20T18:38:06.247+0000] {processor.py:161} INFO - Started process (PID=759) to work on /opt/airflow/dags/mlops_orchestration.py
[2026-04-20T18:38:06.248+0000] {processor.py:830} INFO - Processing file /opt/airflow/dags/mlops_orchestration.py for tasks to queue
[2026-04-20T18:38:06.250+0000] {logging_mixin.py:188} INFO - [2026-04-20T18:38:06.249+0000] {dagbag.py:545} INFO - Filling up the DagBag from /opt/airflow/dags/mlops_orchestration.py
[2026-04-20T18:38:06.268+0000] {processor.py:840} INFO - DAG(s) 'mlops_orchestration' retrieved from /opt/airflow/dags/mlops_orchestration.py
[2026-04-20T18:38:06.295+0000] {logging_mixin.py:188} INFO - [2026-04-20T18:38:06.295+0000] {dag.py:3096} INFO - Sync 1 DAGs
[2026-04-20T18:38:06.312+0000] {logging_mixin.py:188} INFO - [2026-04-20T18:38:06.311+0000] {dag.py:3954} INFO - Setting next_dagrun for mlops_orchestration to 2026-04-19 02:00:00+00:00, run_after=2026-04-20 02:00:00+00:00
[2026-04-20T18:38:06.331+0000] {processor.py:183} INFO - Processing /opt/airflow/dags/mlops_orchestration.py took 0.089 seconds
[2026-04-20T18:38:36.443+0000] {processor.py:161} INFO - Started process (PID=760) to work on /opt/airflow/dags/mlops_orchestration.py
[2026-04-20T18:38:36.445+0000] {processor.py:830} INFO - Processing file /opt/airflow/dags/mlops_orchestration.py for tasks to queue
[2026-04-20T18:38:36.448+0000] {logging_mixin.py:188} INFO - [2026-04-20T18:38:36.446+0000] {dagbag.py:545} INFO - Filling up the DagBag from /opt/airflow/dags/mlops_orchestration.py
[2026-04-20T18:38:36.469+0000] {processor.py:840} INFO - DAG(s) 'mlops_orchestration' retrieved from /opt/airflow/dags/mlops_orchestration.py
[2026-04-20T18:38:36.502+0000] {logging_mixin.py:188} INFO - [2026-04-20T18:38:36.501+0000] {dag.py:3096} INFO - Sync 1 DAGs
[2026-04-20T18:38:36.521+0000] {logging_mixin.py:188} INFO - [2026-04-20T18:38:36.521+0000] {dag.py:3954} INFO - Setting next_dagrun for mlops_orchestration to 2026-04-19 02:00:00+00:00, run_after=2026-04-20 02:00:00+00:00
[2026-04-20T18:38:36.542+0000] {processor.py:183} INFO - Processing /opt/airflow/dags/mlops_orchestration.py took 0.104 seconds
[2026-04-20T18:39:06.720+0000] {processor.py:161} INFO - Started process (PID=761) to work on /opt/airflow/dags/mlops_orchestration.py
[2026-04-20T18:39:06.721+0000] {processor.py:830} INFO - Processing file /opt/airflow/dags/mlops_orchestration.py for tasks to queue
[2026-04-20T18:39:06.723+0000] {logging_mixin.py:188} INFO - [2026-04-20T18:39:06.722+0000] {dagbag.py:545} INFO - Filling up the DagBag from /opt/airflow/dags/mlops_orchestration.py
[2026-04-20T18:39:06.741+0000] {processor.py:840} INFO - DAG(s) 'mlops_orchestration' retrieved from /opt/airflow/dags/mlops_orchestration.py
[2026-04-20T18:39:06.769+0000] {logging_mixin.py:188} INFO - [2026-04-20T18:39:06.769+0000] {dag.py:3096} INFO - Sync 1 DAGs
[2026-04-20T18:39:06.786+0000] {logging_mixin.py:188} INFO - [2026-04-20T18:39:06.786+0000] {dag.py:3954} INFO - Setting next_dagrun for mlops_orchestration to 2026-04-19 02:00:00+00:00, run_after=2026-04-20 02:00:00+00:00
[2026-04-20T18:39:06.806+0000] {processor.py:183} INFO - Processing /opt/airflow/dags/mlops_orchestration.py took 0.091 seconds
[2026-04-20T18:39:36.912+0000] {processor.py:161} INFO - Started process (PID=762) to work on /opt/airflow/dags/mlops_orchestration.py
[2026-04-20T18:39:36.913+0000] {processor.py:830} INFO - Processing file /opt/airflow/dags/mlops_orchestration.py for tasks to queue
[2026-04-20T18:39:36.914+0000] {logging_mixin.py:188} INFO - [2026-04-20T18:39:36.914+0000] {dagbag.py:545} INFO - Filling up the DagBag from /opt/airflow/dags/mlops_orchestration.py
[2026-04-20T18:39:36.939+0000] {processor.py:840} INFO - DAG(s) 'mlops_orchestration' retrieved from /opt/airflow/dags/mlops_orchestration.py
[2026-04-20T18:39:36.968+0000] {logging_mixin.py:188} INFO - [2026-04-20T18:39:36.968+0000] {dag.py:3096} INFO - Sync 1 DAGs
[2026-04-20T18:39:36.984+0000] {logging_mixin.py:188} INFO - [2026-04-20T18:39:36.984+0000] {dag.py:3954} INFO - Setting next_dagrun for mlops_orchestration to 2026-04-19 02:00:00+00:00, run_after=2026-04-20 02:00:00+00:00
[2026-04-20T18:39:37.009+0000] {processor.py:183} INFO - Processing /opt/airflow/dags/mlops_orchestration.py took 0.103 seconds
[2026-04-20T18:40:07.220+0000] {processor.py:161} INFO - Started process (PID=763) to work on /opt/airflow/dags/mlops_orchestration.py
[2026-04-20T18:40:07.221+0000] {processor.py:830} INFO - Processing file /opt/airflow/dags/mlops_orchestration.py for tasks to queue
[2026-04-20T18:40:07.223+0000] {logging_mixin.py:188} INFO - [2026-04-20T18:40:07.223+0000] {dagbag.py:545} INFO - Filling up the DagBag from /opt/airflow/dags/mlops_orchestration.py
[2026-04-20T18:40:07.244+0000] {processor.py:840} INFO - DAG(s) 'mlops_orchestration' retrieved from /opt/airflow/dags/mlops_orchestration.py
[2026-04-20T18:40:07.273+0000] {logging_mixin.py:188} INFO - [2026-04-20T18:40:07.273+0000] {dag.py:3096} INFO - Sync 1 DAGs
[2026-04-20T18:40:07.291+0000] {logging_mixin.py:188} INFO - [2026-04-20T18:40:07.291+0000] {dag.py:3954} INFO - Setting next_dagrun for mlops_orchestration to 2026-04-19 02:00:00+00:00, run_after=2026-04-20 02:00:00+00:00
[2026-04-20T18:40:07.312+0000] {processor.py:183} INFO - Processing /opt/airflow/dags/mlops_orchestration.py took 0.097 seconds
[2026-04-20T18:40:37.526+0000] {processor.py:161} INFO - Started process (PID=764) to work on /opt/airflow/dags/mlops_orchestration.py
[2026-04-20T18:40:37.527+0000] {processor.py:830} INFO - Processing file /opt/airflow/dags/mlops_orchestration.py for tasks to queue
[2026-04-20T18:40:37.529+0000] {logging_mixin.py:188} INFO - [2026-04-20T18:40:37.529+0000] {dagbag.py:545} INFO - Filling up the DagBag from /opt/airflow/dags/mlops_orchestration.py
[2026-04-20T18:40:37.550+0000] {processor.py:840} INFO - DAG(s) 'mlops_orchestration' retrieved from /opt/airflow/dags/mlops_orchestration.py
[2026-04-20T18:40:37.580+0000] {logging_mixin.py:188} INFO - [2026-04-20T18:40:37.580+0000] {dag.py:3096} INFO - Sync 1 DAGs
[2026-04-20T18:40:37.598+0000] {logging_mixin.py:188} INFO - [2026-04-20T18:40:37.598+0000] {dag.py:3954} INFO - Setting next_dagrun for mlops_orchestration to 2026-04-19 02:00:00+00:00, run_after=2026-04-20 02:00:00+00:00
[2026-04-20T18:40:37.621+0000] {processor.py:183} INFO - Processing /opt/airflow/dags/mlops_orchestration.py took 0.102 seconds
[2026-04-20T18:41:07.794+0000] {processor.py:161} INFO - Started process (PID=765) to work on /opt/airflow/dags/mlops_orchestration.py
[2026-04-20T18:41:07.795+0000] {processor.py:830} INFO - Processing file /opt/airflow/dags/mlops_orchestration.py for tasks to queue
[2026-04-20T18:41:07.797+0000] {logging_mixin.py:188} INFO - [2026-04-20T18:41:07.796+0000] {dagbag.py:545} INFO - Filling up the DagBag from /opt/airflow/dags/mlops_orchestration.py
[2026-04-20T18:41:07.816+0000] {processor.py:840} INFO - DAG(s) 'mlops_orchestration' retrieved from /opt/airflow/dags/mlops_orchestration.py
[2026-04-20T18:41:07.844+0000] {logging_mixin.py:188} INFO - [2026-04-20T18:41:07.844+0000] {dag.py:3096} INFO - Sync 1 DAGs
[2026-04-20T18:41:07.862+0000] {logging_mixin.py:188} INFO - [2026-04-20T18:41:07.861+0000] {dag.py:3954} INFO - Setting next_dagrun for mlops_orchestration to 2026-04-19 02:00:00+00:00, run_after=2026-04-20 02:00:00+00:00
[2026-04-20T18:41:07.881+0000] {processor.py:183} INFO - Processing /opt/airflow/dags/mlops_orchestration.py took 0.092 seconds
[2026-04-20T18:41:37.985+0000] {processor.py:161} INFO - Started process (PID=766) to work on /opt/airflow/dags/mlops_orchestration.py
[2026-04-20T18:41:37.986+0000] {processor.py:830} INFO - Processing file /opt/airflow/dags/mlops_orchestration.py for tasks to queue
[2026-04-20T18:41:37.988+0000] {logging_mixin.py:188} INFO - [2026-04-20T18:41:37.988+0000] {dagbag.py:545} INFO - Filling up the DagBag from /opt/airflow/dags/mlops_orchestration.py
[2026-04-20T18:41:38.009+0000] {processor.py:840} INFO - DAG(s) 'mlops_orchestration' retrieved from /opt/airflow/dags/mlops_orchestration.py
[2026-04-20T18:41:38.038+0000] {logging_mixin.py:188} INFO - [2026-04-20T18:41:38.038+0000] {dag.py:3096} INFO - Sync 1 DAGs
[2026-04-20T18:41:38.057+0000] {logging_mixin.py:188} INFO - [2026-04-20T18:41:38.056+0000] {dag.py:3954} INFO - Setting next_dagrun for mlops_orchestration to 2026-04-19 02:00:00+00:00, run_after=2026-04-20 02:00:00+00:00
[2026-04-20T18:41:38.081+0000] {processor.py:183} INFO - Processing /opt/airflow/dags/mlops_orchestration.py took 0.102 seconds
[2026-04-20T18:42:08.273+0000] {processor.py:161} INFO - Started process (PID=767) to work on /opt/airflow/dags/mlops_orchestration.py
[2026-04-20T18:42:08.274+0000] {processor.py:830} INFO - Processing file /opt/airflow/dags/mlops_orchestration.py for tasks to queue
[2026-04-20T18:42:08.276+0000] {logging_mixin.py:188} INFO - [2026-04-20T18:42:08.275+0000] {dagbag.py:545} INFO - Filling up the DagBag from /opt/airflow/dags/mlops_orchestration.py
[2026-04-20T18:42:08.294+0000] {processor.py:840} INFO - DAG(s) 'mlops_orchestration' retrieved from /opt/airflow/dags/mlops_orchestration.py
[2026-04-20T18:42:08.323+0000] {logging_mixin.py:188} INFO - [2026-04-20T18:42:08.322+0000] {dag.py:3096} INFO - Sync 1 DAGs
[2026-04-20T18:42:08.339+0000] {logging_mixin.py:188} INFO - [2026-04-20T18:42:08.339+0000] {dag.py:3954} INFO - Setting next_dagrun for mlops_orchestration to 2026-04-19 02:00:00+00:00, run_after=2026-04-20 02:00:00+00:00
[2026-04-20T18:42:08.359+0000] {processor.py:183} INFO - Processing /opt/airflow/dags/mlops_orchestration.py took 0.092 seconds
[2026-04-20T18:42:38.464+0000] {processor.py:161} INFO - Started process (PID=768) to work on /opt/airflow/dags/mlops_orchestration.py
[2026-04-20T18:42:38.465+0000] {processor.py:830} INFO - Processing file /opt/airflow/dags/mlops_orchestration.py for tasks to queue
[2026-04-20T18:42:38.467+0000] {logging_mixin.py:188} INFO - [2026-04-20T18:42:38.467+0000] {dagbag.py:545} INFO - Filling up the DagBag from /opt/airflow/dags/mlops_orchestration.py
[2026-04-20T18:42:38.485+0000] {processor.py:840} INFO - DAG(s) 'mlops_orchestration' retrieved from /opt/airflow/dags/mlops_orchestration.py
[2026-04-20T18:42:38.514+0000] {logging_mixin.py:188} INFO - [2026-04-20T18:42:38.513+0000] {dag.py:3096} INFO - Sync 1 DAGs
[2026-04-20T18:42:38.530+0000] {logging_mixin.py:188} INFO - [2026-04-20T18:42:38.530+0000] {dag.py:3954} INFO - Setting next_dagrun for mlops_orchestration to 2026-04-19 02:00:00+00:00, run_after=2026-04-20 02:00:00+00:00
[2026-04-20T18:42:38.547+0000] {processor.py:183} INFO - Processing /opt/airflow/dags/mlops_orchestration.py took 0.088 seconds
[2026-04-20T18:43:08.662+0000] {processor.py:161} INFO - Started process (PID=769) to work on /opt/airflow/dags/mlops_orchestration.py
[2026-04-20T18:43:08.665+0000] {processor.py:830} INFO - Processing file /opt/airflow/dags/mlops_orchestration.py for tasks to queue
[2026-04-20T18:43:08.668+0000] {logging_mixin.py:188} INFO - [2026-04-20T18:43:08.667+0000] {dagbag.py:545} INFO - Filling up the DagBag from /opt/airflow/dags/mlops_orchestration.py
[2026-04-20T18:43:08.694+0000] {processor.py:840} INFO - DAG(s) 'mlops_orchestration' retrieved from /opt/airflow/dags/mlops_orchestration.py
[2026-04-20T18:43:08.724+0000] {logging_mixin.py:188} INFO - [2026-04-20T18:43:08.724+0000] {dag.py:3096} INFO - Sync 1 DAGs
[2026-04-20T18:43:08.744+0000] {logging_mixin.py:188} INFO - [2026-04-20T18:43:08.744+0000] {dag.py:3954} INFO - Setting next_dagrun for mlops_orchestration to 2026-04-19 02:00:00+00:00, run_after=2026-04-20 02:00:00+00:00
[2026-04-20T18:43:08.767+0000] {processor.py:183} INFO - Processing /opt/airflow/dags/mlops_orchestration.py took 0.123 seconds
[2026-04-20T18:43:38.933+0000] {processor.py:161} INFO - Started process (PID=770) to work on /opt/airflow/dags/mlops_orchestration.py
[2026-04-20T18:43:38.935+0000] {processor.py:830} INFO - Processing file /opt/airflow/dags/mlops_orchestration.py for tasks to queue
[2026-04-20T18:43:38.936+0000] {logging_mixin.py:188} INFO - [2026-04-20T18:43:38.936+0000] {dagbag.py:545} INFO - Filling up the DagBag from /opt/airflow/dags/mlops_orchestration.py
[2026-04-20T18:43:38.955+0000] {processor.py:840} INFO - DAG(s) 'mlops_orchestration' retrieved from /opt/airflow/dags/mlops_orchestration.py
[2026-04-20T18:43:38.983+0000] {logging_mixin.py:188} INFO - [2026-04-20T18:43:38.983+0000] {dag.py:3096} INFO - Sync 1 DAGs
[2026-04-20T18:43:39.000+0000] {logging_mixin.py:188} INFO - [2026-04-20T18:43:39.000+0000] {dag.py:3954} INFO - Setting next_dagrun for mlops_orchestration to 2026-04-19 02:00:00+00:00, run_after=2026-04-20 02:00:00+00:00
[2026-04-20T18:43:39.022+0000] {processor.py:183} INFO - Processing /opt/airflow/dags/mlops_orchestration.py took 0.093 seconds
[2026-04-20T18:44:09.235+0000] {processor.py:161} INFO - Started process (PID=771) to work on /opt/airflow/dags/mlops_orchestration.py
[2026-04-20T18:44:09.236+0000] {processor.py:830} INFO - Processing file /opt/airflow/dags/mlops_orchestration.py for tasks to queue
[2026-04-20T18:44:09.238+0000] {logging_mixin.py:188} INFO - [2026-04-20T18:44:09.238+0000] {dagbag.py:545} INFO - Filling up the DagBag from /opt/airflow/dags/mlops_orchestration.py
[2026-04-20T18:44:09.256+0000] {processor.py:840} INFO - DAG(s) 'mlops_orchestration' retrieved from /opt/airflow/dags/mlops_orchestration.py
[2026-04-20T18:44:09.284+0000] {logging_mixin.py:188} INFO - [2026-04-20T18:44:09.284+0000] {dag.py:3096} INFO - Sync 1 DAGs
[2026-04-20T18:44:09.300+0000] {logging_mixin.py:188} INFO - [2026-04-20T18:44:09.300+0000] {dag.py:3954} INFO - Setting next_dagrun for mlops_orchestration to 2026-04-19 02:00:00+00:00, run_after=2026-04-20 02:00:00+00:00
[2026-04-20T18:44:09.319+0000] {processor.py:183} INFO - Processing /opt/airflow/dags/mlops_orchestration.py took 0.099 seconds
[2026-04-20T18:44:39.519+0000] {processor.py:161} INFO - Started process (PID=772) to work on /opt/airflow/dags/mlops_orchestration.py
[2026-04-20T18:44:39.520+0000] {processor.py:830} INFO - Processing file /opt/airflow/dags/mlops_orchestration.py for tasks to queue
[2026-04-20T18:44:39.522+0000] {logging_mixin.py:188} INFO - [2026-04-20T18:44:39.522+0000] {dagbag.py:545} INFO - Filling up the DagBag from /opt/airflow/dags/mlops_orchestration.py
[2026-04-20T18:44:39.545+0000] {processor.py:840} INFO - DAG(s) 'mlops_orchestration' retrieved from /opt/airflow/dags/mlops_orchestration.py
[2026-04-20T18:44:39.573+0000] {logging_mixin.py:188} INFO - [2026-04-20T18:44:39.573+0000] {dag.py:3096} INFO - Sync 1 DAGs
[2026-04-20T18:44:39.590+0000] {logging_mixin.py:188} INFO - [2026-04-20T18:44:39.590+0000] {dag.py:3954} INFO - Setting next_dagrun for mlops_orchestration to 2026-04-19 02:00:00+00:00, run_after=2026-04-20 02:00:00+00:00
[2026-04-20T18:44:39.612+0000] {processor.py:183} INFO - Processing /opt/airflow/dags/mlops_orchestration.py took 0.099 seconds
[2026-04-20T18:45:09.806+0000] {processor.py:161} INFO - Started process (PID=773) to work on /opt/airflow/dags/mlops_orchestration.py
[2026-04-20T18:45:09.807+0000] {processor.py:830} INFO - Processing file /opt/airflow/dags/mlops_orchestration.py for tasks to queue
[2026-04-20T18:45:09.809+0000] {logging_mixin.py:188} INFO - [2026-04-20T18:45:09.808+0000] {dagbag.py:545} INFO - Filling up the DagBag from /opt/airflow/dags/mlops_orchestration.py
[2026-04-20T18:45:09.827+0000] {processor.py:840} INFO - DAG(s) 'mlops_orchestration' retrieved from /opt/airflow/dags/mlops_orchestration.py
[2026-04-20T18:45:09.854+0000] {logging_mixin.py:188} INFO - [2026-04-20T18:45:09.854+0000] {dag.py:3096} INFO - Sync 1 DAGs
[2026-04-20T18:45:09.871+0000] {logging_mixin.py:188} INFO - [2026-04-20T18:45:09.871+0000] {dag.py:3954} INFO - Setting next_dagrun for mlops_orchestration to 2026-04-19 02:00:00+00:00, run_after=2026-04-20 02:00:00+00:00
[2026-04-20T18:45:09.891+0000] {processor.py:183} INFO - Processing /opt/airflow/dags/mlops_orchestration.py took 0.091 seconds
[2026-04-20T18:45:39.987+0000] {processor.py:161} INFO - Started process (PID=774) to work on /opt/airflow/dags/mlops_orchestration.py
[2026-04-20T18:45:39.988+0000] {processor.py:830} INFO - Processing file /opt/airflow/dags/mlops_orchestration.py for tasks to queue
[2026-04-20T18:45:39.990+0000] {logging_mixin.py:188} INFO - [2026-04-20T18:45:39.990+0000] {dagbag.py:545} INFO - Filling up the DagBag from /opt/airflow/dags/mlops_orchestration.py
[2026-04-20T18:45:40.009+0000] {processor.py:840} INFO - DAG(s) 'mlops_orchestration' retrieved from /opt/airflow/dags/mlops_orchestration.py
[2026-04-20T18:45:40.037+0000] {logging_mixin.py:188} INFO - [2026-04-20T18:45:40.037+0000] {dag.py:3096} INFO - Sync 1 DAGs
[2026-04-20T18:45:40.056+0000] {logging_mixin.py:188} INFO - [2026-04-20T18:45:40.056+0000] {dag.py:3954} INFO - Setting next_dagrun for mlops_orchestration to 2026-04-19 02:00:00+00:00, run_after=2026-04-20 02:00:00+00:00
[2026-04-20T18:45:40.077+0000] {processor.py:183} INFO - Processing /opt/airflow/dags/mlops_orchestration.py took 0.096 seconds
[2026-04-20T18:46:10.285+0000] {processor.py:161} INFO - Started process (PID=775) to work on /opt/airflow/dags/mlops_orchestration.py
[2026-04-20T18:46:10.286+0000] {processor.py:830} INFO - Processing file /opt/airflow/dags/mlops_orchestration.py for tasks to queue
[2026-04-20T18:46:10.288+0000] {logging_mixin.py:188} INFO - [2026-04-20T18:46:10.288+0000] {dagbag.py:545} INFO - Filling up the DagBag from /opt/airflow/dags/mlops_orchestration.py
[2026-04-20T18:46:10.309+0000] {processor.py:840} INFO - DAG(s) 'mlops_orchestration' retrieved from /opt/airflow/dags/mlops_orchestration.py
[2026-04-20T18:46:10.339+0000] {logging_mixin.py:188} INFO - [2026-04-20T18:46:10.339+0000] {dag.py:3096} INFO - Sync 1 DAGs
[2026-04-20T18:46:10.358+0000] {logging_mixin.py:188} INFO - [2026-04-20T18:46:10.357+0000] {dag.py:3954} INFO - Setting next_dagrun for mlops_orchestration to 2026-04-19 02:00:00+00:00, run_after=2026-04-20 02:00:00+00:00
[2026-04-20T18:46:10.379+0000] {processor.py:183} INFO - Processing /opt/airflow/dags/mlops_orchestration.py took 0.099 seconds
[2026-04-20T18:46:40.587+0000] {processor.py:161} INFO - Started process (PID=776) to work on /opt/airflow/dags/mlops_orchestration.py
[2026-04-20T18:46:40.588+0000] {processor.py:830} INFO - Processing file /opt/airflow/dags/mlops_orchestration.py for tasks to queue
[2026-04-20T18:46:40.590+0000] {logging_mixin.py:188} INFO - [2026-04-20T18:46:40.590+0000] {dagbag.py:545} INFO - Filling up the DagBag from /opt/airflow/dags/mlops_orchestration.py
[2026-04-20T18:46:40.609+0000] {processor.py:840} INFO - DAG(s) 'mlops_orchestration' retrieved from /opt/airflow/dags/mlops_orchestration.py
[2026-04-20T18:46:40.639+0000] {logging_mixin.py:188} INFO - [2026-04-20T18:46:40.638+0000] {dag.py:3096} INFO - Sync 1 DAGs
[2026-04-20T18:46:40.656+0000] {logging_mixin.py:188} INFO - [2026-04-20T18:46:40.656+0000] {dag.py:3954} INFO - Setting next_dagrun for mlops_orchestration to 2026-04-19 02:00:00+00:00, run_after=2026-04-20 02:00:00+00:00
[2026-04-20T18:46:40.677+0000] {processor.py:183} INFO - Processing /opt/airflow/dags/mlops_orchestration.py took 0.101 seconds
[2026-04-20T18:47:10.868+0000] {processor.py:161} INFO - Started process (PID=777) to work on /opt/airflow/dags/mlops_orchestration.py
[2026-04-20T18:47:10.869+0000] {processor.py:830} INFO - Processing file /opt/airflow/dags/mlops_orchestration.py for tasks to queue
[2026-04-20T18:47:10.871+0000] {logging_mixin.py:188} INFO - [2026-04-20T18:47:10.870+0000] {dagbag.py:545} INFO - Filling up the DagBag from /opt/airflow/dags/mlops_orchestration.py
[2026-04-20T18:47:10.889+0000] {processor.py:840} INFO - DAG(s) 'mlops_orchestration' retrieved from /opt/airflow/dags/mlops_orchestration.py
[2026-04-20T18:47:10.916+0000] {logging_mixin.py:188} INFO - [2026-04-20T18:47:10.916+0000] {dag.py:3096} INFO - Sync 1 DAGs
[2026-04-20T18:47:10.933+0000] {logging_mixin.py:188} INFO - [2026-04-20T18:47:10.933+0000] {dag.py:3954} INFO - Setting next_dagrun for mlops_orchestration to 2026-04-19 02:00:00+00:00, run_after=2026-04-20 02:00:00+00:00
[2026-04-20T18:47:10.951+0000] {processor.py:183} INFO - Processing /opt/airflow/dags/mlops_orchestration.py took 0.088 seconds
[2026-04-20T18:47:41.056+0000] {processor.py:161} INFO - Started process (PID=778) to work on /opt/airflow/dags/mlops_orchestration.py
[2026-04-20T18:47:41.057+0000] {processor.py:830} INFO - Processing file /opt/airflow/dags/mlops_orchestration.py for tasks to queue
[2026-04-20T18:47:41.059+0000] {logging_mixin.py:188} INFO - [2026-04-20T18:47:41.058+0000] {dagbag.py:545} INFO - Filling up the DagBag from /opt/airflow/dags/mlops_orchestration.py
[2026-04-20T18:47:41.080+0000] {processor.py:840} INFO - DAG(s) 'mlops_orchestration' retrieved from /opt/airflow/dags/mlops_orchestration.py
[2026-04-20T18:47:41.109+0000] {logging_mixin.py:188} INFO - [2026-04-20T18:47:41.109+0000] {dag.py:3096} INFO - Sync 1 DAGs
[2026-04-20T18:47:41.126+0000] {logging_mixin.py:188} INFO - [2026-04-20T18:47:41.126+0000] {dag.py:3954} INFO - Setting next_dagrun for mlops_orchestration to 2026-04-19 02:00:00+00:00, run_after=2026-04-20 02:00:00+00:00
[2026-04-20T18:47:41.147+0000] {processor.py:183} INFO - Processing /opt/airflow/dags/mlops_orchestration.py took 0.097 seconds
[2026-04-20T18:48:11.352+0000] {processor.py:161} INFO - Started process (PID=779) to work on /opt/airflow/dags/mlops_orchestration.py
[2026-04-20T18:48:11.353+0000] {processor.py:830} INFO - Processing file /opt/airflow/dags/mlops_orchestration.py for tasks to queue
[2026-04-20T18:48:11.355+0000] {logging_mixin.py:188} INFO - [2026-04-20T18:48:11.354+0000] {dagbag.py:545} INFO - Filling up the DagBag from /opt/airflow/dags/mlops_orchestration.py
[2026-04-20T18:48:11.374+0000] {processor.py:840} INFO - DAG(s) 'mlops_orchestration' retrieved from /opt/airflow/dags/mlops_orchestration.py
[2026-04-20T18:48:11.404+0000] {logging_mixin.py:188} INFO - [2026-04-20T18:48:11.403+0000] {dag.py:3096} INFO - Sync 1 DAGs
[2026-04-20T18:48:11.421+0000] {logging_mixin.py:188} INFO - [2026-04-20T18:48:11.421+0000] {dag.py:3954} INFO - Setting next_dagrun for mlops_orchestration to 2026-04-19 02:00:00+00:00, run_after=2026-04-20 02:00:00+00:00
[2026-04-20T18:48:11.441+0000] {processor.py:183} INFO - Processing /opt/airflow/dags/mlops_orchestration.py took 0.094 seconds
[2026-04-20T18:48:41.647+0000] {processor.py:161} INFO - Started process (PID=780) to work on /opt/airflow/dags/mlops_orchestration.py
[2026-04-20T18:48:41.648+0000] {processor.py:830} INFO - Processing file /opt/airflow/dags/mlops_orchestration.py for tasks to queue
[2026-04-20T18:48:41.649+0000] {logging_mixin.py:188} INFO - [2026-04-20T18:48:41.649+0000] {dagbag.py:545} INFO - Filling up the DagBag from /opt/airflow/dags/mlops_orchestration.py
[2026-04-20T18:48:41.669+0000] {processor.py:840} INFO - DAG(s) 'mlops_orchestration' retrieved from /opt/airflow/dags/mlops_orchestration.py
[2026-04-20T18:48:41.697+0000] {logging_mixin.py:188} INFO - [2026-04-20T18:48:41.697+0000] {dag.py:3096} INFO - Sync 1 DAGs
[2026-04-20T18:48:41.716+0000] {logging_mixin.py:188} INFO - [2026-04-20T18:48:41.715+0000] {dag.py:3954} INFO - Setting next_dagrun for mlops_orchestration to 2026-04-19 02:00:00+00:00, run_after=2026-04-20 02:00:00+00:00
[2026-04-20T18:48:41.737+0000] {processor.py:183} INFO - Processing /opt/airflow/dags/mlops_orchestration.py took 0.095 seconds
[2026-04-20T18:49:11.957+0000] {processor.py:161} INFO - Started process (PID=781) to work on /opt/airflow/dags/mlops_orchestration.py
[2026-04-20T18:49:11.958+0000] {processor.py:830} INFO - Processing file /opt/airflow/dags/mlops_orchestration.py for tasks to queue
[2026-04-20T18:49:11.960+0000] {logging_mixin.py:188} INFO - [2026-04-20T18:49:11.960+0000] {dagbag.py:545} INFO - Filling up the DagBag from /opt/airflow/dags/mlops_orchestration.py
[2026-04-20T18:49:11.982+0000] {processor.py:840} INFO - DAG(s) 'mlops_orchestration' retrieved from /opt/airflow/dags/mlops_orchestration.py
[2026-04-20T18:49:12.011+0000] {logging_mixin.py:188} INFO - [2026-04-20T18:49:12.010+0000] {dag.py:3096} INFO - Sync 1 DAGs
[2026-04-20T18:49:12.029+0000] {logging_mixin.py:188} INFO - [2026-04-20T18:49:12.029+0000] {dag.py:3954} INFO - Setting next_dagrun for mlops_orchestration to 2026-04-19 02:00:00+00:00, run_after=2026-04-20 02:00:00+00:00
[2026-04-20T18:49:12.050+0000] {processor.py:183} INFO - Processing /opt/airflow/dags/mlops_orchestration.py took 0.108 seconds
[2026-04-20T18:49:42.232+0000] {processor.py:161} INFO - Started process (PID=782) to work on /opt/airflow/dags/mlops_orchestration.py
[2026-04-20T18:49:42.233+0000] {processor.py:830} INFO - Processing file /opt/airflow/dags/mlops_orchestration.py for tasks to queue
[2026-04-20T18:49:42.235+0000] {logging_mixin.py:188} INFO - [2026-04-20T18:49:42.235+0000] {dagbag.py:545} INFO - Filling up the DagBag from /opt/airflow/dags/mlops_orchestration.py
[2026-04-20T18:49:42.254+0000] {processor.py:840} INFO - DAG(s) 'mlops_orchestration' retrieved from /opt/airflow/dags/mlops_orchestration.py
[2026-04-20T18:49:42.281+0000] {logging_mixin.py:188} INFO - [2026-04-20T18:49:42.281+0000] {dag.py:3096} INFO - Sync 1 DAGs
[2026-04-20T18:49:42.299+0000] {logging_mixin.py:188} INFO - [2026-04-20T18:49:42.298+0000] {dag.py:3954} INFO - Setting next_dagrun for mlops_orchestration to 2026-04-19 02:00:00+00:00, run_after=2026-04-20 02:00:00+00:00
[2026-04-20T18:49:42.319+0000] {processor.py:183} INFO - Processing /opt/airflow/dags/mlops_orchestration.py took 0.091 seconds
[2026-04-20T18:50:12.430+0000] {processor.py:161} INFO - Started process (PID=783) to work on /opt/airflow/dags/mlops_orchestration.py
[2026-04-20T18:50:12.431+0000] {processor.py:830} INFO - Processing file /opt/airflow/dags/mlops_orchestration.py for tasks to queue
[2026-04-20T18:50:12.433+0000] {logging_mixin.py:188} INFO - [2026-04-20T18:50:12.433+0000] {dagbag.py:545} INFO - Filling up the DagBag from /opt/airflow/dags/mlops_orchestration.py
[2026-04-20T18:50:12.451+0000] {processor.py:840} INFO - DAG(s) 'mlops_orchestration' retrieved from /opt/airflow/dags/mlops_orchestration.py
[2026-04-20T18:50:12.479+0000] {logging_mixin.py:188} INFO - [2026-04-20T18:50:12.479+0000] {dag.py:3096} INFO - Sync 1 DAGs
[2026-04-20T18:50:12.496+0000] {logging_mixin.py:188} INFO - [2026-04-20T18:50:12.496+0000] {dag.py:3954} INFO - Setting next_dagrun for mlops_orchestration to 2026-04-19 02:00:00+00:00, run_after=2026-04-20 02:00:00+00:00
[2026-04-20T18:50:12.518+0000] {processor.py:183} INFO - Processing /opt/airflow/dags/mlops_orchestration.py took 0.102 seconds
[2026-04-20T18:50:42.727+0000] {processor.py:161} INFO - Started process (PID=784) to work on /opt/airflow/dags/mlops_orchestration.py
[2026-04-20T18:50:42.728+0000] {processor.py:830} INFO - Processing file /opt/airflow/dags/mlops_orchestration.py for tasks to queue
[2026-04-20T18:50:42.730+0000] {logging_mixin.py:188} INFO - [2026-04-20T18:50:42.730+0000] {dagbag.py:545} INFO - Filling up the DagBag from /opt/airflow/dags/mlops_orchestration.py
[2026-04-20T18:50:42.753+0000] {processor.py:840} INFO - DAG(s) 'mlops_orchestration' retrieved from /opt/airflow/dags/mlops_orchestration.py
[2026-04-20T18:50:42.782+0000] {logging_mixin.py:188} INFO - [2026-04-20T18:50:42.782+0000] {dag.py:3096} INFO - Sync 1 DAGs
[2026-04-20T18:50:42.799+0000] {logging_mixin.py:188} INFO - [2026-04-20T18:50:42.799+0000] {dag.py:3954} INFO - Setting next_dagrun for mlops_orchestration to 2026-04-19 02:00:00+00:00, run_after=2026-04-20 02:00:00+00:00
[2026-04-20T18:50:42.818+0000] {processor.py:183} INFO - Processing /opt/airflow/dags/mlops_orchestration.py took 0.096 seconds
[2026-04-20T18:51:13.007+0000] {processor.py:161} INFO - Started process (PID=785) to work on /opt/airflow/dags/mlops_orchestration.py
[2026-04-20T18:51:13.008+0000] {processor.py:830} INFO - Processing file /opt/airflow/dags/mlops_orchestration.py for tasks to queue
[2026-04-20T18:51:13.009+0000] {logging_mixin.py:188} INFO - [2026-04-20T18:51:13.009+0000] {dagbag.py:545} INFO - Filling up the DagBag from /opt/airflow/dags/mlops_orchestration.py
[2026-04-20T18:51:13.028+0000] {processor.py:840} INFO - DAG(s) 'mlops_orchestration' retrieved from /opt/airflow/dags/mlops_orchestration.py
[2026-04-20T18:51:13.055+0000] {logging_mixin.py:188} INFO - [2026-04-20T18:51:13.055+0000] {dag.py:3096} INFO - Sync 1 DAGs
[2026-04-20T18:51:13.071+0000] {logging_mixin.py:188} INFO - [2026-04-20T18:51:13.071+0000] {dag.py:3954} INFO - Setting next_dagrun for mlops_orchestration to 2026-04-19 02:00:00+00:00, run_after=2026-04-20 02:00:00+00:00
[2026-04-20T18:51:13.092+0000] {processor.py:183} INFO - Processing /opt/airflow/dags/mlops_orchestration.py took 0.091 seconds
[2026-04-20T18:51:43.201+0000] {processor.py:161} INFO - Started process (PID=786) to work on /opt/airflow/dags/mlops_orchestration.py
[2026-04-20T18:51:43.202+0000] {processor.py:830} INFO - Processing file /opt/airflow/dags/mlops_orchestration.py for tasks to queue
[2026-04-20T18:51:43.204+0000] {logging_mixin.py:188} INFO - [2026-04-20T18:51:43.204+0000] {dagbag.py:545} INFO - Filling up the DagBag from /opt/airflow/dags/mlops_orchestration.py
[2026-04-20T18:51:43.227+0000] {processor.py:840} INFO - DAG(s) 'mlops_orchestration' retrieved from /opt/airflow/dags/mlops_orchestration.py
[2026-04-20T18:51:43.259+0000] {logging_mixin.py:188} INFO - [2026-04-20T18:51:43.258+0000] {dag.py:3096} INFO - Sync 1 DAGs
[2026-04-20T18:51:43.279+0000] {logging_mixin.py:188} INFO - [2026-04-20T18:51:43.278+0000] {dag.py:3954} INFO - Setting next_dagrun for mlops_orchestration to 2026-04-19 02:00:00+00:00, run_after=2026-04-20 02:00:00+00:00
[2026-04-20T18:51:43.303+0000] {processor.py:183} INFO - Processing /opt/airflow/dags/mlops_orchestration.py took 0.114 seconds
[2026-04-20T18:52:13.479+0000] {processor.py:161} INFO - Started process (PID=787) to work on /opt/airflow/dags/mlops_orchestration.py
[2026-04-20T18:52:13.480+0000] {processor.py:830} INFO - Processing file /opt/airflow/dags/mlops_orchestration.py for tasks to queue
[2026-04-20T18:52:13.482+0000] {logging_mixin.py:188} INFO - [2026-04-20T18:52:13.482+0000] {dagbag.py:545} INFO - Filling up the DagBag from /opt/airflow/dags/mlops_orchestration.py
[2026-04-20T18:52:13.500+0000] {processor.py:840} INFO - DAG(s) 'mlops_orchestration' retrieved from /opt/airflow/dags/mlops_orchestration.py
[2026-04-20T18:52:13.529+0000] {logging_mixin.py:188} INFO - [2026-04-20T18:52:13.529+0000] {dag.py:3096} INFO - Sync 1 DAGs
[2026-04-20T18:52:13.547+0000] {logging_mixin.py:188} INFO - [2026-04-20T18:52:13.547+0000] {dag.py:3954} INFO - Setting next_dagrun for mlops_orchestration to 2026-04-19 02:00:00+00:00, run_after=2026-04-20 02:00:00+00:00
[2026-04-20T18:52:13.566+0000] {processor.py:183} INFO - Processing /opt/airflow/dags/mlops_orchestration.py took 0.092 seconds
[2026-04-20T18:52:43.680+0000] {processor.py:161} INFO - Started process (PID=788) to work on /opt/airflow/dags/mlops_orchestration.py
[2026-04-20T18:52:43.681+0000] {processor.py:830} INFO - Processing file /opt/airflow/dags/mlops_orchestration.py for tasks to queue
[2026-04-20T18:52:43.683+0000] {logging_mixin.py:188} INFO - [2026-04-20T18:52:43.682+0000] {dagbag.py:545} INFO - Filling up the DagBag from /opt/airflow/dags/mlops_orchestration.py
[2026-04-20T18:52:43.702+0000] {processor.py:840} INFO - DAG(s) 'mlops_orchestration' retrieved from /opt/airflow/dags/mlops_orchestration.py
[2026-04-20T18:52:43.731+0000] {logging_mixin.py:188} INFO - [2026-04-20T18:52:43.730+0000] {dag.py:3096} INFO - Sync 1 DAGs
[2026-04-20T18:52:43.747+0000] {logging_mixin.py:188} INFO - [2026-04-20T18:52:43.747+0000] {dag.py:3954} INFO - Setting next_dagrun for mlops_orchestration to 2026-04-19 02:00:00+00:00, run_after=2026-04-20 02:00:00+00:00
[2026-04-20T18:52:43.767+0000] {processor.py:183} INFO - Processing /opt/airflow/dags/mlops_orchestration.py took 0.099 seconds
[2026-04-20T18:53:13.981+0000] {processor.py:161} INFO - Started process (PID=789) to work on /opt/airflow/dags/mlops_orchestration.py
[2026-04-20T18:53:13.982+0000] {processor.py:830} INFO - Processing file /opt/airflow/dags/mlops_orchestration.py for tasks to queue
[2026-04-20T18:53:13.984+0000] {logging_mixin.py:188} INFO - [2026-04-20T18:53:13.984+0000] {dagbag.py:545} INFO - Filling up the DagBag from /opt/airflow/dags/mlops_orchestration.py
[2026-04-20T18:53:14.006+0000] {processor.py:840} INFO - DAG(s) 'mlops_orchestration' retrieved from /opt/airflow/dags/mlops_orchestration.py
[2026-04-20T18:53:14.036+0000] {logging_mixin.py:188} INFO - [2026-04-20T18:53:14.036+0000] {dag.py:3096} INFO - Sync 1 DAGs
[2026-04-20T18:53:14.054+0000] {logging_mixin.py:188} INFO - [2026-04-20T18:53:14.054+0000] {dag.py:3954} INFO - Setting next_dagrun for mlops_orchestration to 2026-04-19 02:00:00+00:00, run_after=2026-04-20 02:00:00+00:00
[2026-04-20T18:53:14.076+0000] {processor.py:183} INFO - Processing /opt/airflow/dags/mlops_orchestration.py took 0.101 seconds
[2026-04-20T18:53:44.265+0000] {processor.py:161} INFO - Started process (PID=790) to work on /opt/airflow/dags/mlops_orchestration.py
[2026-04-20T18:53:44.267+0000] {processor.py:830} INFO - Processing file /opt/airflow/dags/mlops_orchestration.py for tasks to queue
[2026-04-20T18:53:44.268+0000] {logging_mixin.py:188} INFO - [2026-04-20T18:53:44.268+0000] {dagbag.py:545} INFO - Filling up the DagBag from /opt/airflow/dags/mlops_orchestration.py
[2026-04-20T18:53:44.287+0000] {processor.py:840} INFO - DAG(s) 'mlops_orchestration' retrieved from /opt/airflow/dags/mlops_orchestration.py
[2026-04-20T18:53:44.315+0000] {logging_mixin.py:188} INFO - [2026-04-20T18:53:44.314+0000] {dag.py:3096} INFO - Sync 1 DAGs
[2026-04-20T18:53:44.331+0000] {logging_mixin.py:188} INFO - [2026-04-20T18:53:44.331+0000] {dag.py:3954} INFO - Setting next_dagrun for mlops_orchestration to 2026-04-19 02:00:00+00:00, run_after=2026-04-20 02:00:00+00:00
[2026-04-20T18:53:44.351+0000] {processor.py:183} INFO - Processing /opt/airflow/dags/mlops_orchestration.py took 0.095 seconds
[2026-04-20T18:54:14.562+0000] {processor.py:161} INFO - Started process (PID=791) to work on /opt/airflow/dags/mlops_orchestration.py
[2026-04-20T18:54:14.563+0000] {processor.py:830} INFO - Processing file /opt/airflow/dags/mlops_orchestration.py for tasks to queue
[2026-04-20T18:54:14.565+0000] {logging_mixin.py:188} INFO - [2026-04-20T18:54:14.564+0000] {dagbag.py:545} INFO - Filling up the DagBag from /opt/airflow/dags/mlops_orchestration.py
[2026-04-20T18:54:14.584+0000] {processor.py:840} INFO - DAG(s) 'mlops_orchestration' retrieved from /opt/airflow/dags/mlops_orchestration.py
[2026-04-20T18:54:14.611+0000] {logging_mixin.py:188} INFO - [2026-04-20T18:54:14.611+0000] {dag.py:3096} INFO - Sync 1 DAGs
[2026-04-20T18:54:14.627+0000] {logging_mixin.py:188} INFO - [2026-04-20T18:54:14.627+0000] {dag.py:3954} INFO - Setting next_dagrun for mlops_orchestration to 2026-04-19 02:00:00+00:00, run_after=2026-04-20 02:00:00+00:00
[2026-04-20T18:54:14.647+0000] {processor.py:183} INFO - Processing /opt/airflow/dags/mlops_orchestration.py took 0.090 seconds
[2026-04-20T18:54:44.859+0000] {processor.py:161} INFO - Started process (PID=792) to work on /opt/airflow/dags/mlops_orchestration.py
[2026-04-20T18:54:44.860+0000] {processor.py:830} INFO - Processing file /opt/airflow/dags/mlops_orchestration.py for tasks to queue
[2026-04-20T18:54:44.862+0000] {logging_mixin.py:188} INFO - [2026-04-20T18:54:44.862+0000] {dagbag.py:545} INFO - Filling up the DagBag from /opt/airflow/dags/mlops_orchestration.py
[2026-04-20T18:54:44.883+0000] {processor.py:840} INFO - DAG(s) 'mlops_orchestration' retrieved from /opt/airflow/dags/mlops_orchestration.py
[2026-04-20T18:54:44.912+0000] {logging_mixin.py:188} INFO - [2026-04-20T18:54:44.912+0000] {dag.py:3096} INFO - Sync 1 DAGs
[2026-04-20T18:54:44.929+0000] {logging_mixin.py:188} INFO - [2026-04-20T18:54:44.929+0000] {dag.py:3954} INFO - Setting next_dagrun for mlops_orchestration to 2026-04-19 02:00:00+00:00, run_after=2026-04-20 02:00:00+00:00
[2026-04-20T18:54:44.952+0000] {processor.py:183} INFO - Processing /opt/airflow/dags/mlops_orchestration.py took 0.099 seconds
[2026-04-20T18:55:15.160+0000] {processor.py:161} INFO - Started process (PID=793) to work on /opt/airflow/dags/mlops_orchestration.py
[2026-04-20T18:55:15.161+0000] {processor.py:830} INFO - Processing file /opt/airflow/dags/mlops_orchestration.py for tasks to queue
[2026-04-20T18:55:15.163+0000] {logging_mixin.py:188} INFO - [2026-04-20T18:55:15.163+0000] {dagbag.py:545} INFO - Filling up the DagBag from /opt/airflow/dags/mlops_orchestration.py
[2026-04-20T18:55:15.182+0000] {processor.py:840} INFO - DAG(s) 'mlops_orchestration' retrieved from /opt/airflow/dags/mlops_orchestration.py
[2026-04-20T18:55:15.210+0000] {logging_mixin.py:188} INFO - [2026-04-20T18:55:15.210+0000] {dag.py:3096} INFO - Sync 1 DAGs
[2026-04-20T18:55:15.227+0000] {logging_mixin.py:188} INFO - [2026-04-20T18:55:15.227+0000] {dag.py:3954} INFO - Setting next_dagrun for mlops_orchestration to 2026-04-19 02:00:00+00:00, run_after=2026-04-20 02:00:00+00:00
[2026-04-20T18:55:15.247+0000] {processor.py:183} INFO - Processing /opt/airflow/dags/mlops_orchestration.py took 0.092 seconds
[2026-04-20T18:55:45.452+0000] {processor.py:161} INFO - Started process (PID=794) to work on /opt/airflow/dags/mlops_orchestration.py
[2026-04-20T18:55:45.453+0000] {processor.py:830} INFO - Processing file /opt/airflow/dags/mlops_orchestration.py for tasks to queue
[2026-04-20T18:55:45.455+0000] {logging_mixin.py:188} INFO - [2026-04-20T18:55:45.455+0000] {dagbag.py:545} INFO - Filling up the DagBag from /opt/airflow/dags/mlops_orchestration.py
[2026-04-20T18:55:45.473+0000] {processor.py:840} INFO - DAG(s) 'mlops_orchestration' retrieved from /opt/airflow/dags/mlops_orchestration.py
[2026-04-20T18:55:45.501+0000] {logging_mixin.py:188} INFO - [2026-04-20T18:55:45.501+0000] {dag.py:3096} INFO - Sync 1 DAGs
[2026-04-20T18:55:45.518+0000] {logging_mixin.py:188} INFO - [2026-04-20T18:55:45.518+0000] {dag.py:3954} INFO - Setting next_dagrun for mlops_orchestration to 2026-04-19 02:00:00+00:00, run_after=2026-04-20 02:00:00+00:00
[2026-04-20T18:55:45.539+0000] {processor.py:183} INFO - Processing /opt/airflow/dags/mlops_orchestration.py took 0.091 seconds
[2026-04-20T18:56:15.657+0000] {processor.py:161} INFO - Started process (PID=795) to work on /opt/airflow/dags/mlops_orchestration.py
[2026-04-20T18:56:15.658+0000] {processor.py:830} INFO - Processing file /opt/airflow/dags/mlops_orchestration.py for tasks to queue
[2026-04-20T18:56:15.660+0000] {logging_mixin.py:188} INFO - [2026-04-20T18:56:15.660+0000] {dagbag.py:545} INFO - Filling up the DagBag from /opt/airflow/dags/mlops_orchestration.py
[2026-04-20T18:56:15.684+0000] {processor.py:840} INFO - DAG(s) 'mlops_orchestration' retrieved from /opt/airflow/dags/mlops_orchestration.py
[2026-04-20T18:56:15.712+0000] {logging_mixin.py:188} INFO - [2026-04-20T18:56:15.712+0000] {dag.py:3096} INFO - Sync 1 DAGs
[2026-04-20T18:56:15.733+0000] {logging_mixin.py:188} INFO - [2026-04-20T18:56:15.732+0000] {dag.py:3954} INFO - Setting next_dagrun for mlops_orchestration to 2026-04-19 02:00:00+00:00, run_after=2026-04-20 02:00:00+00:00
[2026-04-20T18:56:15.751+0000] {processor.py:183} INFO - Processing /opt/airflow/dags/mlops_orchestration.py took 0.100 seconds
[2026-04-20T18:56:45.941+0000] {processor.py:161} INFO - Started process (PID=796) to work on /opt/airflow/dags/mlops_orchestration.py
[2026-04-20T18:56:45.942+0000] {processor.py:830} INFO - Processing file /opt/airflow/dags/mlops_orchestration.py for tasks to queue
[2026-04-20T18:56:45.944+0000] {logging_mixin.py:188} INFO - [2026-04-20T18:56:45.944+0000] {dagbag.py:545} INFO - Filling up the DagBag from /opt/airflow/dags/mlops_orchestration.py
[2026-04-20T18:56:45.964+0000] {processor.py:840} INFO - DAG(s) 'mlops_orchestration' retrieved from /opt/airflow/dags/mlops_orchestration.py
[2026-04-20T18:56:45.994+0000] {logging_mixin.py:188} INFO - [2026-04-20T18:56:45.994+0000] {dag.py:3096} INFO - Sync 1 DAGs
[2026-04-20T18:56:46.017+0000] {logging_mixin.py:188} INFO - [2026-04-20T18:56:46.016+0000] {dag.py:3954} INFO - Setting next_dagrun for mlops_orchestration to 2026-04-19 02:00:00+00:00, run_after=2026-04-20 02:00:00+00:00
[2026-04-20T18:56:46.038+0000] {processor.py:183} INFO - Processing /opt/airflow/dags/mlops_orchestration.py took 0.103 seconds
[2026-04-20T18:57:16.230+0000] {processor.py:161} INFO - Started process (PID=797) to work on /opt/airflow/dags/mlops_orchestration.py
[2026-04-20T18:57:16.231+0000] {processor.py:830} INFO - Processing file /opt/airflow/dags/mlops_orchestration.py for tasks to queue
[2026-04-20T18:57:16.233+0000] {logging_mixin.py:188} INFO - [2026-04-20T18:57:16.233+0000] {dagbag.py:545} INFO - Filling up the DagBag from /opt/airflow/dags/mlops_orchestration.py
[2026-04-20T18:57:16.252+0000] {processor.py:840} INFO - DAG(s) 'mlops_orchestration' retrieved from /opt/airflow/dags/mlops_orchestration.py
[2026-04-20T18:57:16.280+0000] {logging_mixin.py:188} INFO - [2026-04-20T18:57:16.280+0000] {dag.py:3096} INFO - Sync 1 DAGs
[2026-04-20T18:57:16.296+0000] {logging_mixin.py:188} INFO - [2026-04-20T18:57:16.296+0000] {dag.py:3954} INFO - Setting next_dagrun for mlops_orchestration to 2026-04-19 02:00:00+00:00, run_after=2026-04-20 02:00:00+00:00
[2026-04-20T18:57:16.315+0000] {processor.py:183} INFO - Processing /opt/airflow/dags/mlops_orchestration.py took 0.090 seconds
[2026-04-20T18:57:46.520+0000] {processor.py:161} INFO - Started process (PID=798) to work on /opt/airflow/dags/mlops_orchestration.py
[2026-04-20T18:57:46.521+0000] {processor.py:830} INFO - Processing file /opt/airflow/dags/mlops_orchestration.py for tasks to queue
[2026-04-20T18:57:46.523+0000] {logging_mixin.py:188} INFO - [2026-04-20T18:57:46.522+0000] {dagbag.py:545} INFO - Filling up the DagBag from /opt/airflow/dags/mlops_orchestration.py
[2026-04-20T18:57:46.545+0000] {processor.py:840} INFO - DAG(s) 'mlops_orchestration' retrieved from /opt/airflow/dags/mlops_orchestration.py
[2026-04-20T18:57:46.574+0000] {logging_mixin.py:188} INFO - [2026-04-20T18:57:46.574+0000] {dag.py:3096} INFO - Sync 1 DAGs
[2026-04-20T18:57:46.591+0000] {logging_mixin.py:188} INFO - [2026-04-20T18:57:46.591+0000] {dag.py:3954} INFO - Setting next_dagrun for mlops_orchestration to 2026-04-19 02:00:00+00:00, run_after=2026-04-20 02:00:00+00:00
[2026-04-20T18:57:46.612+0000] {processor.py:183} INFO - Processing /opt/airflow/dags/mlops_orchestration.py took 0.097 seconds
[2026-04-20T18:58:16.808+0000] {processor.py:161} INFO - Started process (PID=799) to work on /opt/airflow/dags/mlops_orchestration.py
[2026-04-20T18:58:16.809+0000] {processor.py:830} INFO - Processing file /opt/airflow/dags/mlops_orchestration.py for tasks to queue
[2026-04-20T18:58:16.812+0000] {logging_mixin.py:188} INFO - [2026-04-20T18:58:16.811+0000] {dagbag.py:545} INFO - Filling up the DagBag from /opt/airflow/dags/mlops_orchestration.py
[2026-04-20T18:58:16.834+0000] {processor.py:840} INFO - DAG(s) 'mlops_orchestration' retrieved from /opt/airflow/dags/mlops_orchestration.py
[2026-04-20T18:58:16.864+0000] {logging_mixin.py:188} INFO - [2026-04-20T18:58:16.864+0000] {dag.py:3096} INFO - Sync 1 DAGs
[2026-04-20T18:58:16.881+0000] {logging_mixin.py:188} INFO - [2026-04-20T18:58:16.881+0000] {dag.py:3954} INFO - Setting next_dagrun for mlops_orchestration to 2026-04-19 02:00:00+00:00, run_after=2026-04-20 02:00:00+00:00
[2026-04-20T18:58:16.903+0000] {processor.py:183} INFO - Processing /opt/airflow/dags/mlops_orchestration.py took 0.102 seconds
[2026-04-20T18:58:47.112+0000] {processor.py:161} INFO - Started process (PID=800) to work on /opt/airflow/dags/mlops_orchestration.py
[2026-04-20T18:58:47.113+0000] {processor.py:830} INFO - Processing file /opt/airflow/dags/mlops_orchestration.py for tasks to queue
[2026-04-20T18:58:47.115+0000] {logging_mixin.py:188} INFO - [2026-04-20T18:58:47.115+0000] {dagbag.py:545} INFO - Filling up the DagBag from /opt/airflow/dags/mlops_orchestration.py
[2026-04-20T18:58:47.134+0000] {processor.py:840} INFO - DAG(s) 'mlops_orchestration' retrieved from /opt/airflow/dags/mlops_orchestration.py
[2026-04-20T18:58:47.162+0000] {logging_mixin.py:188} INFO - [2026-04-20T18:58:47.162+0000] {dag.py:3096} INFO - Sync 1 DAGs
[2026-04-20T18:58:47.180+0000] {logging_mixin.py:188} INFO - [2026-04-20T18:58:47.179+0000] {dag.py:3954} INFO - Setting next_dagrun for mlops_orchestration to 2026-04-19 02:00:00+00:00, run_after=2026-04-20 02:00:00+00:00
[2026-04-20T18:58:47.200+0000] {processor.py:183} INFO - Processing /opt/airflow/dags/mlops_orchestration.py took 0.093 seconds
[2026-04-20T18:59:17.400+0000] {processor.py:161} INFO - Started process (PID=801) to work on /opt/airflow/dags/mlops_orchestration.py
[2026-04-20T18:59:17.401+0000] {processor.py:830} INFO - Processing file /opt/airflow/dags/mlops_orchestration.py for tasks to queue
[2026-04-20T18:59:17.403+0000] {logging_mixin.py:188} INFO - [2026-04-20T18:59:17.403+0000] {dagbag.py:545} INFO - Filling up the DagBag from /opt/airflow/dags/mlops_orchestration.py
[2026-04-20T18:59:17.424+0000] {processor.py:840} INFO - DAG(s) 'mlops_orchestration' retrieved from /opt/airflow/dags/mlops_orchestration.py
[2026-04-20T18:59:17.454+0000] {logging_mixin.py:188} INFO - [2026-04-20T18:59:17.453+0000] {dag.py:3096} INFO - Sync 1 DAGs
[2026-04-20T18:59:17.471+0000] {logging_mixin.py:188} INFO - [2026-04-20T18:59:17.470+0000] {dag.py:3954} INFO - Setting next_dagrun for mlops_orchestration to 2026-04-19 02:00:00+00:00, run_after=2026-04-20 02:00:00+00:00
[2026-04-20T18:59:17.492+0000] {processor.py:183} INFO - Processing /opt/airflow/dags/mlops_orchestration.py took 0.097 seconds
[2026-04-20T18:59:47.690+0000] {processor.py:161} INFO - Started process (PID=802) to work on /opt/airflow/dags/mlops_orchestration.py
[2026-04-20T18:59:47.691+0000] {processor.py:830} INFO - Processing file /opt/airflow/dags/mlops_orchestration.py for tasks to queue
[2026-04-20T18:59:47.693+0000] {logging_mixin.py:188} INFO - [2026-04-20T18:59:47.693+0000] {dagbag.py:545} INFO - Filling up the DagBag from /opt/airflow/dags/mlops_orchestration.py
[2026-04-20T18:59:47.714+0000] {processor.py:840} INFO - DAG(s) 'mlops_orchestration' retrieved from /opt/airflow/dags/mlops_orchestration.py
[2026-04-20T18:59:47.743+0000] {logging_mixin.py:188} INFO - [2026-04-20T18:59:47.743+0000] {dag.py:3096} INFO - Sync 1 DAGs
[2026-04-20T18:59:47.760+0000] {logging_mixin.py:188} INFO - [2026-04-20T18:59:47.759+0000] {dag.py:3954} INFO - Setting next_dagrun for mlops_orchestration to 2026-04-19 02:00:00+00:00, run_after=2026-04-20 02:00:00+00:00
[2026-04-20T18:59:47.778+0000] {processor.py:183} INFO - Processing /opt/airflow/dags/mlops_orchestration.py took 0.100 seconds
[2026-04-20T19:00:17.969+0000] {processor.py:161} INFO - Started process (PID=803) to work on /opt/airflow/dags/mlops_orchestration.py
[2026-04-20T19:00:17.970+0000] {processor.py:830} INFO - Processing file /opt/airflow/dags/mlops_orchestration.py for tasks to queue
[2026-04-20T19:00:17.971+0000] {logging_mixin.py:188} INFO - [2026-04-20T19:00:17.971+0000] {dagbag.py:545} INFO - Filling up the DagBag from /opt/airflow/dags/mlops_orchestration.py
[2026-04-20T19:00:17.989+0000] {processor.py:840} INFO - DAG(s) 'mlops_orchestration' retrieved from /opt/airflow/dags/mlops_orchestration.py
[2026-04-20T19:00:18.016+0000] {logging_mixin.py:188} INFO - [2026-04-20T19:00:18.016+0000] {dag.py:3096} INFO - Sync 1 DAGs
[2026-04-20T19:00:18.033+0000] {logging_mixin.py:188} INFO - [2026-04-20T19:00:18.033+0000] {dag.py:3954} INFO - Setting next_dagrun for mlops_orchestration to 2026-04-19 02:00:00+00:00, run_after=2026-04-20 02:00:00+00:00
[2026-04-20T19:00:18.056+0000] {processor.py:183} INFO - Processing /opt/airflow/dags/mlops_orchestration.py took 0.092 seconds
[2026-04-20T19:00:48.263+0000] {processor.py:161} INFO - Started process (PID=804) to work on /opt/airflow/dags/mlops_orchestration.py
[2026-04-20T19:00:48.264+0000] {processor.py:830} INFO - Processing file /opt/airflow/dags/mlops_orchestration.py for tasks to queue
[2026-04-20T19:00:48.266+0000] {logging_mixin.py:188} INFO - [2026-04-20T19:00:48.266+0000] {dagbag.py:545} INFO - Filling up the DagBag from /opt/airflow/dags/mlops_orchestration.py
[2026-04-20T19:00:48.289+0000] {processor.py:840} INFO - DAG(s) 'mlops_orchestration' retrieved from /opt/airflow/dags/mlops_orchestration.py
[2026-04-20T19:00:48.318+0000] {logging_mixin.py:188} INFO - [2026-04-20T19:00:48.318+0000] {dag.py:3096} INFO - Sync 1 DAGs
[2026-04-20T19:00:48.335+0000] {logging_mixin.py:188} INFO - [2026-04-20T19:00:48.335+0000] {dag.py:3954} INFO - Setting next_dagrun for mlops_orchestration to 2026-04-19 02:00:00+00:00, run_after=2026-04-20 02:00:00+00:00
[2026-04-20T19:00:48.356+0000] {processor.py:183} INFO - Processing /opt/airflow/dags/mlops_orchestration.py took 0.098 seconds
[2026-04-20T19:01:18.557+0000] {processor.py:161} INFO - Started process (PID=805) to work on /opt/airflow/dags/mlops_orchestration.py
[2026-04-20T19:01:18.558+0000] {processor.py:830} INFO - Processing file /opt/airflow/dags/mlops_orchestration.py for tasks to queue
[2026-04-20T19:01:18.560+0000] {logging_mixin.py:188} INFO - [2026-04-20T19:01:18.559+0000] {dagbag.py:545} INFO - Filling up the DagBag from /opt/airflow/dags/mlops_orchestration.py
[2026-04-20T19:01:18.578+0000] {processor.py:840} INFO - DAG(s) 'mlops_orchestration' retrieved from /opt/airflow/dags/mlops_orchestration.py
[2026-04-20T19:01:18.606+0000] {logging_mixin.py:188} INFO - [2026-04-20T19:01:18.606+0000] {dag.py:3096} INFO - Sync 1 DAGs
[2026-04-20T19:01:18.623+0000] {logging_mixin.py:188} INFO - [2026-04-20T19:01:18.623+0000] {dag.py:3954} INFO - Setting next_dagrun for mlops_orchestration to 2026-04-19 02:00:00+00:00, run_after=2026-04-20 02:00:00+00:00
[2026-04-20T19:01:18.645+0000] {processor.py:183} INFO - Processing /opt/airflow/dags/mlops_orchestration.py took 0.093 seconds
[2026-04-20T19:01:48.838+0000] {processor.py:161} INFO - Started process (PID=806) to work on /opt/airflow/dags/mlops_orchestration.py
[2026-04-20T19:01:48.839+0000] {processor.py:830} INFO - Processing file /opt/airflow/dags/mlops_orchestration.py for tasks to queue
[2026-04-20T19:01:48.841+0000] {logging_mixin.py:188} INFO - [2026-04-20T19:01:48.841+0000] {dagbag.py:545} INFO - Filling up the DagBag from /opt/airflow/dags/mlops_orchestration.py
[2026-04-20T19:01:48.861+0000] {processor.py:840} INFO - DAG(s) 'mlops_orchestration' retrieved from /opt/airflow/dags/mlops_orchestration.py
[2026-04-20T19:01:48.892+0000] {logging_mixin.py:188} INFO - [2026-04-20T19:01:48.892+0000] {dag.py:3096} INFO - Sync 1 DAGs
[2026-04-20T19:01:48.910+0000] {logging_mixin.py:188} INFO - [2026-04-20T19:01:48.910+0000] {dag.py:3954} INFO - Setting next_dagrun for mlops_orchestration to 2026-04-19 02:00:00+00:00, run_after=2026-04-20 02:00:00+00:00
[2026-04-20T19:01:48.929+0000] {processor.py:183} INFO - Processing /opt/airflow/dags/mlops_orchestration.py took 0.097 seconds
[2026-04-20T19:02:19.150+0000] {processor.py:161} INFO - Started process (PID=807) to work on /opt/airflow/dags/mlops_orchestration.py
[2026-04-20T19:02:19.151+0000] {processor.py:830} INFO - Processing file /opt/airflow/dags/mlops_orchestration.py for tasks to queue
[2026-04-20T19:02:19.153+0000] {logging_mixin.py:188} INFO - [2026-04-20T19:02:19.153+0000] {dagbag.py:545} INFO - Filling up the DagBag from /opt/airflow/dags/mlops_orchestration.py
[2026-04-20T19:02:19.175+0000] {processor.py:840} INFO - DAG(s) 'mlops_orchestration' retrieved from /opt/airflow/dags/mlops_orchestration.py
[2026-04-20T19:02:19.204+0000] {logging_mixin.py:188} INFO - [2026-04-20T19:02:19.204+0000] {dag.py:3096} INFO - Sync 1 DAGs
[2026-04-20T19:02:19.222+0000] {logging_mixin.py:188} INFO - [2026-04-20T19:02:19.222+0000] {dag.py:3954} INFO - Setting next_dagrun for mlops_orchestration to 2026-04-19 02:00:00+00:00, run_after=2026-04-20 02:00:00+00:00
[2026-04-20T19:02:19.243+0000] {processor.py:183} INFO - Processing /opt/airflow/dags/mlops_orchestration.py took 0.100 seconds
[2026-04-20T19:02:49.417+0000] {processor.py:161} INFO - Started process (PID=808) to work on /opt/airflow/dags/mlops_orchestration.py
[2026-04-20T19:02:49.418+0000] {processor.py:830} INFO - Processing file /opt/airflow/dags/mlops_orchestration.py for tasks to queue
[2026-04-20T19:02:49.420+0000] {logging_mixin.py:188} INFO - [2026-04-20T19:02:49.419+0000] {dagbag.py:545} INFO - Filling up the DagBag from /opt/airflow/dags/mlops_orchestration.py
[2026-04-20T19:02:49.438+0000] {processor.py:840} INFO - DAG(s) 'mlops_orchestration' retrieved from /opt/airflow/dags/mlops_orchestration.py
[2026-04-20T19:02:49.465+0000] {logging_mixin.py:188} INFO - [2026-04-20T19:02:49.465+0000] {dag.py:3096} INFO - Sync 1 DAGs
[2026-04-20T19:02:49.481+0000] {logging_mixin.py:188} INFO - [2026-04-20T19:02:49.481+0000] {dag.py:3954} INFO - Setting next_dagrun for mlops_orchestration to 2026-04-19 02:00:00+00:00, run_after=2026-04-20 02:00:00+00:00
[2026-04-20T19:02:49.505+0000] {processor.py:183} INFO - Processing /opt/airflow/dags/mlops_orchestration.py took 0.094 seconds
[2026-04-20T19:03:19.613+0000] {processor.py:161} INFO - Started process (PID=809) to work on /opt/airflow/dags/mlops_orchestration.py
[2026-04-20T19:03:19.614+0000] {processor.py:830} INFO - Processing file /opt/airflow/dags/mlops_orchestration.py for tasks to queue
[2026-04-20T19:03:19.615+0000] {logging_mixin.py:188} INFO - [2026-04-20T19:03:19.615+0000] {dagbag.py:545} INFO - Filling up the DagBag from /opt/airflow/dags/mlops_orchestration.py
[2026-04-20T19:03:19.633+0000] {processor.py:840} INFO - DAG(s) 'mlops_orchestration' retrieved from /opt/airflow/dags/mlops_orchestration.py
[2026-04-20T19:03:19.660+0000] {logging_mixin.py:188} INFO - [2026-04-20T19:03:19.660+0000] {dag.py:3096} INFO - Sync 1 DAGs
[2026-04-20T19:03:19.677+0000] {logging_mixin.py:188} INFO - [2026-04-20T19:03:19.676+0000] {dag.py:3954} INFO - Setting next_dagrun for mlops_orchestration to 2026-04-19 02:00:00+00:00, run_after=2026-04-20 02:00:00+00:00
[2026-04-20T19:03:19.695+0000] {processor.py:183} INFO - Processing /opt/airflow/dags/mlops_orchestration.py took 0.089 seconds
[2026-04-20T19:03:49.814+0000] {processor.py:161} INFO - Started process (PID=810) to work on /opt/airflow/dags/mlops_orchestration.py
[2026-04-20T19:03:49.815+0000] {processor.py:830} INFO - Processing file /opt/airflow/dags/mlops_orchestration.py for tasks to queue
[2026-04-20T19:03:49.817+0000] {logging_mixin.py:188} INFO - [2026-04-20T19:03:49.816+0000] {dagbag.py:545} INFO - Filling up the DagBag from /opt/airflow/dags/mlops_orchestration.py
[2026-04-20T19:03:49.837+0000] {processor.py:840} INFO - DAG(s) 'mlops_orchestration' retrieved from /opt/airflow/dags/mlops_orchestration.py
[2026-04-20T19:03:49.867+0000] {logging_mixin.py:188} INFO - [2026-04-20T19:03:49.867+0000] {dag.py:3096} INFO - Sync 1 DAGs
[2026-04-20T19:03:49.884+0000] {logging_mixin.py:188} INFO - [2026-04-20T19:03:49.884+0000] {dag.py:3954} INFO - Setting next_dagrun for mlops_orchestration to 2026-04-19 02:00:00+00:00, run_after=2026-04-20 02:00:00+00:00
[2026-04-20T19:03:49.906+0000] {processor.py:183} INFO - Processing /opt/airflow/dags/mlops_orchestration.py took 0.098 seconds
[2026-04-20T19:04:20.089+0000] {processor.py:161} INFO - Started process (PID=811) to work on /opt/airflow/dags/mlops_orchestration.py
[2026-04-20T19:04:20.090+0000] {processor.py:830} INFO - Processing file /opt/airflow/dags/mlops_orchestration.py for tasks to queue
[2026-04-20T19:04:20.092+0000] {logging_mixin.py:188} INFO - [2026-04-20T19:04:20.091+0000] {dagbag.py:545} INFO - Filling up the DagBag from /opt/airflow/dags/mlops_orchestration.py
[2026-04-20T19:04:20.109+0000] {processor.py:840} INFO - DAG(s) 'mlops_orchestration' retrieved from /opt/airflow/dags/mlops_orchestration.py
[2026-04-20T19:04:20.136+0000] {logging_mixin.py:188} INFO - [2026-04-20T19:04:20.136+0000] {dag.py:3096} INFO - Sync 1 DAGs
[2026-04-20T19:04:20.154+0000] {logging_mixin.py:188} INFO - [2026-04-20T19:04:20.153+0000] {dag.py:3954} INFO - Setting next_dagrun for mlops_orchestration to 2026-04-19 02:00:00+00:00, run_after=2026-04-20 02:00:00+00:00
[2026-04-20T19:04:20.173+0000] {processor.py:183} INFO - Processing /opt/airflow/dags/mlops_orchestration.py took 0.090 seconds
[2026-04-20T19:04:50.277+0000] {processor.py:161} INFO - Started process (PID=812) to work on /opt/airflow/dags/mlops_orchestration.py
[2026-04-20T19:04:50.278+0000] {processor.py:830} INFO - Processing file /opt/airflow/dags/mlops_orchestration.py for tasks to queue
[2026-04-20T19:04:50.280+0000] {logging_mixin.py:188} INFO - [2026-04-20T19:04:50.279+0000] {dagbag.py:545} INFO - Filling up the DagBag from /opt/airflow/dags/mlops_orchestration.py
[2026-04-20T19:04:50.297+0000] {processor.py:840} INFO - DAG(s) 'mlops_orchestration' retrieved from /opt/airflow/dags/mlops_orchestration.py
[2026-04-20T19:04:50.325+0000] {logging_mixin.py:188} INFO - [2026-04-20T19:04:50.325+0000] {dag.py:3096} INFO - Sync 1 DAGs
[2026-04-20T19:04:50.342+0000] {logging_mixin.py:188} INFO - [2026-04-20T19:04:50.341+0000] {dag.py:3954} INFO - Setting next_dagrun for mlops_orchestration to 2026-04-19 02:00:00+00:00, run_after=2026-04-20 02:00:00+00:00
[2026-04-20T19:04:50.361+0000] {processor.py:183} INFO - Processing /opt/airflow/dags/mlops_orchestration.py took 0.089 seconds
[2026-04-20T19:05:20.435+0000] {processor.py:161} INFO - Started process (PID=813) to work on /opt/airflow/dags/mlops_orchestration.py
[2026-04-20T19:05:20.436+0000] {processor.py:830} INFO - Processing file /opt/airflow/dags/mlops_orchestration.py for tasks to queue
[2026-04-20T19:05:20.438+0000] {logging_mixin.py:188} INFO - [2026-04-20T19:05:20.438+0000] {dagbag.py:545} INFO - Filling up the DagBag from /opt/airflow/dags/mlops_orchestration.py
[2026-04-20T19:05:20.460+0000] {processor.py:840} INFO - DAG(s) 'mlops_orchestration' retrieved from /opt/airflow/dags/mlops_orchestration.py
[2026-04-20T19:05:20.489+0000] {logging_mixin.py:188} INFO - [2026-04-20T19:05:20.489+0000] {dag.py:3096} INFO - Sync 1 DAGs
[2026-04-20T19:05:20.508+0000] {logging_mixin.py:188} INFO - [2026-04-20T19:05:20.507+0000] {dag.py:3954} INFO - Setting next_dagrun for mlops_orchestration to 2026-04-19 02:00:00+00:00, run_after=2026-04-20 02:00:00+00:00
[2026-04-20T19:05:20.529+0000] {processor.py:183} INFO - Processing /opt/airflow/dags/mlops_orchestration.py took 0.099 seconds
[2026-04-20T19:05:50.721+0000] {processor.py:161} INFO - Started process (PID=814) to work on /opt/airflow/dags/mlops_orchestration.py
[2026-04-20T19:05:50.723+0000] {processor.py:830} INFO - Processing file /opt/airflow/dags/mlops_orchestration.py for tasks to queue
[2026-04-20T19:05:50.724+0000] {logging_mixin.py:188} INFO - [2026-04-20T19:05:50.724+0000] {dagbag.py:545} INFO - Filling up the DagBag from /opt/airflow/dags/mlops_orchestration.py
[2026-04-20T19:05:50.742+0000] {processor.py:840} INFO - DAG(s) 'mlops_orchestration' retrieved from /opt/airflow/dags/mlops_orchestration.py
[2026-04-20T19:05:50.770+0000] {logging_mixin.py:188} INFO - [2026-04-20T19:05:50.770+0000] {dag.py:3096} INFO - Sync 1 DAGs
[2026-04-20T19:05:50.787+0000] {logging_mixin.py:188} INFO - [2026-04-20T19:05:50.787+0000] {dag.py:3954} INFO - Setting next_dagrun for mlops_orchestration to 2026-04-19 02:00:00+00:00, run_after=2026-04-20 02:00:00+00:00
[2026-04-20T19:05:50.806+0000] {processor.py:183} INFO - Processing /opt/airflow/dags/mlops_orchestration.py took 0.092 seconds
[2026-04-20T19:06:20.904+0000] {processor.py:161} INFO - Started process (PID=815) to work on /opt/airflow/dags/mlops_orchestration.py
[2026-04-20T19:06:20.906+0000] {processor.py:830} INFO - Processing file /opt/airflow/dags/mlops_orchestration.py for tasks to queue
[2026-04-20T19:06:20.907+0000] {logging_mixin.py:188} INFO - [2026-04-20T19:06:20.907+0000] {dagbag.py:545} INFO - Filling up the DagBag from /opt/airflow/dags/mlops_orchestration.py
[2026-04-20T19:06:20.926+0000] {processor.py:840} INFO - DAG(s) 'mlops_orchestration' retrieved from /opt/airflow/dags/mlops_orchestration.py
[2026-04-20T19:06:20.953+0000] {logging_mixin.py:188} INFO - [2026-04-20T19:06:20.953+0000] {dag.py:3096} INFO - Sync 1 DAGs
[2026-04-20T19:06:20.970+0000] {logging_mixin.py:188} INFO - [2026-04-20T19:06:20.969+0000] {dag.py:3954} INFO - Setting next_dagrun for mlops_orchestration to 2026-04-19 02:00:00+00:00, run_after=2026-04-20 02:00:00+00:00
[2026-04-20T19:06:20.988+0000] {processor.py:183} INFO - Processing /opt/airflow/dags/mlops_orchestration.py took 0.089 seconds
[2026-04-20T19:06:51.096+0000] {processor.py:161} INFO - Started process (PID=816) to work on /opt/airflow/dags/mlops_orchestration.py
[2026-04-20T19:06:51.098+0000] {processor.py:830} INFO - Processing file /opt/airflow/dags/mlops_orchestration.py for tasks to queue
[2026-04-20T19:06:51.100+0000] {logging_mixin.py:188} INFO - [2026-04-20T19:06:51.099+0000] {dagbag.py:545} INFO - Filling up the DagBag from /opt/airflow/dags/mlops_orchestration.py
[2026-04-20T19:06:51.121+0000] {processor.py:840} INFO - DAG(s) 'mlops_orchestration' retrieved from /opt/airflow/dags/mlops_orchestration.py
[2026-04-20T19:06:51.162+0000] {logging_mixin.py:188} INFO - [2026-04-20T19:06:51.161+0000] {dag.py:3096} INFO - Sync 1 DAGs
[2026-04-20T19:06:51.187+0000] {logging_mixin.py:188} INFO - [2026-04-20T19:06:51.186+0000] {dag.py:3954} INFO - Setting next_dagrun for mlops_orchestration to 2026-04-19 02:00:00+00:00, run_after=2026-04-20 02:00:00+00:00
[2026-04-20T19:06:51.217+0000] {processor.py:183} INFO - Processing /opt/airflow/dags/mlops_orchestration.py took 0.135 seconds
[2026-04-20T19:07:21.379+0000] {processor.py:161} INFO - Started process (PID=817) to work on /opt/airflow/dags/mlops_orchestration.py
[2026-04-20T19:07:21.380+0000] {processor.py:830} INFO - Processing file /opt/airflow/dags/mlops_orchestration.py for tasks to queue
[2026-04-20T19:07:21.382+0000] {logging_mixin.py:188} INFO - [2026-04-20T19:07:21.382+0000] {dagbag.py:545} INFO - Filling up the DagBag from /opt/airflow/dags/mlops_orchestration.py
[2026-04-20T19:07:21.401+0000] {processor.py:840} INFO - DAG(s) 'mlops_orchestration' retrieved from /opt/airflow/dags/mlops_orchestration.py
[2026-04-20T19:07:21.429+0000] {logging_mixin.py:188} INFO - [2026-04-20T19:07:21.429+0000] {dag.py:3096} INFO - Sync 1 DAGs
[2026-04-20T19:07:21.446+0000] {logging_mixin.py:188} INFO - [2026-04-20T19:07:21.446+0000] {dag.py:3954} INFO - Setting next_dagrun for mlops_orchestration to 2026-04-19 02:00:00+00:00, run_after=2026-04-20 02:00:00+00:00
[2026-04-20T19:07:21.466+0000] {processor.py:183} INFO - Processing /opt/airflow/dags/mlops_orchestration.py took 0.091 seconds
[2026-04-20T19:07:51.659+0000] {processor.py:161} INFO - Started process (PID=818) to work on /opt/airflow/dags/mlops_orchestration.py
[2026-04-20T19:07:51.660+0000] {processor.py:830} INFO - Processing file /opt/airflow/dags/mlops_orchestration.py for tasks to queue
[2026-04-20T19:07:51.662+0000] {logging_mixin.py:188} INFO - [2026-04-20T19:07:51.662+0000] {dagbag.py:545} INFO - Filling up the DagBag from /opt/airflow/dags/mlops_orchestration.py
[2026-04-20T19:07:51.681+0000] {processor.py:840} INFO - DAG(s) 'mlops_orchestration' retrieved from /opt/airflow/dags/mlops_orchestration.py
[2026-04-20T19:07:51.710+0000] {logging_mixin.py:188} INFO - [2026-04-20T19:07:51.710+0000] {dag.py:3096} INFO - Sync 1 DAGs
[2026-04-20T19:07:51.728+0000] {logging_mixin.py:188} INFO - [2026-04-20T19:07:51.728+0000] {dag.py:3954} INFO - Setting next_dagrun for mlops_orchestration to 2026-04-19 02:00:00+00:00, run_after=2026-04-20 02:00:00+00:00
[2026-04-20T19:07:51.748+0000] {processor.py:183} INFO - Processing /opt/airflow/dags/mlops_orchestration.py took 0.095 seconds
[2026-04-20T19:08:21.958+0000] {processor.py:161} INFO - Started process (PID=819) to work on /opt/airflow/dags/mlops_orchestration.py
[2026-04-20T19:08:21.959+0000] {processor.py:830} INFO - Processing file /opt/airflow/dags/mlops_orchestration.py for tasks to queue
[2026-04-20T19:08:21.961+0000] {logging_mixin.py:188} INFO - [2026-04-20T19:08:21.961+0000] {dagbag.py:545} INFO - Filling up the DagBag from /opt/airflow/dags/mlops_orchestration.py
[2026-04-20T19:08:21.985+0000] {processor.py:840} INFO - DAG(s) 'mlops_orchestration' retrieved from /opt/airflow/dags/mlops_orchestration.py
[2026-04-20T19:08:22.015+0000] {logging_mixin.py:188} INFO - [2026-04-20T19:08:22.015+0000] {dag.py:3096} INFO - Sync 1 DAGs
[2026-04-20T19:08:22.033+0000] {logging_mixin.py:188} INFO - [2026-04-20T19:08:22.032+0000] {dag.py:3954} INFO - Setting next_dagrun for mlops_orchestration to 2026-04-19 02:00:00+00:00, run_after=2026-04-20 02:00:00+00:00
[2026-04-20T19:08:22.053+0000] {processor.py:183} INFO - Processing /opt/airflow/dags/mlops_orchestration.py took 0.101 seconds
[2026-04-20T19:08:52.228+0000] {processor.py:161} INFO - Started process (PID=820) to work on /opt/airflow/dags/mlops_orchestration.py
[2026-04-20T19:08:52.229+0000] {processor.py:830} INFO - Processing file /opt/airflow/dags/mlops_orchestration.py for tasks to queue
[2026-04-20T19:08:52.231+0000] {logging_mixin.py:188} INFO - [2026-04-20T19:08:52.230+0000] {dagbag.py:545} INFO - Filling up the DagBag from /opt/airflow/dags/mlops_orchestration.py
[2026-04-20T19:08:52.248+0000] {processor.py:840} INFO - DAG(s) 'mlops_orchestration' retrieved from /opt/airflow/dags/mlops_orchestration.py
[2026-04-20T19:08:52.276+0000] {logging_mixin.py:188} INFO - [2026-04-20T19:08:52.276+0000] {dag.py:3096} INFO - Sync 1 DAGs
[2026-04-20T19:08:52.296+0000] {logging_mixin.py:188} INFO - [2026-04-20T19:08:52.296+0000] {dag.py:3954} INFO - Setting next_dagrun for mlops_orchestration to 2026-04-19 02:00:00+00:00, run_after=2026-04-20 02:00:00+00:00
[2026-04-20T19:08:52.315+0000] {processor.py:183} INFO - Processing /opt/airflow/dags/mlops_orchestration.py took 0.092 seconds
[2026-04-20T19:09:22.416+0000] {processor.py:161} INFO - Started process (PID=821) to work on /opt/airflow/dags/mlops_orchestration.py
[2026-04-20T19:09:22.417+0000] {processor.py:830} INFO - Processing file /opt/airflow/dags/mlops_orchestration.py for tasks to queue
[2026-04-20T19:09:22.418+0000] {logging_mixin.py:188} INFO - [2026-04-20T19:09:22.418+0000] {dagbag.py:545} INFO - Filling up the DagBag from /opt/airflow/dags/mlops_orchestration.py
[2026-04-20T19:09:22.438+0000] {processor.py:840} INFO - DAG(s) 'mlops_orchestration' retrieved from /opt/airflow/dags/mlops_orchestration.py
[2026-04-20T19:09:22.469+0000] {logging_mixin.py:188} INFO - [2026-04-20T19:09:22.469+0000] {dag.py:3096} INFO - Sync 1 DAGs
[2026-04-20T19:09:22.486+0000] {logging_mixin.py:188} INFO - [2026-04-20T19:09:22.486+0000] {dag.py:3954} INFO - Setting next_dagrun for mlops_orchestration to 2026-04-19 02:00:00+00:00, run_after=2026-04-20 02:00:00+00:00
[2026-04-20T19:09:22.504+0000] {processor.py:183} INFO - Processing /opt/airflow/dags/mlops_orchestration.py took 0.098 seconds
[2026-04-20T19:09:52.692+0000] {processor.py:161} INFO - Started process (PID=822) to work on /opt/airflow/dags/mlops_orchestration.py
[2026-04-20T19:09:52.693+0000] {processor.py:830} INFO - Processing file /opt/airflow/dags/mlops_orchestration.py for tasks to queue
[2026-04-20T19:09:52.696+0000] {logging_mixin.py:188} INFO - [2026-04-20T19:09:52.695+0000] {dagbag.py:545} INFO - Filling up the DagBag from /opt/airflow/dags/mlops_orchestration.py
[2026-04-20T19:09:52.718+0000] {processor.py:840} INFO - DAG(s) 'mlops_orchestration' retrieved from /opt/airflow/dags/mlops_orchestration.py
[2026-04-20T19:09:52.751+0000] {logging_mixin.py:188} INFO - [2026-04-20T19:09:52.751+0000] {dag.py:3096} INFO - Sync 1 DAGs
[2026-04-20T19:09:52.771+0000] {logging_mixin.py:188} INFO - [2026-04-20T19:09:52.770+0000] {dag.py:3954} INFO - Setting next_dagrun for mlops_orchestration to 2026-04-19 02:00:00+00:00, run_after=2026-04-20 02:00:00+00:00
[2026-04-20T19:09:52.795+0000] {processor.py:183} INFO - Processing /opt/airflow/dags/mlops_orchestration.py took 0.108 seconds
[2026-04-20T19:10:22.969+0000] {processor.py:161} INFO - Started process (PID=823) to work on /opt/airflow/dags/mlops_orchestration.py
[2026-04-20T19:10:22.970+0000] {processor.py:830} INFO - Processing file /opt/airflow/dags/mlops_orchestration.py for tasks to queue
[2026-04-20T19:10:22.972+0000] {logging_mixin.py:188} INFO - [2026-04-20T19:10:22.972+0000] {dagbag.py:545} INFO - Filling up the DagBag from /opt/airflow/dags/mlops_orchestration.py
[2026-04-20T19:10:22.992+0000] {processor.py:840} INFO - DAG(s) 'mlops_orchestration' retrieved from /opt/airflow/dags/mlops_orchestration.py
[2026-04-20T19:10:23.021+0000] {logging_mixin.py:188} INFO - [2026-04-20T19:10:23.021+0000] {dag.py:3096} INFO - Sync 1 DAGs
[2026-04-20T19:10:23.039+0000] {logging_mixin.py:188} INFO - [2026-04-20T19:10:23.039+0000] {dag.py:3954} INFO - Setting next_dagrun for mlops_orchestration to 2026-04-19 02:00:00+00:00, run_after=2026-04-20 02:00:00+00:00
[2026-04-20T19:10:23.058+0000] {processor.py:183} INFO - Processing /opt/airflow/dags/mlops_orchestration.py took 0.095 seconds
[2026-04-20T19:10:53.272+0000] {processor.py:161} INFO - Started process (PID=824) to work on /opt/airflow/dags/mlops_orchestration.py
[2026-04-20T19:10:53.273+0000] {processor.py:830} INFO - Processing file /opt/airflow/dags/mlops_orchestration.py for tasks to queue
[2026-04-20T19:10:53.275+0000] {logging_mixin.py:188} INFO - [2026-04-20T19:10:53.274+0000] {dagbag.py:545} INFO - Filling up the DagBag from /opt/airflow/dags/mlops_orchestration.py
[2026-04-20T19:10:53.296+0000] {processor.py:840} INFO - DAG(s) 'mlops_orchestration' retrieved from /opt/airflow/dags/mlops_orchestration.py
[2026-04-20T19:10:53.326+0000] {logging_mixin.py:188} INFO - [2026-04-20T19:10:53.326+0000] {dag.py:3096} INFO - Sync 1 DAGs
[2026-04-20T19:10:53.345+0000] {logging_mixin.py:188} INFO - [2026-04-20T19:10:53.345+0000] {dag.py:3954} INFO - Setting next_dagrun for mlops_orchestration to 2026-04-19 02:00:00+00:00, run_after=2026-04-20 02:00:00+00:00
[2026-04-20T19:10:53.368+0000] {processor.py:183} INFO - Processing /opt/airflow/dags/mlops_orchestration.py took 0.102 seconds
[2026-04-20T19:11:23.538+0000] {processor.py:161} INFO - Started process (PID=825) to work on /opt/airflow/dags/mlops_orchestration.py
[2026-04-20T19:11:23.539+0000] {processor.py:830} INFO - Processing file /opt/airflow/dags/mlops_orchestration.py for tasks to queue
[2026-04-20T19:11:23.541+0000] {logging_mixin.py:188} INFO - [2026-04-20T19:11:23.541+0000] {dagbag.py:545} INFO - Filling up the DagBag from /opt/airflow/dags/mlops_orchestration.py
[2026-04-20T19:11:23.559+0000] {processor.py:840} INFO - DAG(s) 'mlops_orchestration' retrieved from /opt/airflow/dags/mlops_orchestration.py
[2026-04-20T19:11:23.588+0000] {logging_mixin.py:188} INFO - [2026-04-20T19:11:23.588+0000] {dag.py:3096} INFO - Sync 1 DAGs
[2026-04-20T19:11:23.605+0000] {logging_mixin.py:188} INFO - [2026-04-20T19:11:23.605+0000] {dag.py:3954} INFO - Setting next_dagrun for mlops_orchestration to 2026-04-19 02:00:00+00:00, run_after=2026-04-20 02:00:00+00:00
[2026-04-20T19:11:23.626+0000] {processor.py:183} INFO - Processing /opt/airflow/dags/mlops_orchestration.py took 0.094 seconds
[2026-04-20T19:11:53.832+0000] {processor.py:161} INFO - Started process (PID=826) to work on /opt/airflow/dags/mlops_orchestration.py
[2026-04-20T19:11:53.833+0000] {processor.py:830} INFO - Processing file /opt/airflow/dags/mlops_orchestration.py for tasks to queue
[2026-04-20T19:11:53.835+0000] {logging_mixin.py:188} INFO - [2026-04-20T19:11:53.835+0000] {dagbag.py:545} INFO - Filling up the DagBag from /opt/airflow/dags/mlops_orchestration.py
[2026-04-20T19:11:53.858+0000] {processor.py:840} INFO - DAG(s) 'mlops_orchestration' retrieved from /opt/airflow/dags/mlops_orchestration.py
[2026-04-20T19:11:53.888+0000] {logging_mixin.py:188} INFO - [2026-04-20T19:11:53.887+0000] {dag.py:3096} INFO - Sync 1 DAGs
[2026-04-20T19:11:53.909+0000] {logging_mixin.py:188} INFO - [2026-04-20T19:11:53.909+0000] {dag.py:3954} INFO - Setting next_dagrun for mlops_orchestration to 2026-04-19 02:00:00+00:00, run_after=2026-04-20 02:00:00+00:00
[2026-04-20T19:11:53.930+0000] {processor.py:183} INFO - Processing /opt/airflow/dags/mlops_orchestration.py took 0.103 seconds
[2026-04-20T19:12:24.120+0000] {processor.py:161} INFO - Started process (PID=827) to work on /opt/airflow/dags/mlops_orchestration.py
[2026-04-20T19:12:24.121+0000] {processor.py:830} INFO - Processing file /opt/airflow/dags/mlops_orchestration.py for tasks to queue
[2026-04-20T19:12:24.123+0000] {logging_mixin.py:188} INFO - [2026-04-20T19:12:24.122+0000] {dagbag.py:545} INFO - Filling up the DagBag from /opt/airflow/dags/mlops_orchestration.py
[2026-04-20T19:12:24.144+0000] {processor.py:840} INFO - DAG(s) 'mlops_orchestration' retrieved from /opt/airflow/dags/mlops_orchestration.py
[2026-04-20T19:12:24.173+0000] {logging_mixin.py:188} INFO - [2026-04-20T19:12:24.173+0000] {dag.py:3096} INFO - Sync 1 DAGs
[2026-04-20T19:12:24.193+0000] {logging_mixin.py:188} INFO - [2026-04-20T19:12:24.192+0000] {dag.py:3954} INFO - Setting next_dagrun for mlops_orchestration to 2026-04-19 02:00:00+00:00, run_after=2026-04-20 02:00:00+00:00
[2026-04-20T19:12:24.214+0000] {processor.py:183} INFO - Processing /opt/airflow/dags/mlops_orchestration.py took 0.100 seconds
[2026-04-20T19:12:54.417+0000] {processor.py:161} INFO - Started process (PID=828) to work on /opt/airflow/dags/mlops_orchestration.py
[2026-04-20T19:12:54.419+0000] {processor.py:830} INFO - Processing file /opt/airflow/dags/mlops_orchestration.py for tasks to queue
[2026-04-20T19:12:54.421+0000] {logging_mixin.py:188} INFO - [2026-04-20T19:12:54.421+0000] {dagbag.py:545} INFO - Filling up the DagBag from /opt/airflow/dags/mlops_orchestration.py
[2026-04-20T19:12:54.443+0000] {processor.py:840} INFO - DAG(s) 'mlops_orchestration' retrieved from /opt/airflow/dags/mlops_orchestration.py
[2026-04-20T19:12:54.473+0000] {logging_mixin.py:188} INFO - [2026-04-20T19:12:54.473+0000] {dag.py:3096} INFO - Sync 1 DAGs
[2026-04-20T19:12:54.490+0000] {logging_mixin.py:188} INFO - [2026-04-20T19:12:54.490+0000] {dag.py:3954} INFO - Setting next_dagrun for mlops_orchestration to 2026-04-19 02:00:00+00:00, run_after=2026-04-20 02:00:00+00:00
[2026-04-20T19:12:54.512+0000] {processor.py:183} INFO - Processing /opt/airflow/dags/mlops_orchestration.py took 0.109 seconds
[2026-04-20T19:13:24.711+0000] {processor.py:161} INFO - Started process (PID=829) to work on /opt/airflow/dags/mlops_orchestration.py
[2026-04-20T19:13:24.713+0000] {processor.py:830} INFO - Processing file /opt/airflow/dags/mlops_orchestration.py for tasks to queue
[2026-04-20T19:13:24.714+0000] {logging_mixin.py:188} INFO - [2026-04-20T19:13:24.714+0000] {dagbag.py:545} INFO - Filling up the DagBag from /opt/airflow/dags/mlops_orchestration.py
[2026-04-20T19:13:24.734+0000] {processor.py:840} INFO - DAG(s) 'mlops_orchestration' retrieved from /opt/airflow/dags/mlops_orchestration.py
[2026-04-20T19:13:24.764+0000] {logging_mixin.py:188} INFO - [2026-04-20T19:13:24.763+0000] {dag.py:3096} INFO - Sync 1 DAGs
[2026-04-20T19:13:24.783+0000] {logging_mixin.py:188} INFO - [2026-04-20T19:13:24.783+0000] {dag.py:3954} INFO - Setting next_dagrun for mlops_orchestration to 2026-04-19 02:00:00+00:00, run_after=2026-04-20 02:00:00+00:00
[2026-04-20T19:13:24.802+0000] {processor.py:183} INFO - Processing /opt/airflow/dags/mlops_orchestration.py took 0.098 seconds
[2026-04-20T19:13:55.006+0000] {processor.py:161} INFO - Started process (PID=830) to work on /opt/airflow/dags/mlops_orchestration.py
[2026-04-20T19:13:55.007+0000] {processor.py:830} INFO - Processing file /opt/airflow/dags/mlops_orchestration.py for tasks to queue
[2026-04-20T19:13:55.009+0000] {logging_mixin.py:188} INFO - [2026-04-20T19:13:55.008+0000] {dagbag.py:545} INFO - Filling up the DagBag from /opt/airflow/dags/mlops_orchestration.py
[2026-04-20T19:13:55.030+0000] {processor.py:840} INFO - DAG(s) 'mlops_orchestration' retrieved from /opt/airflow/dags/mlops_orchestration.py
[2026-04-20T19:13:55.060+0000] {logging_mixin.py:188} INFO - [2026-04-20T19:13:55.060+0000] {dag.py:3096} INFO - Sync 1 DAGs
[2026-04-20T19:13:55.078+0000] {logging_mixin.py:188} INFO - [2026-04-20T19:13:55.078+0000] {dag.py:3954} INFO - Setting next_dagrun for mlops_orchestration to 2026-04-19 02:00:00+00:00, run_after=2026-04-20 02:00:00+00:00
[2026-04-20T19:13:55.101+0000] {processor.py:183} INFO - Processing /opt/airflow/dags/mlops_orchestration.py took 0.101 seconds
[2026-04-20T19:14:25.294+0000] {processor.py:161} INFO - Started process (PID=831) to work on /opt/airflow/dags/mlops_orchestration.py
[2026-04-20T19:14:25.296+0000] {processor.py:830} INFO - Processing file /opt/airflow/dags/mlops_orchestration.py for tasks to queue
[2026-04-20T19:14:25.298+0000] {logging_mixin.py:188} INFO - [2026-04-20T19:14:25.297+0000] {dagbag.py:545} INFO - Filling up the DagBag from /opt/airflow/dags/mlops_orchestration.py
[2026-04-20T19:14:25.322+0000] {processor.py:840} INFO - DAG(s) 'mlops_orchestration' retrieved from /opt/airflow/dags/mlops_orchestration.py
[2026-04-20T19:14:25.353+0000] {logging_mixin.py:188} INFO - [2026-04-20T19:14:25.353+0000] {dag.py:3096} INFO - Sync 1 DAGs
[2026-04-20T19:14:25.371+0000] {logging_mixin.py:188} INFO - [2026-04-20T19:14:25.371+0000] {dag.py:3954} INFO - Setting next_dagrun for mlops_orchestration to 2026-04-19 02:00:00+00:00, run_after=2026-04-20 02:00:00+00:00
[2026-04-20T19:14:25.392+0000] {processor.py:183} INFO - Processing /opt/airflow/dags/mlops_orchestration.py took 0.103 seconds
[2026-04-20T19:14:55.585+0000] {processor.py:161} INFO - Started process (PID=832) to work on /opt/airflow/dags/mlops_orchestration.py
[2026-04-20T19:14:55.586+0000] {processor.py:830} INFO - Processing file /opt/airflow/dags/mlops_orchestration.py for tasks to queue
[2026-04-20T19:14:55.588+0000] {logging_mixin.py:188} INFO - [2026-04-20T19:14:55.587+0000] {dagbag.py:545} INFO - Filling up the DagBag from /opt/airflow/dags/mlops_orchestration.py
[2026-04-20T19:14:55.606+0000] {processor.py:840} INFO - DAG(s) 'mlops_orchestration' retrieved from /opt/airflow/dags/mlops_orchestration.py
[2026-04-20T19:14:55.633+0000] {logging_mixin.py:188} INFO - [2026-04-20T19:14:55.633+0000] {dag.py:3096} INFO - Sync 1 DAGs
[2026-04-20T19:14:55.650+0000] {logging_mixin.py:188} INFO - [2026-04-20T19:14:55.650+0000] {dag.py:3954} INFO - Setting next_dagrun for mlops_orchestration to 2026-04-19 02:00:00+00:00, run_after=2026-04-20 02:00:00+00:00
[2026-04-20T19:14:55.668+0000] {processor.py:183} INFO - Processing /opt/airflow/dags/mlops_orchestration.py took 0.089 seconds
[2026-04-20T19:15:25.778+0000] {processor.py:161} INFO - Started process (PID=833) to work on /opt/airflow/dags/mlops_orchestration.py
[2026-04-20T19:15:25.779+0000] {processor.py:830} INFO - Processing file /opt/airflow/dags/mlops_orchestration.py for tasks to queue
[2026-04-20T19:15:25.781+0000] {logging_mixin.py:188} INFO - [2026-04-20T19:15:25.780+0000] {dagbag.py:545} INFO - Filling up the DagBag from /opt/airflow/dags/mlops_orchestration.py
[2026-04-20T19:15:25.803+0000] {processor.py:840} INFO - DAG(s) 'mlops_orchestration' retrieved from /opt/airflow/dags/mlops_orchestration.py
[2026-04-20T19:15:25.836+0000] {logging_mixin.py:188} INFO - [2026-04-20T19:15:25.836+0000] {dag.py:3096} INFO - Sync 1 DAGs
[2026-04-20T19:15:25.854+0000] {logging_mixin.py:188} INFO - [2026-04-20T19:15:25.853+0000] {dag.py:3954} INFO - Setting next_dagrun for mlops_orchestration to 2026-04-19 02:00:00+00:00, run_after=2026-04-20 02:00:00+00:00
[2026-04-20T19:15:25.873+0000] {processor.py:183} INFO - Processing /opt/airflow/dags/mlops_orchestration.py took 0.107 seconds
[2026-04-20T19:15:56.061+0000] {processor.py:161} INFO - Started process (PID=834) to work on /opt/airflow/dags/mlops_orchestration.py
[2026-04-20T19:15:56.062+0000] {processor.py:830} INFO - Processing file /opt/airflow/dags/mlops_orchestration.py for tasks to queue
[2026-04-20T19:15:56.064+0000] {logging_mixin.py:188} INFO - [2026-04-20T19:15:56.063+0000] {dagbag.py:545} INFO - Filling up the DagBag from /opt/airflow/dags/mlops_orchestration.py
[2026-04-20T19:15:56.082+0000] {processor.py:840} INFO - DAG(s) 'mlops_orchestration' retrieved from /opt/airflow/dags/mlops_orchestration.py
[2026-04-20T19:15:56.110+0000] {logging_mixin.py:188} INFO - [2026-04-20T19:15:56.110+0000] {dag.py:3096} INFO - Sync 1 DAGs
[2026-04-20T19:15:56.127+0000] {logging_mixin.py:188} INFO - [2026-04-20T19:15:56.127+0000] {dag.py:3954} INFO - Setting next_dagrun for mlops_orchestration to 2026-04-19 02:00:00+00:00, run_after=2026-04-20 02:00:00+00:00
[2026-04-20T19:15:56.148+0000] {processor.py:183} INFO - Processing /opt/airflow/dags/mlops_orchestration.py took 0.092 seconds
[2026-04-20T19:16:26.248+0000] {processor.py:161} INFO - Started process (PID=835) to work on /opt/airflow/dags/mlops_orchestration.py
[2026-04-20T19:16:26.249+0000] {processor.py:830} INFO - Processing file /opt/airflow/dags/mlops_orchestration.py for tasks to queue
[2026-04-20T19:16:26.251+0000] {logging_mixin.py:188} INFO - [2026-04-20T19:16:26.250+0000] {dagbag.py:545} INFO - Filling up the DagBag from /opt/airflow/dags/mlops_orchestration.py
[2026-04-20T19:16:26.269+0000] {processor.py:840} INFO - DAG(s) 'mlops_orchestration' retrieved from /opt/airflow/dags/mlops_orchestration.py
[2026-04-20T19:16:26.298+0000] {logging_mixin.py:188} INFO - [2026-04-20T19:16:26.297+0000] {dag.py:3096} INFO - Sync 1 DAGs
[2026-04-20T19:16:26.315+0000] {logging_mixin.py:188} INFO - [2026-04-20T19:16:26.315+0000] {dag.py:3954} INFO - Setting next_dagrun for mlops_orchestration to 2026-04-19 02:00:00+00:00, run_after=2026-04-20 02:00:00+00:00
[2026-04-20T19:16:26.334+0000] {processor.py:183} INFO - Processing /opt/airflow/dags/mlops_orchestration.py took 0.093 seconds
[2026-04-20T19:16:56.544+0000] {processor.py:161} INFO - Started process (PID=836) to work on /opt/airflow/dags/mlops_orchestration.py
[2026-04-20T19:16:56.546+0000] {processor.py:830} INFO - Processing file /opt/airflow/dags/mlops_orchestration.py for tasks to queue
[2026-04-20T19:16:56.548+0000] {logging_mixin.py:188} INFO - [2026-04-20T19:16:56.548+0000] {dagbag.py:545} INFO - Filling up the DagBag from /opt/airflow/dags/mlops_orchestration.py
[2026-04-20T19:16:56.573+0000] {processor.py:840} INFO - DAG(s) 'mlops_orchestration' retrieved from /opt/airflow/dags/mlops_orchestration.py
[2026-04-20T19:16:56.606+0000] {logging_mixin.py:188} INFO - [2026-04-20T19:16:56.606+0000] {dag.py:3096} INFO - Sync 1 DAGs
[2026-04-20T19:16:56.625+0000] {logging_mixin.py:188} INFO - [2026-04-20T19:16:56.625+0000] {dag.py:3954} INFO - Setting next_dagrun for mlops_orchestration to 2026-04-19 02:00:00+00:00, run_after=2026-04-20 02:00:00+00:00
[2026-04-20T19:16:56.646+0000] {processor.py:183} INFO - Processing /opt/airflow/dags/mlops_orchestration.py took 0.109 seconds
[2026-04-20T19:17:26.820+0000] {processor.py:161} INFO - Started process (PID=837) to work on /opt/airflow/dags/mlops_orchestration.py
[2026-04-20T19:17:26.821+0000] {processor.py:830} INFO - Processing file /opt/airflow/dags/mlops_orchestration.py for tasks to queue
[2026-04-20T19:17:26.823+0000] {logging_mixin.py:188} INFO - [2026-04-20T19:17:26.823+0000] {dagbag.py:545} INFO - Filling up the DagBag from /opt/airflow/dags/mlops_orchestration.py
[2026-04-20T19:17:26.841+0000] {processor.py:840} INFO - DAG(s) 'mlops_orchestration' retrieved from /opt/airflow/dags/mlops_orchestration.py
[2026-04-20T19:17:26.869+0000] {logging_mixin.py:188} INFO - [2026-04-20T19:17:26.869+0000] {dag.py:3096} INFO - Sync 1 DAGs
[2026-04-20T19:17:26.885+0000] {logging_mixin.py:188} INFO - [2026-04-20T19:17:26.885+0000] {dag.py:3954} INFO - Setting next_dagrun for mlops_orchestration to 2026-04-19 02:00:00+00:00, run_after=2026-04-20 02:00:00+00:00
[2026-04-20T19:17:26.907+0000] {processor.py:183} INFO - Processing /opt/airflow/dags/mlops_orchestration.py took 0.092 seconds
[2026-04-20T19:17:57.131+0000] {processor.py:161} INFO - Started process (PID=838) to work on /opt/airflow/dags/mlops_orchestration.py
[2026-04-20T19:17:57.132+0000] {processor.py:830} INFO - Processing file /opt/airflow/dags/mlops_orchestration.py for tasks to queue
[2026-04-20T19:17:57.134+0000] {logging_mixin.py:188} INFO - [2026-04-20T19:17:57.134+0000] {dagbag.py:545} INFO - Filling up the DagBag from /opt/airflow/dags/mlops_orchestration.py
[2026-04-20T19:17:57.153+0000] {processor.py:840} INFO - DAG(s) 'mlops_orchestration' retrieved from /opt/airflow/dags/mlops_orchestration.py
[2026-04-20T19:17:57.181+0000] {logging_mixin.py:188} INFO - [2026-04-20T19:17:57.181+0000] {dag.py:3096} INFO - Sync 1 DAGs
[2026-04-20T19:17:57.200+0000] {logging_mixin.py:188} INFO - [2026-04-20T19:17:57.200+0000] {dag.py:3954} INFO - Setting next_dagrun for mlops_orchestration to 2026-04-19 02:00:00+00:00, run_after=2026-04-20 02:00:00+00:00
[2026-04-20T19:17:57.219+0000] {processor.py:183} INFO - Processing /opt/airflow/dags/mlops_orchestration.py took 0.094 seconds
[2026-04-20T19:18:27.398+0000] {processor.py:161} INFO - Started process (PID=839) to work on /opt/airflow/dags/mlops_orchestration.py
[2026-04-20T19:18:27.399+0000] {processor.py:830} INFO - Processing file /opt/airflow/dags/mlops_orchestration.py for tasks to queue
[2026-04-20T19:18:27.402+0000] {logging_mixin.py:188} INFO - [2026-04-20T19:18:27.401+0000] {dagbag.py:545} INFO - Filling up the DagBag from /opt/airflow/dags/mlops_orchestration.py
[2026-04-20T19:18:27.423+0000] {processor.py:840} INFO - DAG(s) 'mlops_orchestration' retrieved from /opt/airflow/dags/mlops_orchestration.py
[2026-04-20T19:18:27.453+0000] {logging_mixin.py:188} INFO - [2026-04-20T19:18:27.453+0000] {dag.py:3096} INFO - Sync 1 DAGs
[2026-04-20T19:18:27.472+0000] {logging_mixin.py:188} INFO - [2026-04-20T19:18:27.472+0000] {dag.py:3954} INFO - Setting next_dagrun for mlops_orchestration to 2026-04-19 02:00:00+00:00, run_after=2026-04-20 02:00:00+00:00
[2026-04-20T19:18:27.495+0000] {processor.py:183} INFO - Processing /opt/airflow/dags/mlops_orchestration.py took 0.102 seconds
[2026-04-20T19:18:57.695+0000] {processor.py:161} INFO - Started process (PID=840) to work on /opt/airflow/dags/mlops_orchestration.py
[2026-04-20T19:18:57.696+0000] {processor.py:830} INFO - Processing file /opt/airflow/dags/mlops_orchestration.py for tasks to queue
[2026-04-20T19:18:57.697+0000] {logging_mixin.py:188} INFO - [2026-04-20T19:18:57.697+0000] {dagbag.py:545} INFO - Filling up the DagBag from /opt/airflow/dags/mlops_orchestration.py
[2026-04-20T19:18:57.718+0000] {processor.py:840} INFO - DAG(s) 'mlops_orchestration' retrieved from /opt/airflow/dags/mlops_orchestration.py
[2026-04-20T19:18:57.745+0000] {logging_mixin.py:188} INFO - [2026-04-20T19:18:57.745+0000] {dag.py:3096} INFO - Sync 1 DAGs
[2026-04-20T19:18:57.763+0000] {logging_mixin.py:188} INFO - [2026-04-20T19:18:57.762+0000] {dag.py:3954} INFO - Setting next_dagrun for mlops_orchestration to 2026-04-19 02:00:00+00:00, run_after=2026-04-20 02:00:00+00:00
[2026-04-20T19:18:57.799+0000] {processor.py:183} INFO - Processing /opt/airflow/dags/mlops_orchestration.py took 0.118 seconds
[2026-04-20T19:19:27.989+0000] {processor.py:161} INFO - Started process (PID=841) to work on /opt/airflow/dags/mlops_orchestration.py
[2026-04-20T19:19:27.990+0000] {processor.py:830} INFO - Processing file /opt/airflow/dags/mlops_orchestration.py for tasks to queue
[2026-04-20T19:19:27.992+0000] {logging_mixin.py:188} INFO - [2026-04-20T19:19:27.992+0000] {dagbag.py:545} INFO - Filling up the DagBag from /opt/airflow/dags/mlops_orchestration.py
[2026-04-20T19:19:28.011+0000] {processor.py:840} INFO - DAG(s) 'mlops_orchestration' retrieved from /opt/airflow/dags/mlops_orchestration.py
[2026-04-20T19:19:28.038+0000] {logging_mixin.py:188} INFO - [2026-04-20T19:19:28.038+0000] {dag.py:3096} INFO - Sync 1 DAGs
[2026-04-20T19:19:28.055+0000] {logging_mixin.py:188} INFO - [2026-04-20T19:19:28.055+0000] {dag.py:3954} INFO - Setting next_dagrun for mlops_orchestration to 2026-04-19 02:00:00+00:00, run_after=2026-04-20 02:00:00+00:00
[2026-04-20T19:19:28.073+0000] {processor.py:183} INFO - Processing /opt/airflow/dags/mlops_orchestration.py took 0.089 seconds
[2026-04-20T19:19:58.181+0000] {processor.py:161} INFO - Started process (PID=842) to work on /opt/airflow/dags/mlops_orchestration.py
[2026-04-20T19:19:58.182+0000] {processor.py:830} INFO - Processing file /opt/airflow/dags/mlops_orchestration.py for tasks to queue
[2026-04-20T19:19:58.184+0000] {logging_mixin.py:188} INFO - [2026-04-20T19:19:58.184+0000] {dagbag.py:545} INFO - Filling up the DagBag from /opt/airflow/dags/mlops_orchestration.py
[2026-04-20T19:19:58.204+0000] {processor.py:840} INFO - DAG(s) 'mlops_orchestration' retrieved from /opt/airflow/dags/mlops_orchestration.py
[2026-04-20T19:19:58.234+0000] {logging_mixin.py:188} INFO - [2026-04-20T19:19:58.234+0000] {dag.py:3096} INFO - Sync 1 DAGs
[2026-04-20T19:19:58.252+0000] {logging_mixin.py:188} INFO - [2026-04-20T19:19:58.251+0000] {dag.py:3954} INFO - Setting next_dagrun for mlops_orchestration to 2026-04-19 02:00:00+00:00, run_after=2026-04-20 02:00:00+00:00
[2026-04-20T19:19:58.271+0000] {processor.py:183} INFO - Processing /opt/airflow/dags/mlops_orchestration.py took 0.100 seconds
[2026-04-20T19:20:28.456+0000] {processor.py:161} INFO - Started process (PID=843) to work on /opt/airflow/dags/mlops_orchestration.py
[2026-04-20T19:20:28.457+0000] {processor.py:830} INFO - Processing file /opt/airflow/dags/mlops_orchestration.py for tasks to queue
[2026-04-20T19:20:28.459+0000] {logging_mixin.py:188} INFO - [2026-04-20T19:20:28.459+0000] {dagbag.py:545} INFO - Filling up the DagBag from /opt/airflow/dags/mlops_orchestration.py
[2026-04-20T19:20:28.478+0000] {processor.py:840} INFO - DAG(s) 'mlops_orchestration' retrieved from /opt/airflow/dags/mlops_orchestration.py
[2026-04-20T19:20:28.507+0000] {logging_mixin.py:188} INFO - [2026-04-20T19:20:28.507+0000] {dag.py:3096} INFO - Sync 1 DAGs
[2026-04-20T19:20:28.524+0000] {logging_mixin.py:188} INFO - [2026-04-20T19:20:28.524+0000] {dag.py:3954} INFO - Setting next_dagrun for mlops_orchestration to 2026-04-19 02:00:00+00:00, run_after=2026-04-20 02:00:00+00:00
[2026-04-20T19:20:28.545+0000] {processor.py:183} INFO - Processing /opt/airflow/dags/mlops_orchestration.py took 0.093 seconds
[2026-04-20T19:20:58.763+0000] {processor.py:161} INFO - Started process (PID=844) to work on /opt/airflow/dags/mlops_orchestration.py
[2026-04-20T19:20:58.764+0000] {processor.py:830} INFO - Processing file /opt/airflow/dags/mlops_orchestration.py for tasks to queue
[2026-04-20T19:20:58.766+0000] {logging_mixin.py:188} INFO - [2026-04-20T19:20:58.765+0000] {dagbag.py:545} INFO - Filling up the DagBag from /opt/airflow/dags/mlops_orchestration.py
[2026-04-20T19:20:58.784+0000] {processor.py:840} INFO - DAG(s) 'mlops_orchestration' retrieved from /opt/airflow/dags/mlops_orchestration.py
[2026-04-20T19:20:58.813+0000] {logging_mixin.py:188} INFO - [2026-04-20T19:20:58.812+0000] {dag.py:3096} INFO - Sync 1 DAGs
[2026-04-20T19:20:58.829+0000] {logging_mixin.py:188} INFO - [2026-04-20T19:20:58.828+0000] {dag.py:3954} INFO - Setting next_dagrun for mlops_orchestration to 2026-04-19 02:00:00+00:00, run_after=2026-04-20 02:00:00+00:00
[2026-04-20T19:20:58.848+0000] {processor.py:183} INFO - Processing /opt/airflow/dags/mlops_orchestration.py took 0.090 seconds
[2026-04-20T19:21:28.995+0000] {processor.py:161} INFO - Started process (PID=845) to work on /opt/airflow/dags/mlops_orchestration.py
[2026-04-20T19:21:28.996+0000] {processor.py:830} INFO - Processing file /opt/airflow/dags/mlops_orchestration.py for tasks to queue
[2026-04-20T19:21:28.998+0000] {logging_mixin.py:188} INFO - [2026-04-20T19:21:28.998+0000] {dagbag.py:545} INFO - Filling up the DagBag from /opt/airflow/dags/mlops_orchestration.py
[2026-04-20T19:21:29.021+0000] {processor.py:840} INFO - DAG(s) 'mlops_orchestration' retrieved from /opt/airflow/dags/mlops_orchestration.py
[2026-04-20T19:21:29.052+0000] {logging_mixin.py:188} INFO - [2026-04-20T19:21:29.052+0000] {dag.py:3096} INFO - Sync 1 DAGs
[2026-04-20T19:21:29.070+0000] {logging_mixin.py:188} INFO - [2026-04-20T19:21:29.070+0000] {dag.py:3954} INFO - Setting next_dagrun for mlops_orchestration to 2026-04-19 02:00:00+00:00, run_after=2026-04-20 02:00:00+00:00
[2026-04-20T19:21:29.090+0000] {processor.py:183} INFO - Processing /opt/airflow/dags/mlops_orchestration.py took 0.101 seconds
[2026-04-20T19:21:59.216+0000] {processor.py:161} INFO - Started process (PID=846) to work on /opt/airflow/dags/mlops_orchestration.py
[2026-04-20T19:21:59.217+0000] {processor.py:830} INFO - Processing file /opt/airflow/dags/mlops_orchestration.py for tasks to queue
[2026-04-20T19:21:59.219+0000] {logging_mixin.py:188} INFO - [2026-04-20T19:21:59.219+0000] {dagbag.py:545} INFO - Filling up the DagBag from /opt/airflow/dags/mlops_orchestration.py
[2026-04-20T19:21:59.238+0000] {processor.py:840} INFO - DAG(s) 'mlops_orchestration' retrieved from /opt/airflow/dags/mlops_orchestration.py
[2026-04-20T19:21:59.268+0000] {logging_mixin.py:188} INFO - [2026-04-20T19:21:59.268+0000] {dag.py:3096} INFO - Sync 1 DAGs
[2026-04-20T19:21:59.286+0000] {logging_mixin.py:188} INFO - [2026-04-20T19:21:59.285+0000] {dag.py:3954} INFO - Setting next_dagrun for mlops_orchestration to 2026-04-19 02:00:00+00:00, run_after=2026-04-20 02:00:00+00:00
[2026-04-20T19:21:59.309+0000] {processor.py:183} INFO - Processing /opt/airflow/dags/mlops_orchestration.py took 0.098 seconds
[2026-04-20T19:22:29.506+0000] {processor.py:161} INFO - Started process (PID=847) to work on /opt/airflow/dags/mlops_orchestration.py
[2026-04-20T19:22:29.508+0000] {processor.py:830} INFO - Processing file /opt/airflow/dags/mlops_orchestration.py for tasks to queue
[2026-04-20T19:22:29.510+0000] {logging_mixin.py:188} INFO - [2026-04-20T19:22:29.509+0000] {dagbag.py:545} INFO - Filling up the DagBag from /opt/airflow/dags/mlops_orchestration.py
[2026-04-20T19:22:29.531+0000] {processor.py:840} INFO - DAG(s) 'mlops_orchestration' retrieved from /opt/airflow/dags/mlops_orchestration.py
[2026-04-20T19:22:29.560+0000] {logging_mixin.py:188} INFO - [2026-04-20T19:22:29.559+0000] {dag.py:3096} INFO - Sync 1 DAGs
[2026-04-20T19:22:29.577+0000] {logging_mixin.py:188} INFO - [2026-04-20T19:22:29.577+0000] {dag.py:3954} INFO - Setting next_dagrun for mlops_orchestration to 2026-04-19 02:00:00+00:00, run_after=2026-04-20 02:00:00+00:00
[2026-04-20T19:22:29.598+0000] {processor.py:183} INFO - Processing /opt/airflow/dags/mlops_orchestration.py took 0.097 seconds
[2026-04-20T19:22:59.785+0000] {processor.py:161} INFO - Started process (PID=848) to work on /opt/airflow/dags/mlops_orchestration.py
[2026-04-20T19:22:59.786+0000] {processor.py:830} INFO - Processing file /opt/airflow/dags/mlops_orchestration.py for tasks to queue
[2026-04-20T19:22:59.788+0000] {logging_mixin.py:188} INFO - [2026-04-20T19:22:59.788+0000] {dagbag.py:545} INFO - Filling up the DagBag from /opt/airflow/dags/mlops_orchestration.py
[2026-04-20T19:22:59.813+0000] {processor.py:840} INFO - DAG(s) 'mlops_orchestration' retrieved from /opt/airflow/dags/mlops_orchestration.py
[2026-04-20T19:22:59.843+0000] {logging_mixin.py:188} INFO - [2026-04-20T19:22:59.842+0000] {dag.py:3096} INFO - Sync 1 DAGs
[2026-04-20T19:22:59.866+0000] {logging_mixin.py:188} INFO - [2026-04-20T19:22:59.865+0000] {dag.py:3954} INFO - Setting next_dagrun for mlops_orchestration to 2026-04-19 02:00:00+00:00, run_after=2026-04-20 02:00:00+00:00
[2026-04-20T19:22:59.888+0000] {processor.py:183} INFO - Processing /opt/airflow/dags/mlops_orchestration.py took 0.108 seconds
[2026-04-20T19:23:30.070+0000] {processor.py:161} INFO - Started process (PID=849) to work on /opt/airflow/dags/mlops_orchestration.py
[2026-04-20T19:23:30.071+0000] {processor.py:830} INFO - Processing file /opt/airflow/dags/mlops_orchestration.py for tasks to queue
[2026-04-20T19:23:30.073+0000] {logging_mixin.py:188} INFO - [2026-04-20T19:23:30.072+0000] {dagbag.py:545} INFO - Filling up the DagBag from /opt/airflow/dags/mlops_orchestration.py
[2026-04-20T19:23:30.094+0000] {processor.py:840} INFO - DAG(s) 'mlops_orchestration' retrieved from /opt/airflow/dags/mlops_orchestration.py
[2026-04-20T19:23:30.124+0000] {logging_mixin.py:188} INFO - [2026-04-20T19:23:30.123+0000] {dag.py:3096} INFO - Sync 1 DAGs
[2026-04-20T19:23:30.148+0000] {logging_mixin.py:188} INFO - [2026-04-20T19:23:30.147+0000] {dag.py:3954} INFO - Setting next_dagrun for mlops_orchestration to 2026-04-19 02:00:00+00:00, run_after=2026-04-20 02:00:00+00:00
[2026-04-20T19:23:30.170+0000] {processor.py:183} INFO - Processing /opt/airflow/dags/mlops_orchestration.py took 0.106 seconds
[2026-04-20T19:24:00.357+0000] {processor.py:161} INFO - Started process (PID=850) to work on /opt/airflow/dags/mlops_orchestration.py
[2026-04-20T19:24:00.358+0000] {processor.py:830} INFO - Processing file /opt/airflow/dags/mlops_orchestration.py for tasks to queue
[2026-04-20T19:24:00.360+0000] {logging_mixin.py:188} INFO - [2026-04-20T19:24:00.359+0000] {dagbag.py:545} INFO - Filling up the DagBag from /opt/airflow/dags/mlops_orchestration.py
[2026-04-20T19:24:00.378+0000] {processor.py:840} INFO - DAG(s) 'mlops_orchestration' retrieved from /opt/airflow/dags/mlops_orchestration.py
[2026-04-20T19:24:00.406+0000] {logging_mixin.py:188} INFO - [2026-04-20T19:24:00.406+0000] {dag.py:3096} INFO - Sync 1 DAGs
[2026-04-20T19:24:00.423+0000] {logging_mixin.py:188} INFO - [2026-04-20T19:24:00.423+0000] {dag.py:3954} INFO - Setting next_dagrun for mlops_orchestration to 2026-04-19 02:00:00+00:00, run_after=2026-04-20 02:00:00+00:00
[2026-04-20T19:24:00.442+0000] {processor.py:183} INFO - Processing /opt/airflow/dags/mlops_orchestration.py took 0.092 seconds
[2026-04-20T19:24:30.650+0000] {processor.py:161} INFO - Started process (PID=851) to work on /opt/airflow/dags/mlops_orchestration.py
[2026-04-20T19:24:30.651+0000] {processor.py:830} INFO - Processing file /opt/airflow/dags/mlops_orchestration.py for tasks to queue
[2026-04-20T19:24:30.653+0000] {logging_mixin.py:188} INFO - [2026-04-20T19:24:30.653+0000] {dagbag.py:545} INFO - Filling up the DagBag from /opt/airflow/dags/mlops_orchestration.py
[2026-04-20T19:24:30.676+0000] {processor.py:840} INFO - DAG(s) 'mlops_orchestration' retrieved from /opt/airflow/dags/mlops_orchestration.py
[2026-04-20T19:24:30.705+0000] {logging_mixin.py:188} INFO - [2026-04-20T19:24:30.704+0000] {dag.py:3096} INFO - Sync 1 DAGs
[2026-04-20T19:24:30.722+0000] {logging_mixin.py:188} INFO - [2026-04-20T19:24:30.722+0000] {dag.py:3954} INFO - Setting next_dagrun for mlops_orchestration to 2026-04-19 02:00:00+00:00, run_after=2026-04-20 02:00:00+00:00
[2026-04-20T19:24:30.743+0000] {processor.py:183} INFO - Processing /opt/airflow/dags/mlops_orchestration.py took 0.098 seconds
[2026-04-20T19:25:00.932+0000] {processor.py:161} INFO - Started process (PID=852) to work on /opt/airflow/dags/mlops_orchestration.py
[2026-04-20T19:25:00.933+0000] {processor.py:830} INFO - Processing file /opt/airflow/dags/mlops_orchestration.py for tasks to queue
[2026-04-20T19:25:00.935+0000] {logging_mixin.py:188} INFO - [2026-04-20T19:25:00.934+0000] {dagbag.py:545} INFO - Filling up the DagBag from /opt/airflow/dags/mlops_orchestration.py
[2026-04-20T19:25:00.953+0000] {processor.py:840} INFO - DAG(s) 'mlops_orchestration' retrieved from /opt/airflow/dags/mlops_orchestration.py
[2026-04-20T19:25:00.982+0000] {logging_mixin.py:188} INFO - [2026-04-20T19:25:00.981+0000] {dag.py:3096} INFO - Sync 1 DAGs
[2026-04-20T19:25:00.998+0000] {logging_mixin.py:188} INFO - [2026-04-20T19:25:00.998+0000] {dag.py:3954} INFO - Setting next_dagrun for mlops_orchestration to 2026-04-19 02:00:00+00:00, run_after=2026-04-20 02:00:00+00:00
[2026-04-20T19:25:01.021+0000] {processor.py:183} INFO - Processing /opt/airflow/dags/mlops_orchestration.py took 0.094 seconds
[2026-04-20T19:25:31.218+0000] {processor.py:161} INFO - Started process (PID=853) to work on /opt/airflow/dags/mlops_orchestration.py
[2026-04-20T19:25:31.219+0000] {processor.py:830} INFO - Processing file /opt/airflow/dags/mlops_orchestration.py for tasks to queue
[2026-04-20T19:25:31.221+0000] {logging_mixin.py:188} INFO - [2026-04-20T19:25:31.221+0000] {dagbag.py:545} INFO - Filling up the DagBag from /opt/airflow/dags/mlops_orchestration.py
[2026-04-20T19:25:31.239+0000] {processor.py:840} INFO - DAG(s) 'mlops_orchestration' retrieved from /opt/airflow/dags/mlops_orchestration.py
[2026-04-20T19:25:31.266+0000] {logging_mixin.py:188} INFO - [2026-04-20T19:25:31.266+0000] {dag.py:3096} INFO - Sync 1 DAGs
[2026-04-20T19:25:31.283+0000] {logging_mixin.py:188} INFO - [2026-04-20T19:25:31.283+0000] {dag.py:3954} INFO - Setting next_dagrun for mlops_orchestration to 2026-04-19 02:00:00+00:00, run_after=2026-04-20 02:00:00+00:00
[2026-04-20T19:25:31.305+0000] {processor.py:183} INFO - Processing /opt/airflow/dags/mlops_orchestration.py took 0.092 seconds
[2026-04-20T19:26:01.403+0000] {processor.py:161} INFO - Started process (PID=854) to work on /opt/airflow/dags/mlops_orchestration.py
[2026-04-20T19:26:01.407+0000] {processor.py:830} INFO - Processing file /opt/airflow/dags/mlops_orchestration.py for tasks to queue
[2026-04-20T19:26:01.409+0000] {logging_mixin.py:188} INFO - [2026-04-20T19:26:01.409+0000] {dagbag.py:545} INFO - Filling up the DagBag from /opt/airflow/dags/mlops_orchestration.py
[2026-04-20T19:26:01.429+0000] {processor.py:840} INFO - DAG(s) 'mlops_orchestration' retrieved from /opt/airflow/dags/mlops_orchestration.py
[2026-04-20T19:26:01.458+0000] {logging_mixin.py:188} INFO - [2026-04-20T19:26:01.458+0000] {dag.py:3096} INFO - Sync 1 DAGs
[2026-04-20T19:26:01.478+0000] {logging_mixin.py:188} INFO - [2026-04-20T19:26:01.478+0000] {dag.py:3954} INFO - Setting next_dagrun for mlops_orchestration to 2026-04-19 02:00:00+00:00, run_after=2026-04-20 02:00:00+00:00
[2026-04-20T19:26:01.498+0000] {processor.py:183} INFO - Processing /opt/airflow/dags/mlops_orchestration.py took 0.100 seconds
[2026-04-20T19:26:31.697+0000] {processor.py:161} INFO - Started process (PID=855) to work on /opt/airflow/dags/mlops_orchestration.py
[2026-04-20T19:26:31.698+0000] {processor.py:830} INFO - Processing file /opt/airflow/dags/mlops_orchestration.py for tasks to queue
[2026-04-20T19:26:31.700+0000] {logging_mixin.py:188} INFO - [2026-04-20T19:26:31.699+0000] {dagbag.py:545} INFO - Filling up the DagBag from /opt/airflow/dags/mlops_orchestration.py
[2026-04-20T19:26:31.721+0000] {processor.py:840} INFO - DAG(s) 'mlops_orchestration' retrieved from /opt/airflow/dags/mlops_orchestration.py
[2026-04-20T19:26:31.749+0000] {logging_mixin.py:188} INFO - [2026-04-20T19:26:31.749+0000] {dag.py:3096} INFO - Sync 1 DAGs
[2026-04-20T19:26:31.766+0000] {logging_mixin.py:188} INFO - [2026-04-20T19:26:31.766+0000] {dag.py:3954} INFO - Setting next_dagrun for mlops_orchestration to 2026-04-19 02:00:00+00:00, run_after=2026-04-20 02:00:00+00:00
[2026-04-20T19:26:31.786+0000] {processor.py:183} INFO - Processing /opt/airflow/dags/mlops_orchestration.py took 0.095 seconds
[2026-04-20T19:27:01.977+0000] {processor.py:161} INFO - Started process (PID=856) to work on /opt/airflow/dags/mlops_orchestration.py
[2026-04-20T19:27:01.978+0000] {processor.py:830} INFO - Processing file /opt/airflow/dags/mlops_orchestration.py for tasks to queue
[2026-04-20T19:27:01.980+0000] {logging_mixin.py:188} INFO - [2026-04-20T19:27:01.980+0000] {dagbag.py:545} INFO - Filling up the DagBag from /opt/airflow/dags/mlops_orchestration.py
[2026-04-20T19:27:02.003+0000] {processor.py:840} INFO - DAG(s) 'mlops_orchestration' retrieved from /opt/airflow/dags/mlops_orchestration.py
[2026-04-20T19:27:02.037+0000] {logging_mixin.py:188} INFO - [2026-04-20T19:27:02.037+0000] {dag.py:3096} INFO - Sync 1 DAGs
[2026-04-20T19:27:02.060+0000] {logging_mixin.py:188} INFO - [2026-04-20T19:27:02.059+0000] {dag.py:3954} INFO - Setting next_dagrun for mlops_orchestration to 2026-04-19 02:00:00+00:00, run_after=2026-04-20 02:00:00+00:00
[2026-04-20T19:27:02.082+0000] {processor.py:183} INFO - Processing /opt/airflow/dags/mlops_orchestration.py took 0.110 seconds
[2026-04-20T19:27:32.264+0000] {processor.py:161} INFO - Started process (PID=857) to work on /opt/airflow/dags/mlops_orchestration.py
[2026-04-20T19:27:32.265+0000] {processor.py:830} INFO - Processing file /opt/airflow/dags/mlops_orchestration.py for tasks to queue
[2026-04-20T19:27:32.267+0000] {logging_mixin.py:188} INFO - [2026-04-20T19:27:32.266+0000] {dagbag.py:545} INFO - Filling up the DagBag from /opt/airflow/dags/mlops_orchestration.py
[2026-04-20T19:27:32.292+0000] {processor.py:840} INFO - DAG(s) 'mlops_orchestration' retrieved from /opt/airflow/dags/mlops_orchestration.py
[2026-04-20T19:27:32.321+0000] {logging_mixin.py:188} INFO - [2026-04-20T19:27:32.321+0000] {dag.py:3096} INFO - Sync 1 DAGs
[2026-04-20T19:27:32.337+0000] {logging_mixin.py:188} INFO - [2026-04-20T19:27:32.337+0000] {dag.py:3954} INFO - Setting next_dagrun for mlops_orchestration to 2026-04-19 02:00:00+00:00, run_after=2026-04-20 02:00:00+00:00
[2026-04-20T19:27:32.357+0000] {processor.py:183} INFO - Processing /opt/airflow/dags/mlops_orchestration.py took 0.098 seconds
[2026-04-20T19:28:02.559+0000] {processor.py:161} INFO - Started process (PID=858) to work on /opt/airflow/dags/mlops_orchestration.py
[2026-04-20T19:28:02.560+0000] {processor.py:830} INFO - Processing file /opt/airflow/dags/mlops_orchestration.py for tasks to queue
[2026-04-20T19:28:02.562+0000] {logging_mixin.py:188} INFO - [2026-04-20T19:28:02.562+0000] {dagbag.py:545} INFO - Filling up the DagBag from /opt/airflow/dags/mlops_orchestration.py
[2026-04-20T19:28:02.581+0000] {processor.py:840} INFO - DAG(s) 'mlops_orchestration' retrieved from /opt/airflow/dags/mlops_orchestration.py
[2026-04-20T19:28:02.610+0000] {logging_mixin.py:188} INFO - [2026-04-20T19:28:02.609+0000] {dag.py:3096} INFO - Sync 1 DAGs
[2026-04-20T19:28:02.626+0000] {logging_mixin.py:188} INFO - [2026-04-20T19:28:02.625+0000] {dag.py:3954} INFO - Setting next_dagrun for mlops_orchestration to 2026-04-19 02:00:00+00:00, run_after=2026-04-20 02:00:00+00:00
[2026-04-20T19:28:02.648+0000] {processor.py:183} INFO - Processing /opt/airflow/dags/mlops_orchestration.py took 0.094 seconds
[2026-04-20T19:28:32.854+0000] {processor.py:161} INFO - Started process (PID=859) to work on /opt/airflow/dags/mlops_orchestration.py
[2026-04-20T19:28:32.855+0000] {processor.py:830} INFO - Processing file /opt/airflow/dags/mlops_orchestration.py for tasks to queue
[2026-04-20T19:28:32.858+0000] {logging_mixin.py:188} INFO - [2026-04-20T19:28:32.857+0000] {dagbag.py:545} INFO - Filling up the DagBag from /opt/airflow/dags/mlops_orchestration.py
[2026-04-20T19:28:32.883+0000] {processor.py:840} INFO - DAG(s) 'mlops_orchestration' retrieved from /opt/airflow/dags/mlops_orchestration.py
[2026-04-20T19:28:32.915+0000] {logging_mixin.py:188} INFO - [2026-04-20T19:28:32.915+0000] {dag.py:3096} INFO - Sync 1 DAGs
[2026-04-20T19:28:32.934+0000] {logging_mixin.py:188} INFO - [2026-04-20T19:28:32.934+0000] {dag.py:3954} INFO - Setting next_dagrun for mlops_orchestration to 2026-04-19 02:00:00+00:00, run_after=2026-04-20 02:00:00+00:00
[2026-04-20T19:28:32.957+0000] {processor.py:183} INFO - Processing /opt/airflow/dags/mlops_orchestration.py took 0.110 seconds
[2026-04-20T19:29:03.139+0000] {processor.py:161} INFO - Started process (PID=860) to work on /opt/airflow/dags/mlops_orchestration.py
[2026-04-20T19:29:03.140+0000] {processor.py:830} INFO - Processing file /opt/airflow/dags/mlops_orchestration.py for tasks to queue
[2026-04-20T19:29:03.142+0000] {logging_mixin.py:188} INFO - [2026-04-20T19:29:03.142+0000] {dagbag.py:545} INFO - Filling up the DagBag from /opt/airflow/dags/mlops_orchestration.py
[2026-04-20T19:29:03.160+0000] {processor.py:840} INFO - DAG(s) 'mlops_orchestration' retrieved from /opt/airflow/dags/mlops_orchestration.py
[2026-04-20T19:29:03.191+0000] {logging_mixin.py:188} INFO - [2026-04-20T19:29:03.191+0000] {dag.py:3096} INFO - Sync 1 DAGs
[2026-04-20T19:29:03.210+0000] {logging_mixin.py:188} INFO - [2026-04-20T19:29:03.209+0000] {dag.py:3954} INFO - Setting next_dagrun for mlops_orchestration to 2026-04-19 02:00:00+00:00, run_after=2026-04-20 02:00:00+00:00
[2026-04-20T19:29:03.229+0000] {processor.py:183} INFO - Processing /opt/airflow/dags/mlops_orchestration.py took 0.094 seconds
[2026-04-20T19:29:33.433+0000] {processor.py:161} INFO - Started process (PID=861) to work on /opt/airflow/dags/mlops_orchestration.py
[2026-04-20T19:29:33.434+0000] {processor.py:830} INFO - Processing file /opt/airflow/dags/mlops_orchestration.py for tasks to queue
[2026-04-20T19:29:33.436+0000] {logging_mixin.py:188} INFO - [2026-04-20T19:29:33.436+0000] {dagbag.py:545} INFO - Filling up the DagBag from /opt/airflow/dags/mlops_orchestration.py
[2026-04-20T19:29:33.454+0000] {processor.py:840} INFO - DAG(s) 'mlops_orchestration' retrieved from /opt/airflow/dags/mlops_orchestration.py
[2026-04-20T19:29:33.483+0000] {logging_mixin.py:188} INFO - [2026-04-20T19:29:33.483+0000] {dag.py:3096} INFO - Sync 1 DAGs
[2026-04-20T19:29:33.501+0000] {logging_mixin.py:188} INFO - [2026-04-20T19:29:33.500+0000] {dag.py:3954} INFO - Setting next_dagrun for mlops_orchestration to 2026-04-19 02:00:00+00:00, run_after=2026-04-20 02:00:00+00:00
[2026-04-20T19:29:33.518+0000] {processor.py:183} INFO - Processing /opt/airflow/dags/mlops_orchestration.py took 0.091 seconds
[2026-04-20T19:30:03.625+0000] {processor.py:161} INFO - Started process (PID=862) to work on /opt/airflow/dags/mlops_orchestration.py
[2026-04-20T19:30:03.626+0000] {processor.py:830} INFO - Processing file /opt/airflow/dags/mlops_orchestration.py for tasks to queue
[2026-04-20T19:30:03.628+0000] {logging_mixin.py:188} INFO - [2026-04-20T19:30:03.628+0000] {dagbag.py:545} INFO - Filling up the DagBag from /opt/airflow/dags/mlops_orchestration.py
[2026-04-20T19:30:03.650+0000] {processor.py:840} INFO - DAG(s) 'mlops_orchestration' retrieved from /opt/airflow/dags/mlops_orchestration.py
[2026-04-20T19:30:03.680+0000] {logging_mixin.py:188} INFO - [2026-04-20T19:30:03.680+0000] {dag.py:3096} INFO - Sync 1 DAGs
[2026-04-20T19:30:03.696+0000] {logging_mixin.py:188} INFO - [2026-04-20T19:30:03.696+0000] {dag.py:3954} INFO - Setting next_dagrun for mlops_orchestration to 2026-04-19 02:00:00+00:00, run_after=2026-04-20 02:00:00+00:00
[2026-04-20T19:30:03.718+0000] {processor.py:183} INFO - Processing /opt/airflow/dags/mlops_orchestration.py took 0.098 seconds
